repo,entity,field_path,records_total,presence_rate,null_rate,empty_string_rate,observed_types
apache_cassandra,commits,author,696,2.87,100.0,0.0,NoneType
apache_cassandra,commits,author.avatar_url,696,97.13,0.0,0.0,str
apache_cassandra,commits,author.events_url,696,97.13,0.0,0.0,str
apache_cassandra,commits,author.followers_url,696,97.13,0.0,0.0,str
apache_cassandra,commits,author.following_url,696,97.13,0.0,0.0,str
apache_cassandra,commits,author.gists_url,696,97.13,0.0,0.0,str
apache_cassandra,commits,author.gravatar_id,696,97.13,0.0,100.0,str
apache_cassandra,commits,author.html_url,696,97.13,0.0,0.0,str
apache_cassandra,commits,author.id,696,97.13,0.0,0.0,int
apache_cassandra,commits,author.login,696,97.13,0.0,0.0,str
apache_cassandra,commits,author.node_id,696,97.13,0.0,0.0,str
apache_cassandra,commits,author.organizations_url,696,97.13,0.0,0.0,str
apache_cassandra,commits,author.received_events_url,696,97.13,0.0,0.0,str
apache_cassandra,commits,author.repos_url,696,97.13,0.0,0.0,str
apache_cassandra,commits,author.site_admin,696,97.13,0.0,0.0,bool
apache_cassandra,commits,author.starred_url,696,97.13,0.0,0.0,str
apache_cassandra,commits,author.subscriptions_url,696,97.13,0.0,0.0,str
apache_cassandra,commits,author.type,696,97.13,0.0,0.0,str
apache_cassandra,commits,author.url,696,97.13,0.0,0.0,str
apache_cassandra,commits,author.user_view_type,696,97.13,0.0,0.0,str
apache_cassandra,commits,comments_url,696,100.0,0.0,0.0,str
apache_cassandra,commits,commit.author.date,696,100.0,0.0,0.0,str
apache_cassandra,commits,commit.author.email,696,100.0,0.0,0.0,str
apache_cassandra,commits,commit.author.name,696,100.0,0.0,0.0,str
apache_cassandra,commits,commit.comment_count,696,100.0,0.0,0.0,int
apache_cassandra,commits,commit.committer.date,696,100.0,0.0,0.0,str
apache_cassandra,commits,commit.committer.email,696,100.0,0.0,0.0,str
apache_cassandra,commits,commit.committer.name,696,100.0,0.0,0.0,str
apache_cassandra,commits,commit.message,696,100.0,0.0,0.0,str
apache_cassandra,commits,commit.tree.sha,696,100.0,0.0,0.0,str
apache_cassandra,commits,commit.tree.url,696,100.0,0.0,0.0,str
apache_cassandra,commits,commit.url,696,100.0,0.0,0.0,str
apache_cassandra,commits,commit.verification.payload,696,100.0,53.59,0.0,NoneType|str
apache_cassandra,commits,commit.verification.reason,696,100.0,0.0,0.0,str
apache_cassandra,commits,commit.verification.signature,696,100.0,53.59,0.0,NoneType|str
apache_cassandra,commits,commit.verification.verified,696,100.0,0.0,0.0,bool
apache_cassandra,commits,commit.verification.verified_at,696,100.0,53.74,0.0,NoneType|str
apache_cassandra,commits,committer,696,0.14,100.0,0.0,NoneType
apache_cassandra,commits,committer.avatar_url,696,99.86,0.0,0.0,str
apache_cassandra,commits,committer.events_url,696,99.86,0.0,0.0,str
apache_cassandra,commits,committer.followers_url,696,99.86,0.0,0.0,str
apache_cassandra,commits,committer.following_url,696,99.86,0.0,0.0,str
apache_cassandra,commits,committer.gists_url,696,99.86,0.0,0.0,str
apache_cassandra,commits,committer.gravatar_id,696,99.86,0.0,100.0,str
apache_cassandra,commits,committer.html_url,696,99.86,0.0,0.0,str
apache_cassandra,commits,committer.id,696,99.86,0.0,0.0,int
apache_cassandra,commits,committer.login,696,99.86,0.0,0.0,str
apache_cassandra,commits,committer.node_id,696,99.86,0.0,0.0,str
apache_cassandra,commits,committer.organizations_url,696,99.86,0.0,0.0,str
apache_cassandra,commits,committer.received_events_url,696,99.86,0.0,0.0,str
apache_cassandra,commits,committer.repos_url,696,99.86,0.0,0.0,str
apache_cassandra,commits,committer.site_admin,696,99.86,0.0,0.0,bool
apache_cassandra,commits,committer.starred_url,696,99.86,0.0,0.0,str
apache_cassandra,commits,committer.subscriptions_url,696,99.86,0.0,0.0,str
apache_cassandra,commits,committer.type,696,99.86,0.0,0.0,str
apache_cassandra,commits,committer.url,696,99.86,0.0,0.0,str
apache_cassandra,commits,committer.user_view_type,696,99.86,0.0,0.0,str
apache_cassandra,commits,html_url,696,100.0,0.0,0.0,str
apache_cassandra,commits,node_id,696,100.0,0.0,0.0,str
apache_cassandra,commits,parents,696,100.0,0.0,0.0,list
apache_cassandra,commits,sha,696,100.0,0.0,0.0,str
apache_cassandra,commits,url,696,100.0,0.0,0.0,str
apache_cassandra,issues,active_lock_reason,1130,100.0,100.0,0.0,NoneType
apache_cassandra,issues,assignee,1130,99.38,100.0,0.0,NoneType
apache_cassandra,issues,assignee.avatar_url,1130,0.62,0.0,0.0,str
apache_cassandra,issues,assignee.events_url,1130,0.62,0.0,0.0,str
apache_cassandra,issues,assignee.followers_url,1130,0.62,0.0,0.0,str
apache_cassandra,issues,assignee.following_url,1130,0.62,0.0,0.0,str
apache_cassandra,issues,assignee.gists_url,1130,0.62,0.0,0.0,str
apache_cassandra,issues,assignee.gravatar_id,1130,0.62,0.0,100.0,str
apache_cassandra,issues,assignee.html_url,1130,0.62,0.0,0.0,str
apache_cassandra,issues,assignee.id,1130,0.62,0.0,0.0,int
apache_cassandra,issues,assignee.login,1130,0.62,0.0,0.0,str
apache_cassandra,issues,assignee.node_id,1130,0.62,0.0,0.0,str
apache_cassandra,issues,assignee.organizations_url,1130,0.62,0.0,0.0,str
apache_cassandra,issues,assignee.received_events_url,1130,0.62,0.0,0.0,str
apache_cassandra,issues,assignee.repos_url,1130,0.62,0.0,0.0,str
apache_cassandra,issues,assignee.site_admin,1130,0.62,0.0,0.0,bool
apache_cassandra,issues,assignee.starred_url,1130,0.62,0.0,0.0,str
apache_cassandra,issues,assignee.subscriptions_url,1130,0.62,0.0,0.0,str
apache_cassandra,issues,assignee.type,1130,0.62,0.0,0.0,str
apache_cassandra,issues,assignee.url,1130,0.62,0.0,0.0,str
apache_cassandra,issues,assignee.user_view_type,1130,0.62,0.0,0.0,str
apache_cassandra,issues,assignees,1130,100.0,0.0,0.0,list
apache_cassandra,issues,author_association,1130,100.0,0.0,0.0,str
apache_cassandra,issues,body,1130,100.0,11.77,0.8,NoneType|str
apache_cassandra,issues,closed_at,1130,100.0,46.73,0.0,NoneType|str
apache_cassandra,issues,closed_by,1130,46.73,100.0,0.0,NoneType
apache_cassandra,issues,closed_by.avatar_url,1130,53.27,0.0,0.0,str
apache_cassandra,issues,closed_by.events_url,1130,53.27,0.0,0.0,str
apache_cassandra,issues,closed_by.followers_url,1130,53.27,0.0,0.0,str
apache_cassandra,issues,closed_by.following_url,1130,53.27,0.0,0.0,str
apache_cassandra,issues,closed_by.gists_url,1130,53.27,0.0,0.0,str
apache_cassandra,issues,closed_by.gravatar_id,1130,53.27,0.0,100.0,str
apache_cassandra,issues,closed_by.html_url,1130,53.27,0.0,0.0,str
apache_cassandra,issues,closed_by.id,1130,53.27,0.0,0.0,int
apache_cassandra,issues,closed_by.login,1130,53.27,0.0,0.0,str
apache_cassandra,issues,closed_by.node_id,1130,53.27,0.0,0.0,str
apache_cassandra,issues,closed_by.organizations_url,1130,53.27,0.0,0.0,str
apache_cassandra,issues,closed_by.received_events_url,1130,53.27,0.0,0.0,str
apache_cassandra,issues,closed_by.repos_url,1130,53.27,0.0,0.0,str
apache_cassandra,issues,closed_by.site_admin,1130,53.27,0.0,0.0,bool
apache_cassandra,issues,closed_by.starred_url,1130,53.27,0.0,0.0,str
apache_cassandra,issues,closed_by.subscriptions_url,1130,53.27,0.0,0.0,str
apache_cassandra,issues,closed_by.type,1130,53.27,0.0,0.0,str
apache_cassandra,issues,closed_by.url,1130,53.27,0.0,0.0,str
apache_cassandra,issues,closed_by.user_view_type,1130,53.27,0.0,0.0,str
apache_cassandra,issues,comments,1130,100.0,0.0,0.0,int
apache_cassandra,issues,comments_url,1130,100.0,0.0,0.0,str
apache_cassandra,issues,created_at,1130,100.0,0.0,0.0,str
apache_cassandra,issues,draft,1130,100.0,0.0,0.0,bool
apache_cassandra,issues,events_url,1130,100.0,0.0,0.0,str
apache_cassandra,issues,html_url,1130,100.0,0.0,0.0,str
apache_cassandra,issues,id,1130,100.0,0.0,0.0,int
apache_cassandra,issues,issue_field_values,1130,100.0,0.0,0.0,list
apache_cassandra,issues,labels,1130,100.0,0.0,0.0,list
apache_cassandra,issues,labels_url,1130,100.0,0.0,0.0,str
apache_cassandra,issues,locked,1130,100.0,0.0,0.0,bool
apache_cassandra,issues,milestone,1130,100.0,100.0,0.0,NoneType
apache_cassandra,issues,node_id,1130,100.0,0.0,0.0,str
apache_cassandra,issues,number,1130,100.0,0.0,0.0,int
apache_cassandra,issues,performed_via_github_app,1130,100.0,100.0,0.0,NoneType
apache_cassandra,issues,pull_request.diff_url,1130,100.0,0.0,0.0,str
apache_cassandra,issues,pull_request.html_url,1130,100.0,0.0,0.0,str
apache_cassandra,issues,pull_request.merged_at,1130,100.0,97.35,0.0,NoneType|str
apache_cassandra,issues,pull_request.patch_url,1130,100.0,0.0,0.0,str
apache_cassandra,issues,pull_request.url,1130,100.0,0.0,0.0,str
apache_cassandra,issues,reactions.+1,1130,100.0,0.0,0.0,int
apache_cassandra,issues,reactions.-1,1130,100.0,0.0,0.0,int
apache_cassandra,issues,reactions.confused,1130,100.0,0.0,0.0,int
apache_cassandra,issues,reactions.eyes,1130,100.0,0.0,0.0,int
apache_cassandra,issues,reactions.heart,1130,100.0,0.0,0.0,int
apache_cassandra,issues,reactions.hooray,1130,100.0,0.0,0.0,int
apache_cassandra,issues,reactions.laugh,1130,100.0,0.0,0.0,int
apache_cassandra,issues,reactions.rocket,1130,100.0,0.0,0.0,int
apache_cassandra,issues,reactions.total_count,1130,100.0,0.0,0.0,int
apache_cassandra,issues,reactions.url,1130,100.0,0.0,0.0,str
apache_cassandra,issues,repository_url,1130,100.0,0.0,0.0,str
apache_cassandra,issues,state,1130,100.0,0.0,0.0,str
apache_cassandra,issues,state_reason,1130,100.0,100.0,0.0,NoneType
apache_cassandra,issues,timeline_url,1130,100.0,0.0,0.0,str
apache_cassandra,issues,title,1130,100.0,0.0,0.0,str
apache_cassandra,issues,type,1130,100.0,100.0,0.0,NoneType
apache_cassandra,issues,updated_at,1130,100.0,0.0,0.0,str
apache_cassandra,issues,url,1130,100.0,0.0,0.0,str
apache_cassandra,issues,user.avatar_url,1130,100.0,0.0,0.0,str
apache_cassandra,issues,user.events_url,1130,100.0,0.0,0.0,str
apache_cassandra,issues,user.followers_url,1130,100.0,0.0,0.0,str
apache_cassandra,issues,user.following_url,1130,100.0,0.0,0.0,str
apache_cassandra,issues,user.gists_url,1130,100.0,0.0,0.0,str
apache_cassandra,issues,user.gravatar_id,1130,100.0,0.0,100.0,str
apache_cassandra,issues,user.html_url,1130,100.0,0.0,0.0,str
apache_cassandra,issues,user.id,1130,100.0,0.0,0.0,int
apache_cassandra,issues,user.login,1130,100.0,0.0,0.0,str
apache_cassandra,issues,user.node_id,1130,100.0,0.0,0.0,str
apache_cassandra,issues,user.organizations_url,1130,100.0,0.0,0.0,str
apache_cassandra,issues,user.received_events_url,1130,100.0,0.0,0.0,str
apache_cassandra,issues,user.repos_url,1130,100.0,0.0,0.0,str
apache_cassandra,issues,user.site_admin,1130,100.0,0.0,0.0,bool
apache_cassandra,issues,user.starred_url,1130,100.0,0.0,0.0,str
apache_cassandra,issues,user.subscriptions_url,1130,100.0,0.0,0.0,str
apache_cassandra,issues,user.type,1130,100.0,0.0,0.0,str
apache_cassandra,issues,user.url,1130,100.0,0.0,0.0,str
apache_cassandra,issues,user.user_view_type,1130,100.0,0.0,0.0,str
apache_cassandra,pulls,_links.comments.href,527,100.0,0.0,0.0,str
apache_cassandra,pulls,_links.commits.href,527,100.0,0.0,0.0,str
apache_cassandra,pulls,_links.html.href,527,100.0,0.0,0.0,str
apache_cassandra,pulls,_links.issue.href,527,100.0,0.0,0.0,str
apache_cassandra,pulls,_links.review_comment.href,527,100.0,0.0,0.0,str
apache_cassandra,pulls,_links.review_comments.href,527,100.0,0.0,0.0,str
apache_cassandra,pulls,_links.self.href,527,100.0,0.0,0.0,str
apache_cassandra,pulls,_links.statuses.href,527,100.0,0.0,0.0,str
apache_cassandra,pulls,active_lock_reason,527,100.0,100.0,0.0,NoneType
apache_cassandra,pulls,assignee,527,99.05,100.0,0.0,NoneType
apache_cassandra,pulls,assignee.avatar_url,527,0.95,0.0,0.0,str
apache_cassandra,pulls,assignee.events_url,527,0.95,0.0,0.0,str
apache_cassandra,pulls,assignee.followers_url,527,0.95,0.0,0.0,str
apache_cassandra,pulls,assignee.following_url,527,0.95,0.0,0.0,str
apache_cassandra,pulls,assignee.gists_url,527,0.95,0.0,0.0,str
apache_cassandra,pulls,assignee.gravatar_id,527,0.95,0.0,100.0,str
apache_cassandra,pulls,assignee.html_url,527,0.95,0.0,0.0,str
apache_cassandra,pulls,assignee.id,527,0.95,0.0,0.0,int
apache_cassandra,pulls,assignee.login,527,0.95,0.0,0.0,str
apache_cassandra,pulls,assignee.node_id,527,0.95,0.0,0.0,str
apache_cassandra,pulls,assignee.organizations_url,527,0.95,0.0,0.0,str
apache_cassandra,pulls,assignee.received_events_url,527,0.95,0.0,0.0,str
apache_cassandra,pulls,assignee.repos_url,527,0.95,0.0,0.0,str
apache_cassandra,pulls,assignee.site_admin,527,0.95,0.0,0.0,bool
apache_cassandra,pulls,assignee.starred_url,527,0.95,0.0,0.0,str
apache_cassandra,pulls,assignee.subscriptions_url,527,0.95,0.0,0.0,str
apache_cassandra,pulls,assignee.type,527,0.95,0.0,0.0,str
apache_cassandra,pulls,assignee.url,527,0.95,0.0,0.0,str
apache_cassandra,pulls,assignee.user_view_type,527,0.95,0.0,0.0,str
apache_cassandra,pulls,assignees,527,100.0,0.0,0.0,list
apache_cassandra,pulls,author_association,527,100.0,0.0,0.0,str
apache_cassandra,pulls,auto_merge,527,100.0,100.0,0.0,NoneType
apache_cassandra,pulls,base.label,527,100.0,0.0,0.0,str
apache_cassandra,pulls,base.ref,527,100.0,0.0,0.0,str
apache_cassandra,pulls,base.repo.allow_forking,527,100.0,0.0,0.0,bool
apache_cassandra,pulls,base.repo.archive_url,527,100.0,0.0,0.0,str
apache_cassandra,pulls,base.repo.archived,527,100.0,0.0,0.0,bool
apache_cassandra,pulls,base.repo.assignees_url,527,100.0,0.0,0.0,str
apache_cassandra,pulls,base.repo.blobs_url,527,100.0,0.0,0.0,str
apache_cassandra,pulls,base.repo.branches_url,527,100.0,0.0,0.0,str
apache_cassandra,pulls,base.repo.clone_url,527,100.0,0.0,0.0,str
apache_cassandra,pulls,base.repo.collaborators_url,527,100.0,0.0,0.0,str
apache_cassandra,pulls,base.repo.comments_url,527,100.0,0.0,0.0,str
apache_cassandra,pulls,base.repo.commits_url,527,100.0,0.0,0.0,str
apache_cassandra,pulls,base.repo.compare_url,527,100.0,0.0,0.0,str
apache_cassandra,pulls,base.repo.contents_url,527,100.0,0.0,0.0,str
apache_cassandra,pulls,base.repo.contributors_url,527,100.0,0.0,0.0,str
apache_cassandra,pulls,base.repo.created_at,527,100.0,0.0,0.0,str
apache_cassandra,pulls,base.repo.default_branch,527,100.0,0.0,0.0,str
apache_cassandra,pulls,base.repo.deployments_url,527,100.0,0.0,0.0,str
apache_cassandra,pulls,base.repo.description,527,100.0,0.0,0.0,str
apache_cassandra,pulls,base.repo.disabled,527,100.0,0.0,0.0,bool
apache_cassandra,pulls,base.repo.downloads_url,527,100.0,0.0,0.0,str
apache_cassandra,pulls,base.repo.events_url,527,100.0,0.0,0.0,str
apache_cassandra,pulls,base.repo.fork,527,100.0,0.0,0.0,bool
apache_cassandra,pulls,base.repo.forks,527,100.0,0.0,0.0,int
apache_cassandra,pulls,base.repo.forks_count,527,100.0,0.0,0.0,int
apache_cassandra,pulls,base.repo.forks_url,527,100.0,0.0,0.0,str
apache_cassandra,pulls,base.repo.full_name,527,100.0,0.0,0.0,str
apache_cassandra,pulls,base.repo.git_commits_url,527,100.0,0.0,0.0,str
apache_cassandra,pulls,base.repo.git_refs_url,527,100.0,0.0,0.0,str
apache_cassandra,pulls,base.repo.git_tags_url,527,100.0,0.0,0.0,str
apache_cassandra,pulls,base.repo.git_url,527,100.0,0.0,0.0,str
apache_cassandra,pulls,base.repo.has_discussions,527,100.0,0.0,0.0,bool
apache_cassandra,pulls,base.repo.has_downloads,527,100.0,0.0,0.0,bool
apache_cassandra,pulls,base.repo.has_issues,527,100.0,0.0,0.0,bool
apache_cassandra,pulls,base.repo.has_pages,527,100.0,0.0,0.0,bool
apache_cassandra,pulls,base.repo.has_projects,527,100.0,0.0,0.0,bool
apache_cassandra,pulls,base.repo.has_pull_requests,527,100.0,0.0,0.0,bool
apache_cassandra,pulls,base.repo.has_wiki,527,100.0,0.0,0.0,bool
apache_cassandra,pulls,base.repo.homepage,527,100.0,0.0,0.0,str
apache_cassandra,pulls,base.repo.hooks_url,527,100.0,0.0,0.0,str
apache_cassandra,pulls,base.repo.html_url,527,100.0,0.0,0.0,str
apache_cassandra,pulls,base.repo.id,527,100.0,0.0,0.0,int
apache_cassandra,pulls,base.repo.is_template,527,100.0,0.0,0.0,bool
apache_cassandra,pulls,base.repo.issue_comment_url,527,100.0,0.0,0.0,str
apache_cassandra,pulls,base.repo.issue_events_url,527,100.0,0.0,0.0,str
apache_cassandra,pulls,base.repo.issues_url,527,100.0,0.0,0.0,str
apache_cassandra,pulls,base.repo.keys_url,527,100.0,0.0,0.0,str
apache_cassandra,pulls,base.repo.labels_url,527,100.0,0.0,0.0,str
apache_cassandra,pulls,base.repo.language,527,100.0,0.0,0.0,str
apache_cassandra,pulls,base.repo.languages_url,527,100.0,0.0,0.0,str
apache_cassandra,pulls,base.repo.license.key,527,100.0,0.0,0.0,str
apache_cassandra,pulls,base.repo.license.name,527,100.0,0.0,0.0,str
apache_cassandra,pulls,base.repo.license.node_id,527,100.0,0.0,0.0,str
apache_cassandra,pulls,base.repo.license.spdx_id,527,100.0,0.0,0.0,str
apache_cassandra,pulls,base.repo.license.url,527,100.0,0.0,0.0,str
apache_cassandra,pulls,base.repo.merges_url,527,100.0,0.0,0.0,str
apache_cassandra,pulls,base.repo.milestones_url,527,100.0,0.0,0.0,str
apache_cassandra,pulls,base.repo.mirror_url,527,100.0,100.0,0.0,NoneType
apache_cassandra,pulls,base.repo.name,527,100.0,0.0,0.0,str
apache_cassandra,pulls,base.repo.node_id,527,100.0,0.0,0.0,str
apache_cassandra,pulls,base.repo.notifications_url,527,100.0,0.0,0.0,str
apache_cassandra,pulls,base.repo.open_issues,527,100.0,0.0,0.0,int
apache_cassandra,pulls,base.repo.open_issues_count,527,100.0,0.0,0.0,int
apache_cassandra,pulls,base.repo.owner.avatar_url,527,100.0,0.0,0.0,str
apache_cassandra,pulls,base.repo.owner.events_url,527,100.0,0.0,0.0,str
apache_cassandra,pulls,base.repo.owner.followers_url,527,100.0,0.0,0.0,str
apache_cassandra,pulls,base.repo.owner.following_url,527,100.0,0.0,0.0,str
apache_cassandra,pulls,base.repo.owner.gists_url,527,100.0,0.0,0.0,str
apache_cassandra,pulls,base.repo.owner.gravatar_id,527,100.0,0.0,100.0,str
apache_cassandra,pulls,base.repo.owner.html_url,527,100.0,0.0,0.0,str
apache_cassandra,pulls,base.repo.owner.id,527,100.0,0.0,0.0,int
apache_cassandra,pulls,base.repo.owner.login,527,100.0,0.0,0.0,str
apache_cassandra,pulls,base.repo.owner.node_id,527,100.0,0.0,0.0,str
apache_cassandra,pulls,base.repo.owner.organizations_url,527,100.0,0.0,0.0,str
apache_cassandra,pulls,base.repo.owner.received_events_url,527,100.0,0.0,0.0,str
apache_cassandra,pulls,base.repo.owner.repos_url,527,100.0,0.0,0.0,str
apache_cassandra,pulls,base.repo.owner.site_admin,527,100.0,0.0,0.0,bool
apache_cassandra,pulls,base.repo.owner.starred_url,527,100.0,0.0,0.0,str
apache_cassandra,pulls,base.repo.owner.subscriptions_url,527,100.0,0.0,0.0,str
apache_cassandra,pulls,base.repo.owner.type,527,100.0,0.0,0.0,str
apache_cassandra,pulls,base.repo.owner.url,527,100.0,0.0,0.0,str
apache_cassandra,pulls,base.repo.owner.user_view_type,527,100.0,0.0,0.0,str
apache_cassandra,pulls,base.repo.private,527,100.0,0.0,0.0,bool
apache_cassandra,pulls,base.repo.pull_request_creation_policy,527,100.0,0.0,0.0,str
apache_cassandra,pulls,base.repo.pulls_url,527,100.0,0.0,0.0,str
apache_cassandra,pulls,base.repo.pushed_at,527,100.0,0.0,0.0,str
apache_cassandra,pulls,base.repo.releases_url,527,100.0,0.0,0.0,str
apache_cassandra,pulls,base.repo.size,527,100.0,0.0,0.0,int
apache_cassandra,pulls,base.repo.ssh_url,527,100.0,0.0,0.0,str
apache_cassandra,pulls,base.repo.stargazers_count,527,100.0,0.0,0.0,int
apache_cassandra,pulls,base.repo.stargazers_url,527,100.0,0.0,0.0,str
apache_cassandra,pulls,base.repo.statuses_url,527,100.0,0.0,0.0,str
apache_cassandra,pulls,base.repo.subscribers_url,527,100.0,0.0,0.0,str
apache_cassandra,pulls,base.repo.subscription_url,527,100.0,0.0,0.0,str
apache_cassandra,pulls,base.repo.svn_url,527,100.0,0.0,0.0,str
apache_cassandra,pulls,base.repo.tags_url,527,100.0,0.0,0.0,str
apache_cassandra,pulls,base.repo.teams_url,527,100.0,0.0,0.0,str
apache_cassandra,pulls,base.repo.topics,527,100.0,0.0,0.0,list
apache_cassandra,pulls,base.repo.trees_url,527,100.0,0.0,0.0,str
apache_cassandra,pulls,base.repo.updated_at,527,100.0,0.0,0.0,str
apache_cassandra,pulls,base.repo.url,527,100.0,0.0,0.0,str
apache_cassandra,pulls,base.repo.visibility,527,100.0,0.0,0.0,str
apache_cassandra,pulls,base.repo.watchers,527,100.0,0.0,0.0,int
apache_cassandra,pulls,base.repo.watchers_count,527,100.0,0.0,0.0,int
apache_cassandra,pulls,base.repo.web_commit_signoff_required,527,100.0,0.0,0.0,bool
apache_cassandra,pulls,base.sha,527,100.0,0.0,0.0,str
apache_cassandra,pulls,base.user.avatar_url,527,100.0,0.0,0.0,str
apache_cassandra,pulls,base.user.events_url,527,100.0,0.0,0.0,str
apache_cassandra,pulls,base.user.followers_url,527,100.0,0.0,0.0,str
apache_cassandra,pulls,base.user.following_url,527,100.0,0.0,0.0,str
apache_cassandra,pulls,base.user.gists_url,527,100.0,0.0,0.0,str
apache_cassandra,pulls,base.user.gravatar_id,527,100.0,0.0,100.0,str
apache_cassandra,pulls,base.user.html_url,527,100.0,0.0,0.0,str
apache_cassandra,pulls,base.user.id,527,100.0,0.0,0.0,int
apache_cassandra,pulls,base.user.login,527,100.0,0.0,0.0,str
apache_cassandra,pulls,base.user.node_id,527,100.0,0.0,0.0,str
apache_cassandra,pulls,base.user.organizations_url,527,100.0,0.0,0.0,str
apache_cassandra,pulls,base.user.received_events_url,527,100.0,0.0,0.0,str
apache_cassandra,pulls,base.user.repos_url,527,100.0,0.0,0.0,str
apache_cassandra,pulls,base.user.site_admin,527,100.0,0.0,0.0,bool
apache_cassandra,pulls,base.user.starred_url,527,100.0,0.0,0.0,str
apache_cassandra,pulls,base.user.subscriptions_url,527,100.0,0.0,0.0,str
apache_cassandra,pulls,base.user.type,527,100.0,0.0,0.0,str
apache_cassandra,pulls,base.user.url,527,100.0,0.0,0.0,str
apache_cassandra,pulls,base.user.user_view_type,527,100.0,0.0,0.0,str
apache_cassandra,pulls,body,527,100.0,4.17,0.0,NoneType|str
apache_cassandra,pulls,closed_at,527,100.0,37.38,0.0,NoneType|str
apache_cassandra,pulls,comments_url,527,100.0,0.0,0.0,str
apache_cassandra,pulls,commits_url,527,100.0,0.0,0.0,str
apache_cassandra,pulls,created_at,527,100.0,0.0,0.0,str
apache_cassandra,pulls,diff_url,527,100.0,0.0,0.0,str
apache_cassandra,pulls,draft,527,100.0,0.0,0.0,bool
apache_cassandra,pulls,head.label,527,100.0,0.0,0.0,str
apache_cassandra,pulls,head.ref,527,100.0,0.0,0.0,str
apache_cassandra,pulls,head.repo.allow_forking,527,100.0,0.0,0.0,bool
apache_cassandra,pulls,head.repo.archive_url,527,100.0,0.0,0.0,str
apache_cassandra,pulls,head.repo.archived,527,100.0,0.0,0.0,bool
apache_cassandra,pulls,head.repo.assignees_url,527,100.0,0.0,0.0,str
apache_cassandra,pulls,head.repo.blobs_url,527,100.0,0.0,0.0,str
apache_cassandra,pulls,head.repo.branches_url,527,100.0,0.0,0.0,str
apache_cassandra,pulls,head.repo.clone_url,527,100.0,0.0,0.0,str
apache_cassandra,pulls,head.repo.collaborators_url,527,100.0,0.0,0.0,str
apache_cassandra,pulls,head.repo.comments_url,527,100.0,0.0,0.0,str
apache_cassandra,pulls,head.repo.commits_url,527,100.0,0.0,0.0,str
apache_cassandra,pulls,head.repo.compare_url,527,100.0,0.0,0.0,str
apache_cassandra,pulls,head.repo.contents_url,527,100.0,0.0,0.0,str
apache_cassandra,pulls,head.repo.contributors_url,527,100.0,0.0,0.0,str
apache_cassandra,pulls,head.repo.created_at,527,100.0,0.0,0.0,str
apache_cassandra,pulls,head.repo.default_branch,527,100.0,0.0,0.0,str
apache_cassandra,pulls,head.repo.deployments_url,527,100.0,0.0,0.0,str
apache_cassandra,pulls,head.repo.description,527,100.0,0.0,0.0,str
apache_cassandra,pulls,head.repo.disabled,527,100.0,0.0,0.0,bool
apache_cassandra,pulls,head.repo.downloads_url,527,100.0,0.0,0.0,str
apache_cassandra,pulls,head.repo.events_url,527,100.0,0.0,0.0,str
apache_cassandra,pulls,head.repo.fork,527,100.0,0.0,0.0,bool
apache_cassandra,pulls,head.repo.forks,527,100.0,0.0,0.0,int
apache_cassandra,pulls,head.repo.forks_count,527,100.0,0.0,0.0,int
apache_cassandra,pulls,head.repo.forks_url,527,100.0,0.0,0.0,str
apache_cassandra,pulls,head.repo.full_name,527,100.0,0.0,0.0,str
apache_cassandra,pulls,head.repo.git_commits_url,527,100.0,0.0,0.0,str
apache_cassandra,pulls,head.repo.git_refs_url,527,100.0,0.0,0.0,str
apache_cassandra,pulls,head.repo.git_tags_url,527,100.0,0.0,0.0,str
apache_cassandra,pulls,head.repo.git_url,527,100.0,0.0,0.0,str
apache_cassandra,pulls,head.repo.has_discussions,527,100.0,0.0,0.0,bool
apache_cassandra,pulls,head.repo.has_downloads,527,100.0,0.0,0.0,bool
apache_cassandra,pulls,head.repo.has_issues,527,100.0,0.0,0.0,bool
apache_cassandra,pulls,head.repo.has_pages,527,100.0,0.0,0.0,bool
apache_cassandra,pulls,head.repo.has_projects,527,100.0,0.0,0.0,bool
apache_cassandra,pulls,head.repo.has_pull_requests,527,100.0,0.0,0.0,bool
apache_cassandra,pulls,head.repo.has_wiki,527,100.0,0.0,0.0,bool
apache_cassandra,pulls,head.repo.homepage,527,100.0,4.55,1.33,NoneType|str
apache_cassandra,pulls,head.repo.hooks_url,527,100.0,0.0,0.0,str
apache_cassandra,pulls,head.repo.html_url,527,100.0,0.0,0.0,str
apache_cassandra,pulls,head.repo.id,527,100.0,0.0,0.0,int
apache_cassandra,pulls,head.repo.is_template,527,100.0,0.0,0.0,bool
apache_cassandra,pulls,head.repo.issue_comment_url,527,100.0,0.0,0.0,str
apache_cassandra,pulls,head.repo.issue_events_url,527,100.0,0.0,0.0,str
apache_cassandra,pulls,head.repo.issues_url,527,100.0,0.0,0.0,str
apache_cassandra,pulls,head.repo.keys_url,527,100.0,0.0,0.0,str
apache_cassandra,pulls,head.repo.labels_url,527,100.0,0.0,0.0,str
apache_cassandra,pulls,head.repo.language,527,100.0,14.99,0.0,NoneType|str
apache_cassandra,pulls,head.repo.languages_url,527,100.0,0.0,0.0,str
apache_cassandra,pulls,head.repo.license.key,527,100.0,0.0,0.0,str
apache_cassandra,pulls,head.repo.license.name,527,100.0,0.0,0.0,str
apache_cassandra,pulls,head.repo.license.node_id,527,100.0,0.0,0.0,str
apache_cassandra,pulls,head.repo.license.spdx_id,527,100.0,0.0,0.0,str
apache_cassandra,pulls,head.repo.license.url,527,100.0,0.0,0.0,str
apache_cassandra,pulls,head.repo.merges_url,527,100.0,0.0,0.0,str
apache_cassandra,pulls,head.repo.milestones_url,527,100.0,0.0,0.0,str
apache_cassandra,pulls,head.repo.mirror_url,527,100.0,100.0,0.0,NoneType
apache_cassandra,pulls,head.repo.name,527,100.0,0.0,0.0,str
apache_cassandra,pulls,head.repo.node_id,527,100.0,0.0,0.0,str
apache_cassandra,pulls,head.repo.notifications_url,527,100.0,0.0,0.0,str
apache_cassandra,pulls,head.repo.open_issues,527,100.0,0.0,0.0,int
apache_cassandra,pulls,head.repo.open_issues_count,527,100.0,0.0,0.0,int
apache_cassandra,pulls,head.repo.owner.avatar_url,527,100.0,0.0,0.0,str
apache_cassandra,pulls,head.repo.owner.events_url,527,100.0,0.0,0.0,str
apache_cassandra,pulls,head.repo.owner.followers_url,527,100.0,0.0,0.0,str
apache_cassandra,pulls,head.repo.owner.following_url,527,100.0,0.0,0.0,str
apache_cassandra,pulls,head.repo.owner.gists_url,527,100.0,0.0,0.0,str
apache_cassandra,pulls,head.repo.owner.gravatar_id,527,100.0,0.0,100.0,str
apache_cassandra,pulls,head.repo.owner.html_url,527,100.0,0.0,0.0,str
apache_cassandra,pulls,head.repo.owner.id,527,100.0,0.0,0.0,int
apache_cassandra,pulls,head.repo.owner.login,527,100.0,0.0,0.0,str
apache_cassandra,pulls,head.repo.owner.node_id,527,100.0,0.0,0.0,str
apache_cassandra,pulls,head.repo.owner.organizations_url,527,100.0,0.0,0.0,str
apache_cassandra,pulls,head.repo.owner.received_events_url,527,100.0,0.0,0.0,str
apache_cassandra,pulls,head.repo.owner.repos_url,527,100.0,0.0,0.0,str
apache_cassandra,pulls,head.repo.owner.site_admin,527,100.0,0.0,0.0,bool
apache_cassandra,pulls,head.repo.owner.starred_url,527,100.0,0.0,0.0,str
apache_cassandra,pulls,head.repo.owner.subscriptions_url,527,100.0,0.0,0.0,str
apache_cassandra,pulls,head.repo.owner.type,527,100.0,0.0,0.0,str
apache_cassandra,pulls,head.repo.owner.url,527,100.0,0.0,0.0,str
apache_cassandra,pulls,head.repo.owner.user_view_type,527,100.0,0.0,0.0,str
apache_cassandra,pulls,head.repo.private,527,100.0,0.0,0.0,bool
apache_cassandra,pulls,head.repo.pull_request_creation_policy,527,100.0,0.0,0.0,str
apache_cassandra,pulls,head.repo.pulls_url,527,100.0,0.0,0.0,str
apache_cassandra,pulls,head.repo.pushed_at,527,100.0,0.0,0.0,str
apache_cassandra,pulls,head.repo.releases_url,527,100.0,0.0,0.0,str
apache_cassandra,pulls,head.repo.size,527,100.0,0.0,0.0,int
apache_cassandra,pulls,head.repo.ssh_url,527,100.0,0.0,0.0,str
apache_cassandra,pulls,head.repo.stargazers_count,527,100.0,0.0,0.0,int
apache_cassandra,pulls,head.repo.stargazers_url,527,100.0,0.0,0.0,str
apache_cassandra,pulls,head.repo.statuses_url,527,100.0,0.0,0.0,str
apache_cassandra,pulls,head.repo.subscribers_url,527,100.0,0.0,0.0,str
apache_cassandra,pulls,head.repo.subscription_url,527,100.0,0.0,0.0,str
apache_cassandra,pulls,head.repo.svn_url,527,100.0,0.0,0.0,str
apache_cassandra,pulls,head.repo.tags_url,527,100.0,0.0,0.0,str
apache_cassandra,pulls,head.repo.teams_url,527,100.0,0.0,0.0,str
apache_cassandra,pulls,head.repo.topics,527,100.0,0.0,0.0,list
apache_cassandra,pulls,head.repo.trees_url,527,100.0,0.0,0.0,str
apache_cassandra,pulls,head.repo.updated_at,527,100.0,0.0,0.0,str
apache_cassandra,pulls,head.repo.url,527,100.0,0.0,0.0,str
apache_cassandra,pulls,head.repo.visibility,527,100.0,0.0,0.0,str
apache_cassandra,pulls,head.repo.watchers,527,100.0,0.0,0.0,int
apache_cassandra,pulls,head.repo.watchers_count,527,100.0,0.0,0.0,int
apache_cassandra,pulls,head.repo.web_commit_signoff_required,527,100.0,0.0,0.0,bool
apache_cassandra,pulls,head.sha,527,100.0,0.0,0.0,str
apache_cassandra,pulls,head.user.avatar_url,527,100.0,0.0,0.0,str
apache_cassandra,pulls,head.user.events_url,527,100.0,0.0,0.0,str
apache_cassandra,pulls,head.user.followers_url,527,100.0,0.0,0.0,str
apache_cassandra,pulls,head.user.following_url,527,100.0,0.0,0.0,str
apache_cassandra,pulls,head.user.gists_url,527,100.0,0.0,0.0,str
apache_cassandra,pulls,head.user.gravatar_id,527,100.0,0.0,100.0,str
apache_cassandra,pulls,head.user.html_url,527,100.0,0.0,0.0,str
apache_cassandra,pulls,head.user.id,527,100.0,0.0,0.0,int
apache_cassandra,pulls,head.user.login,527,100.0,0.0,0.0,str
apache_cassandra,pulls,head.user.node_id,527,100.0,0.0,0.0,str
apache_cassandra,pulls,head.user.organizations_url,527,100.0,0.0,0.0,str
apache_cassandra,pulls,head.user.received_events_url,527,100.0,0.0,0.0,str
apache_cassandra,pulls,head.user.repos_url,527,100.0,0.0,0.0,str
apache_cassandra,pulls,head.user.site_admin,527,100.0,0.0,0.0,bool
apache_cassandra,pulls,head.user.starred_url,527,100.0,0.0,0.0,str
apache_cassandra,pulls,head.user.subscriptions_url,527,100.0,0.0,0.0,str
apache_cassandra,pulls,head.user.type,527,100.0,0.0,0.0,str
apache_cassandra,pulls,head.user.url,527,100.0,0.0,0.0,str
apache_cassandra,pulls,head.user.user_view_type,527,100.0,0.0,0.0,str
apache_cassandra,pulls,html_url,527,100.0,0.0,0.0,str
apache_cassandra,pulls,id,527,100.0,0.0,0.0,int
apache_cassandra,pulls,issue_url,527,100.0,0.0,0.0,str
apache_cassandra,pulls,labels,527,100.0,0.0,0.0,list
apache_cassandra,pulls,locked,527,100.0,0.0,0.0,bool
apache_cassandra,pulls,merge_commit_sha,527,100.0,27.89,0.0,NoneType|str
apache_cassandra,pulls,merged_at,527,100.0,97.72,0.0,NoneType|str
apache_cassandra,pulls,milestone,527,100.0,100.0,0.0,NoneType
apache_cassandra,pulls,node_id,527,100.0,0.0,0.0,str
apache_cassandra,pulls,number,527,100.0,0.0,0.0,int
apache_cassandra,pulls,patch_url,527,100.0,0.0,0.0,str
apache_cassandra,pulls,requested_reviewers,527,100.0,0.0,0.0,list
apache_cassandra,pulls,requested_teams,527,100.0,0.0,0.0,list
apache_cassandra,pulls,review_comment_url,527,100.0,0.0,0.0,str
apache_cassandra,pulls,review_comments_url,527,100.0,0.0,0.0,str
apache_cassandra,pulls,state,527,100.0,0.0,0.0,str
apache_cassandra,pulls,statuses_url,527,100.0,0.0,0.0,str
apache_cassandra,pulls,title,527,100.0,0.0,0.0,str
apache_cassandra,pulls,updated_at,527,100.0,0.0,0.0,str
apache_cassandra,pulls,url,527,100.0,0.0,0.0,str
apache_cassandra,pulls,user.avatar_url,527,100.0,0.0,0.0,str
apache_cassandra,pulls,user.events_url,527,100.0,0.0,0.0,str
apache_cassandra,pulls,user.followers_url,527,100.0,0.0,0.0,str
apache_cassandra,pulls,user.following_url,527,100.0,0.0,0.0,str
apache_cassandra,pulls,user.gists_url,527,100.0,0.0,0.0,str
apache_cassandra,pulls,user.gravatar_id,527,100.0,0.0,100.0,str
apache_cassandra,pulls,user.html_url,527,100.0,0.0,0.0,str
apache_cassandra,pulls,user.id,527,100.0,0.0,0.0,int
apache_cassandra,pulls,user.login,527,100.0,0.0,0.0,str
apache_cassandra,pulls,user.node_id,527,100.0,0.0,0.0,str
apache_cassandra,pulls,user.organizations_url,527,100.0,0.0,0.0,str
apache_cassandra,pulls,user.received_events_url,527,100.0,0.0,0.0,str
apache_cassandra,pulls,user.repos_url,527,100.0,0.0,0.0,str
apache_cassandra,pulls,user.site_admin,527,100.0,0.0,0.0,bool
apache_cassandra,pulls,user.starred_url,527,100.0,0.0,0.0,str
apache_cassandra,pulls,user.subscriptions_url,527,100.0,0.0,0.0,str
apache_cassandra,pulls,user.type,527,100.0,0.0,0.0,str
apache_cassandra,pulls,user.url,527,100.0,0.0,0.0,str
apache_cassandra,pulls,user.user_view_type,527,100.0,0.0,0.0,str
apache_cassandra,repo_metadata,allow_forking,1,100.0,0.0,0.0,bool
apache_cassandra,repo_metadata,archive_url,1,100.0,0.0,0.0,str
apache_cassandra,repo_metadata,archived,1,100.0,0.0,0.0,bool
apache_cassandra,repo_metadata,assignees_url,1,100.0,0.0,0.0,str
apache_cassandra,repo_metadata,blobs_url,1,100.0,0.0,0.0,str
apache_cassandra,repo_metadata,branches_url,1,100.0,0.0,0.0,str
apache_cassandra,repo_metadata,clone_url,1,100.0,0.0,0.0,str
apache_cassandra,repo_metadata,collaborators_url,1,100.0,0.0,0.0,str
apache_cassandra,repo_metadata,comments_url,1,100.0,0.0,0.0,str
apache_cassandra,repo_metadata,commits_url,1,100.0,0.0,0.0,str
apache_cassandra,repo_metadata,compare_url,1,100.0,0.0,0.0,str
apache_cassandra,repo_metadata,contents_url,1,100.0,0.0,0.0,str
apache_cassandra,repo_metadata,contributors_url,1,100.0,0.0,0.0,str
apache_cassandra,repo_metadata,created_at,1,100.0,0.0,0.0,str
apache_cassandra,repo_metadata,default_branch,1,100.0,0.0,0.0,str
apache_cassandra,repo_metadata,deployments_url,1,100.0,0.0,0.0,str
apache_cassandra,repo_metadata,description,1,100.0,0.0,0.0,str
apache_cassandra,repo_metadata,disabled,1,100.0,0.0,0.0,bool
apache_cassandra,repo_metadata,downloads_url,1,100.0,0.0,0.0,str
apache_cassandra,repo_metadata,events_url,1,100.0,0.0,0.0,str
apache_cassandra,repo_metadata,fork,1,100.0,0.0,0.0,bool
apache_cassandra,repo_metadata,forks,1,100.0,0.0,0.0,int
apache_cassandra,repo_metadata,forks_count,1,100.0,0.0,0.0,int
apache_cassandra,repo_metadata,forks_url,1,100.0,0.0,0.0,str
apache_cassandra,repo_metadata,full_name,1,100.0,0.0,0.0,str
apache_cassandra,repo_metadata,git_commits_url,1,100.0,0.0,0.0,str
apache_cassandra,repo_metadata,git_refs_url,1,100.0,0.0,0.0,str
apache_cassandra,repo_metadata,git_tags_url,1,100.0,0.0,0.0,str
apache_cassandra,repo_metadata,git_url,1,100.0,0.0,0.0,str
apache_cassandra,repo_metadata,has_discussions,1,100.0,0.0,0.0,bool
apache_cassandra,repo_metadata,has_downloads,1,100.0,0.0,0.0,bool
apache_cassandra,repo_metadata,has_issues,1,100.0,0.0,0.0,bool
apache_cassandra,repo_metadata,has_pages,1,100.0,0.0,0.0,bool
apache_cassandra,repo_metadata,has_projects,1,100.0,0.0,0.0,bool
apache_cassandra,repo_metadata,has_pull_requests,1,100.0,0.0,0.0,bool
apache_cassandra,repo_metadata,has_wiki,1,100.0,0.0,0.0,bool
apache_cassandra,repo_metadata,homepage,1,100.0,0.0,0.0,str
apache_cassandra,repo_metadata,hooks_url,1,100.0,0.0,0.0,str
apache_cassandra,repo_metadata,html_url,1,100.0,0.0,0.0,str
apache_cassandra,repo_metadata,id,1,100.0,0.0,0.0,int
apache_cassandra,repo_metadata,is_template,1,100.0,0.0,0.0,bool
apache_cassandra,repo_metadata,issue_comment_url,1,100.0,0.0,0.0,str
apache_cassandra,repo_metadata,issue_events_url,1,100.0,0.0,0.0,str
apache_cassandra,repo_metadata,issues_url,1,100.0,0.0,0.0,str
apache_cassandra,repo_metadata,keys_url,1,100.0,0.0,0.0,str
apache_cassandra,repo_metadata,labels_url,1,100.0,0.0,0.0,str
apache_cassandra,repo_metadata,language,1,100.0,0.0,0.0,str
apache_cassandra,repo_metadata,languages_url,1,100.0,0.0,0.0,str
apache_cassandra,repo_metadata,license.key,1,100.0,0.0,0.0,str
apache_cassandra,repo_metadata,license.name,1,100.0,0.0,0.0,str
apache_cassandra,repo_metadata,license.node_id,1,100.0,0.0,0.0,str
apache_cassandra,repo_metadata,license.spdx_id,1,100.0,0.0,0.0,str
apache_cassandra,repo_metadata,license.url,1,100.0,0.0,0.0,str
apache_cassandra,repo_metadata,merges_url,1,100.0,0.0,0.0,str
apache_cassandra,repo_metadata,milestones_url,1,100.0,0.0,0.0,str
apache_cassandra,repo_metadata,mirror_url,1,100.0,100.0,0.0,NoneType
apache_cassandra,repo_metadata,name,1,100.0,0.0,0.0,str
apache_cassandra,repo_metadata,network_count,1,100.0,0.0,0.0,int
apache_cassandra,repo_metadata,node_id,1,100.0,0.0,0.0,str
apache_cassandra,repo_metadata,notifications_url,1,100.0,0.0,0.0,str
apache_cassandra,repo_metadata,open_issues,1,100.0,0.0,0.0,int
apache_cassandra,repo_metadata,open_issues_count,1,100.0,0.0,0.0,int
apache_cassandra,repo_metadata,organization.avatar_url,1,100.0,0.0,0.0,str
apache_cassandra,repo_metadata,organization.events_url,1,100.0,0.0,0.0,str
apache_cassandra,repo_metadata,organization.followers_url,1,100.0,0.0,0.0,str
apache_cassandra,repo_metadata,organization.following_url,1,100.0,0.0,0.0,str
apache_cassandra,repo_metadata,organization.gists_url,1,100.0,0.0,0.0,str
apache_cassandra,repo_metadata,organization.gravatar_id,1,100.0,0.0,100.0,str
apache_cassandra,repo_metadata,organization.html_url,1,100.0,0.0,0.0,str
apache_cassandra,repo_metadata,organization.id,1,100.0,0.0,0.0,int
apache_cassandra,repo_metadata,organization.login,1,100.0,0.0,0.0,str
apache_cassandra,repo_metadata,organization.node_id,1,100.0,0.0,0.0,str
apache_cassandra,repo_metadata,organization.organizations_url,1,100.0,0.0,0.0,str
apache_cassandra,repo_metadata,organization.received_events_url,1,100.0,0.0,0.0,str
apache_cassandra,repo_metadata,organization.repos_url,1,100.0,0.0,0.0,str
apache_cassandra,repo_metadata,organization.site_admin,1,100.0,0.0,0.0,bool
apache_cassandra,repo_metadata,organization.starred_url,1,100.0,0.0,0.0,str
apache_cassandra,repo_metadata,organization.subscriptions_url,1,100.0,0.0,0.0,str
apache_cassandra,repo_metadata,organization.type,1,100.0,0.0,0.0,str
apache_cassandra,repo_metadata,organization.url,1,100.0,0.0,0.0,str
apache_cassandra,repo_metadata,organization.user_view_type,1,100.0,0.0,0.0,str
apache_cassandra,repo_metadata,owner.avatar_url,1,100.0,0.0,0.0,str
apache_cassandra,repo_metadata,owner.events_url,1,100.0,0.0,0.0,str
apache_cassandra,repo_metadata,owner.followers_url,1,100.0,0.0,0.0,str
apache_cassandra,repo_metadata,owner.following_url,1,100.0,0.0,0.0,str
apache_cassandra,repo_metadata,owner.gists_url,1,100.0,0.0,0.0,str
apache_cassandra,repo_metadata,owner.gravatar_id,1,100.0,0.0,100.0,str
apache_cassandra,repo_metadata,owner.html_url,1,100.0,0.0,0.0,str
apache_cassandra,repo_metadata,owner.id,1,100.0,0.0,0.0,int
apache_cassandra,repo_metadata,owner.login,1,100.0,0.0,0.0,str
apache_cassandra,repo_metadata,owner.node_id,1,100.0,0.0,0.0,str
apache_cassandra,repo_metadata,owner.organizations_url,1,100.0,0.0,0.0,str
apache_cassandra,repo_metadata,owner.received_events_url,1,100.0,0.0,0.0,str
apache_cassandra,repo_metadata,owner.repos_url,1,100.0,0.0,0.0,str
apache_cassandra,repo_metadata,owner.site_admin,1,100.0,0.0,0.0,bool
apache_cassandra,repo_metadata,owner.starred_url,1,100.0,0.0,0.0,str
apache_cassandra,repo_metadata,owner.subscriptions_url,1,100.0,0.0,0.0,str
apache_cassandra,repo_metadata,owner.type,1,100.0,0.0,0.0,str
apache_cassandra,repo_metadata,owner.url,1,100.0,0.0,0.0,str
apache_cassandra,repo_metadata,owner.user_view_type,1,100.0,0.0,0.0,str
apache_cassandra,repo_metadata,permissions.admin,1,100.0,0.0,0.0,bool
apache_cassandra,repo_metadata,permissions.maintain,1,100.0,0.0,0.0,bool
apache_cassandra,repo_metadata,permissions.pull,1,100.0,0.0,0.0,bool
apache_cassandra,repo_metadata,permissions.push,1,100.0,0.0,0.0,bool
apache_cassandra,repo_metadata,permissions.triage,1,100.0,0.0,0.0,bool
apache_cassandra,repo_metadata,private,1,100.0,0.0,0.0,bool
apache_cassandra,repo_metadata,pull_request_creation_policy,1,100.0,0.0,0.0,str
apache_cassandra,repo_metadata,pulls_url,1,100.0,0.0,0.0,str
apache_cassandra,repo_metadata,pushed_at,1,100.0,0.0,0.0,str
apache_cassandra,repo_metadata,releases_url,1,100.0,0.0,0.0,str
apache_cassandra,repo_metadata,size,1,100.0,0.0,0.0,int
apache_cassandra,repo_metadata,ssh_url,1,100.0,0.0,0.0,str
apache_cassandra,repo_metadata,stargazers_count,1,100.0,0.0,0.0,int
apache_cassandra,repo_metadata,stargazers_url,1,100.0,0.0,0.0,str
apache_cassandra,repo_metadata,statuses_url,1,100.0,0.0,0.0,str
apache_cassandra,repo_metadata,subscribers_count,1,100.0,0.0,0.0,int
apache_cassandra,repo_metadata,subscribers_url,1,100.0,0.0,0.0,str
apache_cassandra,repo_metadata,subscription_url,1,100.0,0.0,0.0,str
apache_cassandra,repo_metadata,svn_url,1,100.0,0.0,0.0,str
apache_cassandra,repo_metadata,tags_url,1,100.0,0.0,0.0,str
apache_cassandra,repo_metadata,teams_url,1,100.0,0.0,0.0,str
apache_cassandra,repo_metadata,temp_clone_token,1,100.0,0.0,100.0,str
apache_cassandra,repo_metadata,topics,1,100.0,0.0,0.0,list
apache_cassandra,repo_metadata,trees_url,1,100.0,0.0,0.0,str
apache_cassandra,repo_metadata,updated_at,1,100.0,0.0,0.0,str
apache_cassandra,repo_metadata,url,1,100.0,0.0,0.0,str
apache_cassandra,repo_metadata,visibility,1,100.0,0.0,0.0,str
apache_cassandra,repo_metadata,watchers,1,100.0,0.0,0.0,int
apache_cassandra,repo_metadata,watchers_count,1,100.0,0.0,0.0,int
apache_cassandra,repo_metadata,web_commit_signoff_required,1,100.0,0.0,0.0,bool
chroma-core_chroma,commits,author,418,1.44,100.0,0.0,NoneType
chroma-core_chroma,commits,author.avatar_url,418,98.56,0.0,0.0,str
chroma-core_chroma,commits,author.events_url,418,98.56,0.0,0.0,str
chroma-core_chroma,commits,author.followers_url,418,98.56,0.0,0.0,str
chroma-core_chroma,commits,author.following_url,418,98.56,0.0,0.0,str
chroma-core_chroma,commits,author.gists_url,418,98.56,0.0,0.0,str
chroma-core_chroma,commits,author.gravatar_id,418,98.56,0.0,100.0,str
chroma-core_chroma,commits,author.html_url,418,98.56,0.0,0.0,str
chroma-core_chroma,commits,author.id,418,98.56,0.0,0.0,int
chroma-core_chroma,commits,author.login,418,98.56,0.0,0.0,str
chroma-core_chroma,commits,author.node_id,418,98.56,0.0,0.0,str
chroma-core_chroma,commits,author.organizations_url,418,98.56,0.0,0.0,str
chroma-core_chroma,commits,author.received_events_url,418,98.56,0.0,0.0,str
chroma-core_chroma,commits,author.repos_url,418,98.56,0.0,0.0,str
chroma-core_chroma,commits,author.site_admin,418,98.56,0.0,0.0,bool
chroma-core_chroma,commits,author.starred_url,418,98.56,0.0,0.0,str
chroma-core_chroma,commits,author.subscriptions_url,418,98.56,0.0,0.0,str
chroma-core_chroma,commits,author.type,418,98.56,0.0,0.0,str
chroma-core_chroma,commits,author.url,418,98.56,0.0,0.0,str
chroma-core_chroma,commits,author.user_view_type,418,98.56,0.0,0.0,str
chroma-core_chroma,commits,comments_url,418,100.0,0.0,0.0,str
chroma-core_chroma,commits,commit.author.date,418,100.0,0.0,0.0,str
chroma-core_chroma,commits,commit.author.email,418,100.0,0.0,0.0,str
chroma-core_chroma,commits,commit.author.name,418,100.0,0.0,0.0,str
chroma-core_chroma,commits,commit.comment_count,418,100.0,0.0,0.0,int
chroma-core_chroma,commits,commit.committer.date,418,100.0,0.0,0.0,str
chroma-core_chroma,commits,commit.committer.email,418,100.0,0.0,0.0,str
chroma-core_chroma,commits,commit.committer.name,418,100.0,0.0,0.0,str
chroma-core_chroma,commits,commit.message,418,100.0,0.0,0.0,str
chroma-core_chroma,commits,commit.tree.sha,418,100.0,0.0,0.0,str
chroma-core_chroma,commits,commit.tree.url,418,100.0,0.0,0.0,str
chroma-core_chroma,commits,commit.url,418,100.0,0.0,0.0,str
chroma-core_chroma,commits,commit.verification.payload,418,100.0,0.0,0.0,str
chroma-core_chroma,commits,commit.verification.reason,418,100.0,0.0,0.0,str
chroma-core_chroma,commits,commit.verification.signature,418,100.0,0.0,0.0,str
chroma-core_chroma,commits,commit.verification.verified,418,100.0,0.0,0.0,bool
chroma-core_chroma,commits,commit.verification.verified_at,418,100.0,0.0,0.0,str
chroma-core_chroma,commits,committer.avatar_url,418,100.0,0.0,0.0,str
chroma-core_chroma,commits,committer.events_url,418,100.0,0.0,0.0,str
chroma-core_chroma,commits,committer.followers_url,418,100.0,0.0,0.0,str
chroma-core_chroma,commits,committer.following_url,418,100.0,0.0,0.0,str
chroma-core_chroma,commits,committer.gists_url,418,100.0,0.0,0.0,str
chroma-core_chroma,commits,committer.gravatar_id,418,100.0,0.0,100.0,str
chroma-core_chroma,commits,committer.html_url,418,100.0,0.0,0.0,str
chroma-core_chroma,commits,committer.id,418,100.0,0.0,0.0,int
chroma-core_chroma,commits,committer.login,418,100.0,0.0,0.0,str
chroma-core_chroma,commits,committer.node_id,418,100.0,0.0,0.0,str
chroma-core_chroma,commits,committer.organizations_url,418,100.0,0.0,0.0,str
chroma-core_chroma,commits,committer.received_events_url,418,100.0,0.0,0.0,str
chroma-core_chroma,commits,committer.repos_url,418,100.0,0.0,0.0,str
chroma-core_chroma,commits,committer.site_admin,418,100.0,0.0,0.0,bool
chroma-core_chroma,commits,committer.starred_url,418,100.0,0.0,0.0,str
chroma-core_chroma,commits,committer.subscriptions_url,418,100.0,0.0,0.0,str
chroma-core_chroma,commits,committer.type,418,100.0,0.0,0.0,str
chroma-core_chroma,commits,committer.url,418,100.0,0.0,0.0,str
chroma-core_chroma,commits,committer.user_view_type,418,100.0,0.0,0.0,str
chroma-core_chroma,commits,html_url,418,100.0,0.0,0.0,str
chroma-core_chroma,commits,node_id,418,100.0,0.0,0.0,str
chroma-core_chroma,commits,parents,418,100.0,0.0,0.0,list
chroma-core_chroma,commits,sha,418,100.0,0.0,0.0,str
chroma-core_chroma,commits,url,418,100.0,0.0,0.0,str
chroma-core_chroma,issues,active_lock_reason,1141,100.0,100.0,0.0,NoneType
chroma-core_chroma,issues,assignee,1141,95.27,100.0,0.0,NoneType
chroma-core_chroma,issues,assignee.avatar_url,1141,4.73,0.0,0.0,str
chroma-core_chroma,issues,assignee.events_url,1141,4.73,0.0,0.0,str
chroma-core_chroma,issues,assignee.followers_url,1141,4.73,0.0,0.0,str
chroma-core_chroma,issues,assignee.following_url,1141,4.73,0.0,0.0,str
chroma-core_chroma,issues,assignee.gists_url,1141,4.73,0.0,0.0,str
chroma-core_chroma,issues,assignee.gravatar_id,1141,4.73,0.0,100.0,str
chroma-core_chroma,issues,assignee.html_url,1141,4.73,0.0,0.0,str
chroma-core_chroma,issues,assignee.id,1141,4.73,0.0,0.0,int
chroma-core_chroma,issues,assignee.login,1141,4.73,0.0,0.0,str
chroma-core_chroma,issues,assignee.node_id,1141,4.73,0.0,0.0,str
chroma-core_chroma,issues,assignee.organizations_url,1141,4.73,0.0,0.0,str
chroma-core_chroma,issues,assignee.received_events_url,1141,4.73,0.0,0.0,str
chroma-core_chroma,issues,assignee.repos_url,1141,4.73,0.0,0.0,str
chroma-core_chroma,issues,assignee.site_admin,1141,4.73,0.0,0.0,bool
chroma-core_chroma,issues,assignee.starred_url,1141,4.73,0.0,0.0,str
chroma-core_chroma,issues,assignee.subscriptions_url,1141,4.73,0.0,0.0,str
chroma-core_chroma,issues,assignee.type,1141,4.73,0.0,0.0,str
chroma-core_chroma,issues,assignee.url,1141,4.73,0.0,0.0,str
chroma-core_chroma,issues,assignee.user_view_type,1141,4.73,0.0,0.0,str
chroma-core_chroma,issues,assignees,1141,100.0,0.0,0.0,list
chroma-core_chroma,issues,author_association,1141,100.0,0.0,0.0,str
chroma-core_chroma,issues,body,1141,100.0,0.18,0.0,NoneType|str
chroma-core_chroma,issues,closed_at,1141,100.0,41.72,0.0,NoneType|str
chroma-core_chroma,issues,closed_by,1141,41.72,100.0,0.0,NoneType
chroma-core_chroma,issues,closed_by.avatar_url,1141,58.28,0.0,0.0,str
chroma-core_chroma,issues,closed_by.events_url,1141,58.28,0.0,0.0,str
chroma-core_chroma,issues,closed_by.followers_url,1141,58.28,0.0,0.0,str
chroma-core_chroma,issues,closed_by.following_url,1141,58.28,0.0,0.0,str
chroma-core_chroma,issues,closed_by.gists_url,1141,58.28,0.0,0.0,str
chroma-core_chroma,issues,closed_by.gravatar_id,1141,58.28,0.0,100.0,str
chroma-core_chroma,issues,closed_by.html_url,1141,58.28,0.0,0.0,str
chroma-core_chroma,issues,closed_by.id,1141,58.28,0.0,0.0,int
chroma-core_chroma,issues,closed_by.login,1141,58.28,0.0,0.0,str
chroma-core_chroma,issues,closed_by.node_id,1141,58.28,0.0,0.0,str
chroma-core_chroma,issues,closed_by.organizations_url,1141,58.28,0.0,0.0,str
chroma-core_chroma,issues,closed_by.received_events_url,1141,58.28,0.0,0.0,str
chroma-core_chroma,issues,closed_by.repos_url,1141,58.28,0.0,0.0,str
chroma-core_chroma,issues,closed_by.site_admin,1141,58.28,0.0,0.0,bool
chroma-core_chroma,issues,closed_by.starred_url,1141,58.28,0.0,0.0,str
chroma-core_chroma,issues,closed_by.subscriptions_url,1141,58.28,0.0,0.0,str
chroma-core_chroma,issues,closed_by.type,1141,58.28,0.0,0.0,str
chroma-core_chroma,issues,closed_by.url,1141,58.28,0.0,0.0,str
chroma-core_chroma,issues,closed_by.user_view_type,1141,58.28,0.0,0.0,str
chroma-core_chroma,issues,comments,1141,100.0,0.0,0.0,int
chroma-core_chroma,issues,comments_url,1141,100.0,0.0,0.0,str
chroma-core_chroma,issues,created_at,1141,100.0,0.0,0.0,str
chroma-core_chroma,issues,draft,1141,86.59,0.0,0.0,bool
chroma-core_chroma,issues,events_url,1141,100.0,0.0,0.0,str
chroma-core_chroma,issues,html_url,1141,100.0,0.0,0.0,str
chroma-core_chroma,issues,id,1141,100.0,0.0,0.0,int
chroma-core_chroma,issues,issue_dependencies_summary.blocked_by,1141,13.41,0.0,0.0,int
chroma-core_chroma,issues,issue_dependencies_summary.blocking,1141,13.41,0.0,0.0,int
chroma-core_chroma,issues,issue_dependencies_summary.total_blocked_by,1141,13.41,0.0,0.0,int
chroma-core_chroma,issues,issue_dependencies_summary.total_blocking,1141,13.41,0.0,0.0,int
chroma-core_chroma,issues,issue_field_values,1141,100.0,0.0,0.0,list
chroma-core_chroma,issues,labels,1141,100.0,0.0,0.0,list
chroma-core_chroma,issues,labels_url,1141,100.0,0.0,0.0,str
chroma-core_chroma,issues,locked,1141,100.0,0.0,0.0,bool
chroma-core_chroma,issues,milestone,1141,99.91,100.0,0.0,NoneType
chroma-core_chroma,issues,milestone.closed_at,1141,0.09,100.0,0.0,NoneType
chroma-core_chroma,issues,milestone.closed_issues,1141,0.09,0.0,0.0,int
chroma-core_chroma,issues,milestone.created_at,1141,0.09,0.0,0.0,str
chroma-core_chroma,issues,milestone.creator.avatar_url,1141,0.09,0.0,0.0,str
chroma-core_chroma,issues,milestone.creator.events_url,1141,0.09,0.0,0.0,str
chroma-core_chroma,issues,milestone.creator.followers_url,1141,0.09,0.0,0.0,str
chroma-core_chroma,issues,milestone.creator.following_url,1141,0.09,0.0,0.0,str
chroma-core_chroma,issues,milestone.creator.gists_url,1141,0.09,0.0,0.0,str
chroma-core_chroma,issues,milestone.creator.gravatar_id,1141,0.09,0.0,100.0,str
chroma-core_chroma,issues,milestone.creator.html_url,1141,0.09,0.0,0.0,str
chroma-core_chroma,issues,milestone.creator.id,1141,0.09,0.0,0.0,int
chroma-core_chroma,issues,milestone.creator.login,1141,0.09,0.0,0.0,str
chroma-core_chroma,issues,milestone.creator.node_id,1141,0.09,0.0,0.0,str
chroma-core_chroma,issues,milestone.creator.organizations_url,1141,0.09,0.0,0.0,str
chroma-core_chroma,issues,milestone.creator.received_events_url,1141,0.09,0.0,0.0,str
chroma-core_chroma,issues,milestone.creator.repos_url,1141,0.09,0.0,0.0,str
chroma-core_chroma,issues,milestone.creator.site_admin,1141,0.09,0.0,0.0,bool
chroma-core_chroma,issues,milestone.creator.starred_url,1141,0.09,0.0,0.0,str
chroma-core_chroma,issues,milestone.creator.subscriptions_url,1141,0.09,0.0,0.0,str
chroma-core_chroma,issues,milestone.creator.type,1141,0.09,0.0,0.0,str
chroma-core_chroma,issues,milestone.creator.url,1141,0.09,0.0,0.0,str
chroma-core_chroma,issues,milestone.creator.user_view_type,1141,0.09,0.0,0.0,str
chroma-core_chroma,issues,milestone.description,1141,0.09,0.0,0.0,str
chroma-core_chroma,issues,milestone.due_on,1141,0.09,0.0,0.0,str
chroma-core_chroma,issues,milestone.html_url,1141,0.09,0.0,0.0,str
chroma-core_chroma,issues,milestone.id,1141,0.09,0.0,0.0,int
chroma-core_chroma,issues,milestone.labels_url,1141,0.09,0.0,0.0,str
chroma-core_chroma,issues,milestone.node_id,1141,0.09,0.0,0.0,str
chroma-core_chroma,issues,milestone.number,1141,0.09,0.0,0.0,int
chroma-core_chroma,issues,milestone.open_issues,1141,0.09,0.0,0.0,int
chroma-core_chroma,issues,milestone.state,1141,0.09,0.0,0.0,str
chroma-core_chroma,issues,milestone.title,1141,0.09,0.0,0.0,str
chroma-core_chroma,issues,milestone.updated_at,1141,0.09,0.0,0.0,str
chroma-core_chroma,issues,milestone.url,1141,0.09,0.0,0.0,str
chroma-core_chroma,issues,node_id,1141,100.0,0.0,0.0,str
chroma-core_chroma,issues,number,1141,100.0,0.0,0.0,int
chroma-core_chroma,issues,performed_via_github_app,1141,90.36,100.0,0.0,NoneType
chroma-core_chroma,issues,performed_via_github_app.client_id,1141,9.64,0.0,0.0,str
chroma-core_chroma,issues,performed_via_github_app.created_at,1141,9.64,0.0,0.0,str
chroma-core_chroma,issues,performed_via_github_app.description,1141,9.64,0.0,0.0,str
chroma-core_chroma,issues,performed_via_github_app.events,1141,9.64,0.0,0.0,list
chroma-core_chroma,issues,performed_via_github_app.external_url,1141,9.64,0.0,0.0,str
chroma-core_chroma,issues,performed_via_github_app.html_url,1141,9.64,0.0,0.0,str
chroma-core_chroma,issues,performed_via_github_app.id,1141,9.64,0.0,0.0,int
chroma-core_chroma,issues,performed_via_github_app.name,1141,9.64,0.0,0.0,str
chroma-core_chroma,issues,performed_via_github_app.node_id,1141,9.64,0.0,0.0,str
chroma-core_chroma,issues,performed_via_github_app.owner.avatar_url,1141,9.64,0.0,0.0,str
chroma-core_chroma,issues,performed_via_github_app.owner.events_url,1141,9.64,0.0,0.0,str
chroma-core_chroma,issues,performed_via_github_app.owner.followers_url,1141,9.64,0.0,0.0,str
chroma-core_chroma,issues,performed_via_github_app.owner.following_url,1141,9.64,0.0,0.0,str
chroma-core_chroma,issues,performed_via_github_app.owner.gists_url,1141,9.64,0.0,0.0,str
chroma-core_chroma,issues,performed_via_github_app.owner.gravatar_id,1141,9.64,0.0,100.0,str
chroma-core_chroma,issues,performed_via_github_app.owner.html_url,1141,9.64,0.0,0.0,str
chroma-core_chroma,issues,performed_via_github_app.owner.id,1141,9.64,0.0,0.0,int
chroma-core_chroma,issues,performed_via_github_app.owner.login,1141,9.64,0.0,0.0,str
chroma-core_chroma,issues,performed_via_github_app.owner.node_id,1141,9.64,0.0,0.0,str
chroma-core_chroma,issues,performed_via_github_app.owner.organizations_url,1141,9.64,0.0,0.0,str
chroma-core_chroma,issues,performed_via_github_app.owner.received_events_url,1141,9.64,0.0,0.0,str
chroma-core_chroma,issues,performed_via_github_app.owner.repos_url,1141,9.64,0.0,0.0,str
chroma-core_chroma,issues,performed_via_github_app.owner.site_admin,1141,9.64,0.0,0.0,bool
chroma-core_chroma,issues,performed_via_github_app.owner.starred_url,1141,9.64,0.0,0.0,str
chroma-core_chroma,issues,performed_via_github_app.owner.subscriptions_url,1141,9.64,0.0,0.0,str
chroma-core_chroma,issues,performed_via_github_app.owner.type,1141,9.64,0.0,0.0,str
chroma-core_chroma,issues,performed_via_github_app.owner.url,1141,9.64,0.0,0.0,str
chroma-core_chroma,issues,performed_via_github_app.owner.user_view_type,1141,9.64,0.0,0.0,str
chroma-core_chroma,issues,performed_via_github_app.permissions.actions,1141,9.64,0.0,0.0,str
chroma-core_chroma,issues,performed_via_github_app.permissions.administration,1141,8.59,0.0,0.0,str
chroma-core_chroma,issues,performed_via_github_app.permissions.checks,1141,9.64,0.0,0.0,str
chroma-core_chroma,issues,performed_via_github_app.permissions.contents,1141,9.64,0.0,0.0,str
chroma-core_chroma,issues,performed_via_github_app.permissions.deployments,1141,8.59,0.0,0.0,str
chroma-core_chroma,issues,performed_via_github_app.permissions.discussions,1141,0.53,0.0,0.0,str
chroma-core_chroma,issues,performed_via_github_app.permissions.emails,1141,9.29,0.0,0.0,str
chroma-core_chroma,issues,performed_via_github_app.permissions.issues,1141,9.64,0.0,0.0,str
chroma-core_chroma,issues,performed_via_github_app.permissions.members,1141,8.94,0.0,0.0,str
chroma-core_chroma,issues,performed_via_github_app.permissions.merge_queues,1141,0.18,0.0,0.0,str
chroma-core_chroma,issues,performed_via_github_app.permissions.metadata,1141,9.64,0.0,0.0,str
chroma-core_chroma,issues,performed_via_github_app.permissions.organization_custom_org_roles,1141,0.18,0.0,0.0,str
chroma-core_chroma,issues,performed_via_github_app.permissions.organization_custom_properties,1141,8.59,0.0,0.0,str
chroma-core_chroma,issues,performed_via_github_app.permissions.organization_custom_roles,1141,8.59,0.0,0.0,str
chroma-core_chroma,issues,performed_via_github_app.permissions.packages,1141,0.18,0.0,0.0,str
chroma-core_chroma,issues,performed_via_github_app.permissions.pages,1141,0.18,0.0,0.0,str
chroma-core_chroma,issues,performed_via_github_app.permissions.pull_requests,1141,9.64,0.0,0.0,str
chroma-core_chroma,issues,performed_via_github_app.permissions.repository_hooks,1141,0.35,0.0,0.0,str
chroma-core_chroma,issues,performed_via_github_app.permissions.statuses,1141,9.64,0.0,0.0,str
chroma-core_chroma,issues,performed_via_github_app.permissions.workflows,1141,9.64,0.0,0.0,str
chroma-core_chroma,issues,performed_via_github_app.slug,1141,9.64,0.0,0.0,str
chroma-core_chroma,issues,performed_via_github_app.updated_at,1141,9.64,0.0,0.0,str
chroma-core_chroma,issues,pinned_comment,1141,13.41,100.0,0.0,NoneType
chroma-core_chroma,issues,pull_request.diff_url,1141,86.59,0.0,0.0,str
chroma-core_chroma,issues,pull_request.html_url,1141,86.59,0.0,0.0,str
chroma-core_chroma,issues,pull_request.merged_at,1141,86.59,52.43,0.0,NoneType|str
chroma-core_chroma,issues,pull_request.patch_url,1141,86.59,0.0,0.0,str
chroma-core_chroma,issues,pull_request.url,1141,86.59,0.0,0.0,str
chroma-core_chroma,issues,reactions.+1,1141,100.0,0.0,0.0,int
chroma-core_chroma,issues,reactions.-1,1141,100.0,0.0,0.0,int
chroma-core_chroma,issues,reactions.confused,1141,100.0,0.0,0.0,int
chroma-core_chroma,issues,reactions.eyes,1141,100.0,0.0,0.0,int
chroma-core_chroma,issues,reactions.heart,1141,100.0,0.0,0.0,int
chroma-core_chroma,issues,reactions.hooray,1141,100.0,0.0,0.0,int
chroma-core_chroma,issues,reactions.laugh,1141,100.0,0.0,0.0,int
chroma-core_chroma,issues,reactions.rocket,1141,100.0,0.0,0.0,int
chroma-core_chroma,issues,reactions.total_count,1141,100.0,0.0,0.0,int
chroma-core_chroma,issues,reactions.url,1141,100.0,0.0,0.0,str
chroma-core_chroma,issues,repository_url,1141,100.0,0.0,0.0,str
chroma-core_chroma,issues,state,1141,100.0,0.0,0.0,str
chroma-core_chroma,issues,state_reason,1141,100.0,98.42,0.0,NoneType|str
chroma-core_chroma,issues,sub_issues_summary.completed,1141,13.41,0.0,0.0,int
chroma-core_chroma,issues,sub_issues_summary.percent_completed,1141,13.41,0.0,0.0,int
chroma-core_chroma,issues,sub_issues_summary.total,1141,13.41,0.0,0.0,int
chroma-core_chroma,issues,timeline_url,1141,100.0,0.0,0.0,str
chroma-core_chroma,issues,title,1141,100.0,0.0,0.0,str
chroma-core_chroma,issues,type,1141,99.91,100.0,0.0,NoneType
chroma-core_chroma,issues,type.color,1141,0.09,0.0,0.0,str
chroma-core_chroma,issues,type.created_at,1141,0.09,0.0,0.0,str
chroma-core_chroma,issues,type.description,1141,0.09,0.0,0.0,str
chroma-core_chroma,issues,type.id,1141,0.09,0.0,0.0,int
chroma-core_chroma,issues,type.is_enabled,1141,0.09,0.0,0.0,bool
chroma-core_chroma,issues,type.name,1141,0.09,0.0,0.0,str
chroma-core_chroma,issues,type.node_id,1141,0.09,0.0,0.0,str
chroma-core_chroma,issues,type.updated_at,1141,0.09,0.0,0.0,str
chroma-core_chroma,issues,updated_at,1141,100.0,0.0,0.0,str
chroma-core_chroma,issues,url,1141,100.0,0.0,0.0,str
chroma-core_chroma,issues,user.avatar_url,1141,100.0,0.0,0.0,str
chroma-core_chroma,issues,user.events_url,1141,100.0,0.0,0.0,str
chroma-core_chroma,issues,user.followers_url,1141,100.0,0.0,0.0,str
chroma-core_chroma,issues,user.following_url,1141,100.0,0.0,0.0,str
chroma-core_chroma,issues,user.gists_url,1141,100.0,0.0,0.0,str
chroma-core_chroma,issues,user.gravatar_id,1141,100.0,0.0,100.0,str
chroma-core_chroma,issues,user.html_url,1141,100.0,0.0,0.0,str
chroma-core_chroma,issues,user.id,1141,100.0,0.0,0.0,int
chroma-core_chroma,issues,user.login,1141,100.0,0.0,0.0,str
chroma-core_chroma,issues,user.node_id,1141,100.0,0.0,0.0,str
chroma-core_chroma,issues,user.organizations_url,1141,100.0,0.0,0.0,str
chroma-core_chroma,issues,user.received_events_url,1141,100.0,0.0,0.0,str
chroma-core_chroma,issues,user.repos_url,1141,100.0,0.0,0.0,str
chroma-core_chroma,issues,user.site_admin,1141,100.0,0.0,0.0,bool
chroma-core_chroma,issues,user.starred_url,1141,100.0,0.0,0.0,str
chroma-core_chroma,issues,user.subscriptions_url,1141,100.0,0.0,0.0,str
chroma-core_chroma,issues,user.type,1141,100.0,0.0,0.0,str
chroma-core_chroma,issues,user.url,1141,100.0,0.0,0.0,str
chroma-core_chroma,issues,user.user_view_type,1141,100.0,0.0,0.0,str
chroma-core_chroma,pulls,_links.comments.href,887,100.0,0.0,0.0,str
chroma-core_chroma,pulls,_links.commits.href,887,100.0,0.0,0.0,str
chroma-core_chroma,pulls,_links.html.href,887,100.0,0.0,0.0,str
chroma-core_chroma,pulls,_links.issue.href,887,100.0,0.0,0.0,str
chroma-core_chroma,pulls,_links.review_comment.href,887,100.0,0.0,0.0,str
chroma-core_chroma,pulls,_links.review_comments.href,887,100.0,0.0,0.0,str
chroma-core_chroma,pulls,_links.self.href,887,100.0,0.0,0.0,str
chroma-core_chroma,pulls,_links.statuses.href,887,100.0,0.0,0.0,str
chroma-core_chroma,pulls,active_lock_reason,887,100.0,100.0,0.0,NoneType
chroma-core_chroma,pulls,assignee,887,97.75,100.0,0.0,NoneType
chroma-core_chroma,pulls,assignee.avatar_url,887,2.25,0.0,0.0,str
chroma-core_chroma,pulls,assignee.events_url,887,2.25,0.0,0.0,str
chroma-core_chroma,pulls,assignee.followers_url,887,2.25,0.0,0.0,str
chroma-core_chroma,pulls,assignee.following_url,887,2.25,0.0,0.0,str
chroma-core_chroma,pulls,assignee.gists_url,887,2.25,0.0,0.0,str
chroma-core_chroma,pulls,assignee.gravatar_id,887,2.25,0.0,100.0,str
chroma-core_chroma,pulls,assignee.html_url,887,2.25,0.0,0.0,str
chroma-core_chroma,pulls,assignee.id,887,2.25,0.0,0.0,int
chroma-core_chroma,pulls,assignee.login,887,2.25,0.0,0.0,str
chroma-core_chroma,pulls,assignee.node_id,887,2.25,0.0,0.0,str
chroma-core_chroma,pulls,assignee.organizations_url,887,2.25,0.0,0.0,str
chroma-core_chroma,pulls,assignee.received_events_url,887,2.25,0.0,0.0,str
chroma-core_chroma,pulls,assignee.repos_url,887,2.25,0.0,0.0,str
chroma-core_chroma,pulls,assignee.site_admin,887,2.25,0.0,0.0,bool
chroma-core_chroma,pulls,assignee.starred_url,887,2.25,0.0,0.0,str
chroma-core_chroma,pulls,assignee.subscriptions_url,887,2.25,0.0,0.0,str
chroma-core_chroma,pulls,assignee.type,887,2.25,0.0,0.0,str
chroma-core_chroma,pulls,assignee.url,887,2.25,0.0,0.0,str
chroma-core_chroma,pulls,assignee.user_view_type,887,2.25,0.0,0.0,str
chroma-core_chroma,pulls,assignees,887,100.0,0.0,0.0,list
chroma-core_chroma,pulls,author_association,887,100.0,0.0,0.0,str
chroma-core_chroma,pulls,auto_merge,887,90.3,100.0,0.0,NoneType
chroma-core_chroma,pulls,auto_merge.commit_message,887,9.7,2.33,1.16,NoneType|str
chroma-core_chroma,pulls,auto_merge.commit_title,887,9.7,3.49,0.0,NoneType|str
chroma-core_chroma,pulls,auto_merge.enabled_by.avatar_url,887,9.7,0.0,0.0,str
chroma-core_chroma,pulls,auto_merge.enabled_by.events_url,887,9.7,0.0,0.0,str
chroma-core_chroma,pulls,auto_merge.enabled_by.followers_url,887,9.7,0.0,0.0,str
chroma-core_chroma,pulls,auto_merge.enabled_by.following_url,887,9.7,0.0,0.0,str
chroma-core_chroma,pulls,auto_merge.enabled_by.gists_url,887,9.7,0.0,0.0,str
chroma-core_chroma,pulls,auto_merge.enabled_by.gravatar_id,887,9.7,0.0,100.0,str
chroma-core_chroma,pulls,auto_merge.enabled_by.html_url,887,9.7,0.0,0.0,str
chroma-core_chroma,pulls,auto_merge.enabled_by.id,887,9.7,0.0,0.0,int
chroma-core_chroma,pulls,auto_merge.enabled_by.login,887,9.7,0.0,0.0,str
chroma-core_chroma,pulls,auto_merge.enabled_by.node_id,887,9.7,0.0,0.0,str
chroma-core_chroma,pulls,auto_merge.enabled_by.organizations_url,887,9.7,0.0,0.0,str
chroma-core_chroma,pulls,auto_merge.enabled_by.received_events_url,887,9.7,0.0,0.0,str
chroma-core_chroma,pulls,auto_merge.enabled_by.repos_url,887,9.7,0.0,0.0,str
chroma-core_chroma,pulls,auto_merge.enabled_by.site_admin,887,9.7,0.0,0.0,bool
chroma-core_chroma,pulls,auto_merge.enabled_by.starred_url,887,9.7,0.0,0.0,str
chroma-core_chroma,pulls,auto_merge.enabled_by.subscriptions_url,887,9.7,0.0,0.0,str
chroma-core_chroma,pulls,auto_merge.enabled_by.type,887,9.7,0.0,0.0,str
chroma-core_chroma,pulls,auto_merge.enabled_by.url,887,9.7,0.0,0.0,str
chroma-core_chroma,pulls,auto_merge.enabled_by.user_view_type,887,9.7,0.0,0.0,str
chroma-core_chroma,pulls,auto_merge.merge_method,887,9.7,0.0,0.0,str
chroma-core_chroma,pulls,base.label,887,100.0,0.0,0.0,str
chroma-core_chroma,pulls,base.ref,887,100.0,0.0,0.0,str
chroma-core_chroma,pulls,base.repo.allow_forking,887,100.0,0.0,0.0,bool
chroma-core_chroma,pulls,base.repo.archive_url,887,100.0,0.0,0.0,str
chroma-core_chroma,pulls,base.repo.archived,887,100.0,0.0,0.0,bool
chroma-core_chroma,pulls,base.repo.assignees_url,887,100.0,0.0,0.0,str
chroma-core_chroma,pulls,base.repo.blobs_url,887,100.0,0.0,0.0,str
chroma-core_chroma,pulls,base.repo.branches_url,887,100.0,0.0,0.0,str
chroma-core_chroma,pulls,base.repo.clone_url,887,100.0,0.0,0.0,str
chroma-core_chroma,pulls,base.repo.collaborators_url,887,100.0,0.0,0.0,str
chroma-core_chroma,pulls,base.repo.comments_url,887,100.0,0.0,0.0,str
chroma-core_chroma,pulls,base.repo.commits_url,887,100.0,0.0,0.0,str
chroma-core_chroma,pulls,base.repo.compare_url,887,100.0,0.0,0.0,str
chroma-core_chroma,pulls,base.repo.contents_url,887,100.0,0.0,0.0,str
chroma-core_chroma,pulls,base.repo.contributors_url,887,100.0,0.0,0.0,str
chroma-core_chroma,pulls,base.repo.created_at,887,100.0,0.0,0.0,str
chroma-core_chroma,pulls,base.repo.default_branch,887,100.0,0.0,0.0,str
chroma-core_chroma,pulls,base.repo.deployments_url,887,100.0,0.0,0.0,str
chroma-core_chroma,pulls,base.repo.description,887,100.0,0.0,0.0,str
chroma-core_chroma,pulls,base.repo.disabled,887,100.0,0.0,0.0,bool
chroma-core_chroma,pulls,base.repo.downloads_url,887,100.0,0.0,0.0,str
chroma-core_chroma,pulls,base.repo.events_url,887,100.0,0.0,0.0,str
chroma-core_chroma,pulls,base.repo.fork,887,100.0,0.0,0.0,bool
chroma-core_chroma,pulls,base.repo.forks,887,100.0,0.0,0.0,int
chroma-core_chroma,pulls,base.repo.forks_count,887,100.0,0.0,0.0,int
chroma-core_chroma,pulls,base.repo.forks_url,887,100.0,0.0,0.0,str
chroma-core_chroma,pulls,base.repo.full_name,887,100.0,0.0,0.0,str
chroma-core_chroma,pulls,base.repo.git_commits_url,887,100.0,0.0,0.0,str
chroma-core_chroma,pulls,base.repo.git_refs_url,887,100.0,0.0,0.0,str
chroma-core_chroma,pulls,base.repo.git_tags_url,887,100.0,0.0,0.0,str
chroma-core_chroma,pulls,base.repo.git_url,887,100.0,0.0,0.0,str
chroma-core_chroma,pulls,base.repo.has_discussions,887,100.0,0.0,0.0,bool
chroma-core_chroma,pulls,base.repo.has_downloads,887,100.0,0.0,0.0,bool
chroma-core_chroma,pulls,base.repo.has_issues,887,100.0,0.0,0.0,bool
chroma-core_chroma,pulls,base.repo.has_pages,887,100.0,0.0,0.0,bool
chroma-core_chroma,pulls,base.repo.has_projects,887,100.0,0.0,0.0,bool
chroma-core_chroma,pulls,base.repo.has_pull_requests,887,100.0,0.0,0.0,bool
chroma-core_chroma,pulls,base.repo.has_wiki,887,100.0,0.0,0.0,bool
chroma-core_chroma,pulls,base.repo.homepage,887,100.0,0.0,0.0,str
chroma-core_chroma,pulls,base.repo.hooks_url,887,100.0,0.0,0.0,str
chroma-core_chroma,pulls,base.repo.html_url,887,100.0,0.0,0.0,str
chroma-core_chroma,pulls,base.repo.id,887,100.0,0.0,0.0,int
chroma-core_chroma,pulls,base.repo.is_template,887,100.0,0.0,0.0,bool
chroma-core_chroma,pulls,base.repo.issue_comment_url,887,100.0,0.0,0.0,str
chroma-core_chroma,pulls,base.repo.issue_events_url,887,100.0,0.0,0.0,str
chroma-core_chroma,pulls,base.repo.issues_url,887,100.0,0.0,0.0,str
chroma-core_chroma,pulls,base.repo.keys_url,887,100.0,0.0,0.0,str
chroma-core_chroma,pulls,base.repo.labels_url,887,100.0,0.0,0.0,str
chroma-core_chroma,pulls,base.repo.language,887,100.0,0.0,0.0,str
chroma-core_chroma,pulls,base.repo.languages_url,887,100.0,0.0,0.0,str
chroma-core_chroma,pulls,base.repo.license.key,887,100.0,0.0,0.0,str
chroma-core_chroma,pulls,base.repo.license.name,887,100.0,0.0,0.0,str
chroma-core_chroma,pulls,base.repo.license.node_id,887,100.0,0.0,0.0,str
chroma-core_chroma,pulls,base.repo.license.spdx_id,887,100.0,0.0,0.0,str
chroma-core_chroma,pulls,base.repo.license.url,887,100.0,0.0,0.0,str
chroma-core_chroma,pulls,base.repo.merges_url,887,100.0,0.0,0.0,str
chroma-core_chroma,pulls,base.repo.milestones_url,887,100.0,0.0,0.0,str
chroma-core_chroma,pulls,base.repo.mirror_url,887,100.0,100.0,0.0,NoneType
chroma-core_chroma,pulls,base.repo.name,887,100.0,0.0,0.0,str
chroma-core_chroma,pulls,base.repo.node_id,887,100.0,0.0,0.0,str
chroma-core_chroma,pulls,base.repo.notifications_url,887,100.0,0.0,0.0,str
chroma-core_chroma,pulls,base.repo.open_issues,887,100.0,0.0,0.0,int
chroma-core_chroma,pulls,base.repo.open_issues_count,887,100.0,0.0,0.0,int
chroma-core_chroma,pulls,base.repo.owner.avatar_url,887,100.0,0.0,0.0,str
chroma-core_chroma,pulls,base.repo.owner.events_url,887,100.0,0.0,0.0,str
chroma-core_chroma,pulls,base.repo.owner.followers_url,887,100.0,0.0,0.0,str
chroma-core_chroma,pulls,base.repo.owner.following_url,887,100.0,0.0,0.0,str
chroma-core_chroma,pulls,base.repo.owner.gists_url,887,100.0,0.0,0.0,str
chroma-core_chroma,pulls,base.repo.owner.gravatar_id,887,100.0,0.0,100.0,str
chroma-core_chroma,pulls,base.repo.owner.html_url,887,100.0,0.0,0.0,str
chroma-core_chroma,pulls,base.repo.owner.id,887,100.0,0.0,0.0,int
chroma-core_chroma,pulls,base.repo.owner.login,887,100.0,0.0,0.0,str
chroma-core_chroma,pulls,base.repo.owner.node_id,887,100.0,0.0,0.0,str
chroma-core_chroma,pulls,base.repo.owner.organizations_url,887,100.0,0.0,0.0,str
chroma-core_chroma,pulls,base.repo.owner.received_events_url,887,100.0,0.0,0.0,str
chroma-core_chroma,pulls,base.repo.owner.repos_url,887,100.0,0.0,0.0,str
chroma-core_chroma,pulls,base.repo.owner.site_admin,887,100.0,0.0,0.0,bool
chroma-core_chroma,pulls,base.repo.owner.starred_url,887,100.0,0.0,0.0,str
chroma-core_chroma,pulls,base.repo.owner.subscriptions_url,887,100.0,0.0,0.0,str
chroma-core_chroma,pulls,base.repo.owner.type,887,100.0,0.0,0.0,str
chroma-core_chroma,pulls,base.repo.owner.url,887,100.0,0.0,0.0,str
chroma-core_chroma,pulls,base.repo.owner.user_view_type,887,100.0,0.0,0.0,str
chroma-core_chroma,pulls,base.repo.private,887,100.0,0.0,0.0,bool
chroma-core_chroma,pulls,base.repo.pull_request_creation_policy,887,100.0,0.0,0.0,str
chroma-core_chroma,pulls,base.repo.pulls_url,887,100.0,0.0,0.0,str
chroma-core_chroma,pulls,base.repo.pushed_at,887,100.0,0.0,0.0,str
chroma-core_chroma,pulls,base.repo.releases_url,887,100.0,0.0,0.0,str
chroma-core_chroma,pulls,base.repo.size,887,100.0,0.0,0.0,int
chroma-core_chroma,pulls,base.repo.ssh_url,887,100.0,0.0,0.0,str
chroma-core_chroma,pulls,base.repo.stargazers_count,887,100.0,0.0,0.0,int
chroma-core_chroma,pulls,base.repo.stargazers_url,887,100.0,0.0,0.0,str
chroma-core_chroma,pulls,base.repo.statuses_url,887,100.0,0.0,0.0,str
chroma-core_chroma,pulls,base.repo.subscribers_url,887,100.0,0.0,0.0,str
chroma-core_chroma,pulls,base.repo.subscription_url,887,100.0,0.0,0.0,str
chroma-core_chroma,pulls,base.repo.svn_url,887,100.0,0.0,0.0,str
chroma-core_chroma,pulls,base.repo.tags_url,887,100.0,0.0,0.0,str
chroma-core_chroma,pulls,base.repo.teams_url,887,100.0,0.0,0.0,str
chroma-core_chroma,pulls,base.repo.topics,887,100.0,0.0,0.0,list
chroma-core_chroma,pulls,base.repo.trees_url,887,100.0,0.0,0.0,str
chroma-core_chroma,pulls,base.repo.updated_at,887,100.0,0.0,0.0,str
chroma-core_chroma,pulls,base.repo.url,887,100.0,0.0,0.0,str
chroma-core_chroma,pulls,base.repo.visibility,887,100.0,0.0,0.0,str
chroma-core_chroma,pulls,base.repo.watchers,887,100.0,0.0,0.0,int
chroma-core_chroma,pulls,base.repo.watchers_count,887,100.0,0.0,0.0,int
chroma-core_chroma,pulls,base.repo.web_commit_signoff_required,887,100.0,0.0,0.0,bool
chroma-core_chroma,pulls,base.sha,887,100.0,0.0,0.0,str
chroma-core_chroma,pulls,base.user.avatar_url,887,100.0,0.0,0.0,str
chroma-core_chroma,pulls,base.user.events_url,887,100.0,0.0,0.0,str
chroma-core_chroma,pulls,base.user.followers_url,887,100.0,0.0,0.0,str
chroma-core_chroma,pulls,base.user.following_url,887,100.0,0.0,0.0,str
chroma-core_chroma,pulls,base.user.gists_url,887,100.0,0.0,0.0,str
chroma-core_chroma,pulls,base.user.gravatar_id,887,100.0,0.0,100.0,str
chroma-core_chroma,pulls,base.user.html_url,887,100.0,0.0,0.0,str
chroma-core_chroma,pulls,base.user.id,887,100.0,0.0,0.0,int
chroma-core_chroma,pulls,base.user.login,887,100.0,0.0,0.0,str
chroma-core_chroma,pulls,base.user.node_id,887,100.0,0.0,0.0,str
chroma-core_chroma,pulls,base.user.organizations_url,887,100.0,0.0,0.0,str
chroma-core_chroma,pulls,base.user.received_events_url,887,100.0,0.0,0.0,str
chroma-core_chroma,pulls,base.user.repos_url,887,100.0,0.0,0.0,str
chroma-core_chroma,pulls,base.user.site_admin,887,100.0,0.0,0.0,bool
chroma-core_chroma,pulls,base.user.starred_url,887,100.0,0.0,0.0,str
chroma-core_chroma,pulls,base.user.subscriptions_url,887,100.0,0.0,0.0,str
chroma-core_chroma,pulls,base.user.type,887,100.0,0.0,0.0,str
chroma-core_chroma,pulls,base.user.url,887,100.0,0.0,0.0,str
chroma-core_chroma,pulls,base.user.user_view_type,887,100.0,0.0,0.0,str
chroma-core_chroma,pulls,body,887,100.0,0.23,0.0,NoneType|str
chroma-core_chroma,pulls,closed_at,887,100.0,36.53,0.0,NoneType|str
chroma-core_chroma,pulls,comments_url,887,100.0,0.0,0.0,str
chroma-core_chroma,pulls,commits_url,887,100.0,0.0,0.0,str
chroma-core_chroma,pulls,created_at,887,100.0,0.0,0.0,str
chroma-core_chroma,pulls,diff_url,887,100.0,0.0,0.0,str
chroma-core_chroma,pulls,draft,887,100.0,0.0,0.0,bool
chroma-core_chroma,pulls,head.label,887,100.0,0.0,0.0,str
chroma-core_chroma,pulls,head.ref,887,100.0,0.0,0.0,str
chroma-core_chroma,pulls,head.repo,887,3.72,100.0,0.0,NoneType
chroma-core_chroma,pulls,head.repo.allow_forking,887,96.28,0.0,0.0,bool
chroma-core_chroma,pulls,head.repo.archive_url,887,96.28,0.0,0.0,str
chroma-core_chroma,pulls,head.repo.archived,887,96.28,0.0,0.0,bool
chroma-core_chroma,pulls,head.repo.assignees_url,887,96.28,0.0,0.0,str
chroma-core_chroma,pulls,head.repo.blobs_url,887,96.28,0.0,0.0,str
chroma-core_chroma,pulls,head.repo.branches_url,887,96.28,0.0,0.0,str
chroma-core_chroma,pulls,head.repo.clone_url,887,96.28,0.0,0.0,str
chroma-core_chroma,pulls,head.repo.collaborators_url,887,96.28,0.0,0.0,str
chroma-core_chroma,pulls,head.repo.comments_url,887,96.28,0.0,0.0,str
chroma-core_chroma,pulls,head.repo.commits_url,887,96.28,0.0,0.0,str
chroma-core_chroma,pulls,head.repo.compare_url,887,96.28,0.0,0.0,str
chroma-core_chroma,pulls,head.repo.contents_url,887,96.28,0.0,0.0,str
chroma-core_chroma,pulls,head.repo.contributors_url,887,96.28,0.0,0.0,str
chroma-core_chroma,pulls,head.repo.created_at,887,96.28,0.0,0.0,str
chroma-core_chroma,pulls,head.repo.default_branch,887,96.28,0.0,0.0,str
chroma-core_chroma,pulls,head.repo.deployments_url,887,96.28,0.0,0.0,str
chroma-core_chroma,pulls,head.repo.description,887,96.28,0.0,0.0,str
chroma-core_chroma,pulls,head.repo.disabled,887,96.28,0.0,0.0,bool
chroma-core_chroma,pulls,head.repo.downloads_url,887,96.28,0.0,0.0,str
chroma-core_chroma,pulls,head.repo.events_url,887,96.28,0.0,0.0,str
chroma-core_chroma,pulls,head.repo.fork,887,96.28,0.0,0.0,bool
chroma-core_chroma,pulls,head.repo.forks,887,96.28,0.0,0.0,int
chroma-core_chroma,pulls,head.repo.forks_count,887,96.28,0.0,0.0,int
chroma-core_chroma,pulls,head.repo.forks_url,887,96.28,0.0,0.0,str
chroma-core_chroma,pulls,head.repo.full_name,887,96.28,0.0,0.0,str
chroma-core_chroma,pulls,head.repo.git_commits_url,887,96.28,0.0,0.0,str
chroma-core_chroma,pulls,head.repo.git_refs_url,887,96.28,0.0,0.0,str
chroma-core_chroma,pulls,head.repo.git_tags_url,887,96.28,0.0,0.0,str
chroma-core_chroma,pulls,head.repo.git_url,887,96.28,0.0,0.0,str
chroma-core_chroma,pulls,head.repo.has_discussions,887,96.28,0.0,0.0,bool
chroma-core_chroma,pulls,head.repo.has_downloads,887,96.28,0.0,0.0,bool
chroma-core_chroma,pulls,head.repo.has_issues,887,96.28,0.0,0.0,bool
chroma-core_chroma,pulls,head.repo.has_pages,887,96.28,0.0,0.0,bool
chroma-core_chroma,pulls,head.repo.has_projects,887,96.28,0.0,0.0,bool
chroma-core_chroma,pulls,head.repo.has_pull_requests,887,96.28,0.0,0.0,bool
chroma-core_chroma,pulls,head.repo.has_wiki,887,96.28,0.0,0.0,bool
chroma-core_chroma,pulls,head.repo.homepage,887,96.28,0.0,0.0,str
chroma-core_chroma,pulls,head.repo.hooks_url,887,96.28,0.0,0.0,str
chroma-core_chroma,pulls,head.repo.html_url,887,96.28,0.0,0.0,str
chroma-core_chroma,pulls,head.repo.id,887,96.28,0.0,0.0,int
chroma-core_chroma,pulls,head.repo.is_template,887,96.28,0.0,0.0,bool
chroma-core_chroma,pulls,head.repo.issue_comment_url,887,96.28,0.0,0.0,str
chroma-core_chroma,pulls,head.repo.issue_events_url,887,96.28,0.0,0.0,str
chroma-core_chroma,pulls,head.repo.issues_url,887,96.28,0.0,0.0,str
chroma-core_chroma,pulls,head.repo.keys_url,887,96.28,0.0,0.0,str
chroma-core_chroma,pulls,head.repo.labels_url,887,96.28,0.0,0.0,str
chroma-core_chroma,pulls,head.repo.language,887,96.28,30.21,0.0,NoneType|str
chroma-core_chroma,pulls,head.repo.languages_url,887,96.28,0.0,0.0,str
chroma-core_chroma,pulls,head.repo.license.key,887,96.28,0.0,0.0,str
chroma-core_chroma,pulls,head.repo.license.name,887,96.28,0.0,0.0,str
chroma-core_chroma,pulls,head.repo.license.node_id,887,96.28,0.0,0.0,str
chroma-core_chroma,pulls,head.repo.license.spdx_id,887,96.28,0.0,0.0,str
chroma-core_chroma,pulls,head.repo.license.url,887,96.28,0.0,0.0,str
chroma-core_chroma,pulls,head.repo.merges_url,887,96.28,0.0,0.0,str
chroma-core_chroma,pulls,head.repo.milestones_url,887,96.28,0.0,0.0,str
chroma-core_chroma,pulls,head.repo.mirror_url,887,96.28,100.0,0.0,NoneType
chroma-core_chroma,pulls,head.repo.name,887,96.28,0.0,0.0,str
chroma-core_chroma,pulls,head.repo.node_id,887,96.28,0.0,0.0,str
chroma-core_chroma,pulls,head.repo.notifications_url,887,96.28,0.0,0.0,str
chroma-core_chroma,pulls,head.repo.open_issues,887,96.28,0.0,0.0,int
chroma-core_chroma,pulls,head.repo.open_issues_count,887,96.28,0.0,0.0,int
chroma-core_chroma,pulls,head.repo.owner.avatar_url,887,96.28,0.0,0.0,str
chroma-core_chroma,pulls,head.repo.owner.events_url,887,96.28,0.0,0.0,str
chroma-core_chroma,pulls,head.repo.owner.followers_url,887,96.28,0.0,0.0,str
chroma-core_chroma,pulls,head.repo.owner.following_url,887,96.28,0.0,0.0,str
chroma-core_chroma,pulls,head.repo.owner.gists_url,887,96.28,0.0,0.0,str
chroma-core_chroma,pulls,head.repo.owner.gravatar_id,887,96.28,0.0,100.0,str
chroma-core_chroma,pulls,head.repo.owner.html_url,887,96.28,0.0,0.0,str
chroma-core_chroma,pulls,head.repo.owner.id,887,96.28,0.0,0.0,int
chroma-core_chroma,pulls,head.repo.owner.login,887,96.28,0.0,0.0,str
chroma-core_chroma,pulls,head.repo.owner.node_id,887,96.28,0.0,0.0,str
chroma-core_chroma,pulls,head.repo.owner.organizations_url,887,96.28,0.0,0.0,str
chroma-core_chroma,pulls,head.repo.owner.received_events_url,887,96.28,0.0,0.0,str
chroma-core_chroma,pulls,head.repo.owner.repos_url,887,96.28,0.0,0.0,str
chroma-core_chroma,pulls,head.repo.owner.site_admin,887,96.28,0.0,0.0,bool
chroma-core_chroma,pulls,head.repo.owner.starred_url,887,96.28,0.0,0.0,str
chroma-core_chroma,pulls,head.repo.owner.subscriptions_url,887,96.28,0.0,0.0,str
chroma-core_chroma,pulls,head.repo.owner.type,887,96.28,0.0,0.0,str
chroma-core_chroma,pulls,head.repo.owner.url,887,96.28,0.0,0.0,str
chroma-core_chroma,pulls,head.repo.owner.user_view_type,887,96.28,0.0,0.0,str
chroma-core_chroma,pulls,head.repo.private,887,96.28,0.0,0.0,bool
chroma-core_chroma,pulls,head.repo.pull_request_creation_policy,887,96.28,0.0,0.0,str
chroma-core_chroma,pulls,head.repo.pulls_url,887,96.28,0.0,0.0,str
chroma-core_chroma,pulls,head.repo.pushed_at,887,96.28,0.0,0.0,str
chroma-core_chroma,pulls,head.repo.releases_url,887,96.28,0.0,0.0,str
chroma-core_chroma,pulls,head.repo.size,887,96.28,0.0,0.0,int
chroma-core_chroma,pulls,head.repo.ssh_url,887,96.28,0.0,0.0,str
chroma-core_chroma,pulls,head.repo.stargazers_count,887,96.28,0.0,0.0,int
chroma-core_chroma,pulls,head.repo.stargazers_url,887,96.28,0.0,0.0,str
chroma-core_chroma,pulls,head.repo.statuses_url,887,96.28,0.0,0.0,str
chroma-core_chroma,pulls,head.repo.subscribers_url,887,96.28,0.0,0.0,str
chroma-core_chroma,pulls,head.repo.subscription_url,887,96.28,0.0,0.0,str
chroma-core_chroma,pulls,head.repo.svn_url,887,96.28,0.0,0.0,str
chroma-core_chroma,pulls,head.repo.tags_url,887,96.28,0.0,0.0,str
chroma-core_chroma,pulls,head.repo.teams_url,887,96.28,0.0,0.0,str
chroma-core_chroma,pulls,head.repo.topics,887,96.28,0.0,0.0,list
chroma-core_chroma,pulls,head.repo.trees_url,887,96.28,0.0,0.0,str
chroma-core_chroma,pulls,head.repo.updated_at,887,96.28,0.0,0.0,str
chroma-core_chroma,pulls,head.repo.url,887,96.28,0.0,0.0,str
chroma-core_chroma,pulls,head.repo.visibility,887,96.28,0.0,0.0,str
chroma-core_chroma,pulls,head.repo.watchers,887,96.28,0.0,0.0,int
chroma-core_chroma,pulls,head.repo.watchers_count,887,96.28,0.0,0.0,int
chroma-core_chroma,pulls,head.repo.web_commit_signoff_required,887,96.28,0.0,0.0,bool
chroma-core_chroma,pulls,head.sha,887,100.0,0.0,0.0,str
chroma-core_chroma,pulls,head.user.avatar_url,887,100.0,0.0,0.0,str
chroma-core_chroma,pulls,head.user.events_url,887,100.0,0.0,0.0,str
chroma-core_chroma,pulls,head.user.followers_url,887,100.0,0.0,0.0,str
chroma-core_chroma,pulls,head.user.following_url,887,100.0,0.0,0.0,str
chroma-core_chroma,pulls,head.user.gists_url,887,100.0,0.0,0.0,str
chroma-core_chroma,pulls,head.user.gravatar_id,887,100.0,0.0,100.0,str
chroma-core_chroma,pulls,head.user.html_url,887,100.0,0.0,0.0,str
chroma-core_chroma,pulls,head.user.id,887,100.0,0.0,0.0,int
chroma-core_chroma,pulls,head.user.login,887,100.0,0.0,0.0,str
chroma-core_chroma,pulls,head.user.node_id,887,100.0,0.0,0.0,str
chroma-core_chroma,pulls,head.user.organizations_url,887,100.0,0.0,0.0,str
chroma-core_chroma,pulls,head.user.received_events_url,887,100.0,0.0,0.0,str
chroma-core_chroma,pulls,head.user.repos_url,887,100.0,0.0,0.0,str
chroma-core_chroma,pulls,head.user.site_admin,887,100.0,0.0,0.0,bool
chroma-core_chroma,pulls,head.user.starred_url,887,100.0,0.0,0.0,str
chroma-core_chroma,pulls,head.user.subscriptions_url,887,100.0,0.0,0.0,str
chroma-core_chroma,pulls,head.user.type,887,100.0,0.0,0.0,str
chroma-core_chroma,pulls,head.user.url,887,100.0,0.0,0.0,str
chroma-core_chroma,pulls,head.user.user_view_type,887,100.0,0.0,0.0,str
chroma-core_chroma,pulls,html_url,887,100.0,0.0,0.0,str
chroma-core_chroma,pulls,id,887,100.0,0.0,0.0,int
chroma-core_chroma,pulls,issue_url,887,100.0,0.0,0.0,str
chroma-core_chroma,pulls,labels,887,100.0,0.0,0.0,list
chroma-core_chroma,pulls,locked,887,100.0,0.0,0.0,bool
chroma-core_chroma,pulls,merge_commit_sha,887,100.0,7.22,0.0,NoneType|str
chroma-core_chroma,pulls,merged_at,887,100.0,50.62,0.0,NoneType|str
chroma-core_chroma,pulls,milestone,887,100.0,100.0,0.0,NoneType
chroma-core_chroma,pulls,node_id,887,100.0,0.0,0.0,str
chroma-core_chroma,pulls,number,887,100.0,0.0,0.0,int
chroma-core_chroma,pulls,patch_url,887,100.0,0.0,0.0,str
chroma-core_chroma,pulls,requested_reviewers,887,100.0,0.0,0.0,list
chroma-core_chroma,pulls,requested_teams,887,100.0,0.0,0.0,list
chroma-core_chroma,pulls,review_comment_url,887,100.0,0.0,0.0,str
chroma-core_chroma,pulls,review_comments_url,887,100.0,0.0,0.0,str
chroma-core_chroma,pulls,stack.base.ref,887,0.45,0.0,0.0,str
chroma-core_chroma,pulls,stack.base.sha,887,0.45,100.0,0.0,NoneType
chroma-core_chroma,pulls,stack.id,887,0.45,0.0,0.0,int
chroma-core_chroma,pulls,stack.number,887,0.45,0.0,0.0,int
chroma-core_chroma,pulls,stack.position,887,0.45,0.0,0.0,int
chroma-core_chroma,pulls,stack.size,887,0.45,0.0,0.0,int
chroma-core_chroma,pulls,state,887,100.0,0.0,0.0,str
chroma-core_chroma,pulls,statuses_url,887,100.0,0.0,0.0,str
chroma-core_chroma,pulls,title,887,100.0,0.0,0.0,str
chroma-core_chroma,pulls,updated_at,887,100.0,0.0,0.0,str
chroma-core_chroma,pulls,url,887,100.0,0.0,0.0,str
chroma-core_chroma,pulls,user.avatar_url,887,100.0,0.0,0.0,str
chroma-core_chroma,pulls,user.events_url,887,100.0,0.0,0.0,str
chroma-core_chroma,pulls,user.followers_url,887,100.0,0.0,0.0,str
chroma-core_chroma,pulls,user.following_url,887,100.0,0.0,0.0,str
chroma-core_chroma,pulls,user.gists_url,887,100.0,0.0,0.0,str
chroma-core_chroma,pulls,user.gravatar_id,887,100.0,0.0,100.0,str
chroma-core_chroma,pulls,user.html_url,887,100.0,0.0,0.0,str
chroma-core_chroma,pulls,user.id,887,100.0,0.0,0.0,int
chroma-core_chroma,pulls,user.login,887,100.0,0.0,0.0,str
chroma-core_chroma,pulls,user.node_id,887,100.0,0.0,0.0,str
chroma-core_chroma,pulls,user.organizations_url,887,100.0,0.0,0.0,str
chroma-core_chroma,pulls,user.received_events_url,887,100.0,0.0,0.0,str
chroma-core_chroma,pulls,user.repos_url,887,100.0,0.0,0.0,str
chroma-core_chroma,pulls,user.site_admin,887,100.0,0.0,0.0,bool
chroma-core_chroma,pulls,user.starred_url,887,100.0,0.0,0.0,str
chroma-core_chroma,pulls,user.subscriptions_url,887,100.0,0.0,0.0,str
chroma-core_chroma,pulls,user.type,887,100.0,0.0,0.0,str
chroma-core_chroma,pulls,user.url,887,100.0,0.0,0.0,str
chroma-core_chroma,pulls,user.user_view_type,887,100.0,0.0,0.0,str
chroma-core_chroma,releases,assets,137,100.0,0.0,0.0,list
chroma-core_chroma,releases,assets_url,137,100.0,0.0,0.0,str
chroma-core_chroma,releases,author.avatar_url,137,100.0,0.0,0.0,str
chroma-core_chroma,releases,author.events_url,137,100.0,0.0,0.0,str
chroma-core_chroma,releases,author.followers_url,137,100.0,0.0,0.0,str
chroma-core_chroma,releases,author.following_url,137,100.0,0.0,0.0,str
chroma-core_chroma,releases,author.gists_url,137,100.0,0.0,0.0,str
chroma-core_chroma,releases,author.gravatar_id,137,100.0,0.0,100.0,str
chroma-core_chroma,releases,author.html_url,137,100.0,0.0,0.0,str
chroma-core_chroma,releases,author.id,137,100.0,0.0,0.0,int
chroma-core_chroma,releases,author.login,137,100.0,0.0,0.0,str
chroma-core_chroma,releases,author.node_id,137,100.0,0.0,0.0,str
chroma-core_chroma,releases,author.organizations_url,137,100.0,0.0,0.0,str
chroma-core_chroma,releases,author.received_events_url,137,100.0,0.0,0.0,str
chroma-core_chroma,releases,author.repos_url,137,100.0,0.0,0.0,str
chroma-core_chroma,releases,author.site_admin,137,100.0,0.0,0.0,bool
chroma-core_chroma,releases,author.starred_url,137,100.0,0.0,0.0,str
chroma-core_chroma,releases,author.subscriptions_url,137,100.0,0.0,0.0,str
chroma-core_chroma,releases,author.type,137,100.0,0.0,0.0,str
chroma-core_chroma,releases,author.url,137,100.0,0.0,0.0,str
chroma-core_chroma,releases,author.user_view_type,137,100.0,0.0,0.0,str
chroma-core_chroma,releases,body,137,100.0,0.0,0.0,str
chroma-core_chroma,releases,created_at,137,100.0,0.0,0.0,str
chroma-core_chroma,releases,draft,137,100.0,0.0,0.0,bool
chroma-core_chroma,releases,html_url,137,100.0,0.0,0.0,str
chroma-core_chroma,releases,id,137,100.0,0.0,0.0,int
chroma-core_chroma,releases,immutable,137,100.0,0.0,0.0,bool
chroma-core_chroma,releases,mentions_count,137,69.34,0.0,0.0,int
chroma-core_chroma,releases,name,137,100.0,0.0,0.0,str
chroma-core_chroma,releases,node_id,137,100.0,0.0,0.0,str
chroma-core_chroma,releases,prerelease,137,100.0,0.0,0.0,bool
chroma-core_chroma,releases,published_at,137,100.0,0.0,0.0,str
chroma-core_chroma,releases,reactions.+1,137,33.58,0.0,0.0,int
chroma-core_chroma,releases,reactions.-1,137,33.58,0.0,0.0,int
chroma-core_chroma,releases,reactions.confused,137,33.58,0.0,0.0,int
chroma-core_chroma,releases,reactions.eyes,137,33.58,0.0,0.0,int
chroma-core_chroma,releases,reactions.heart,137,33.58,0.0,0.0,int
chroma-core_chroma,releases,reactions.hooray,137,33.58,0.0,0.0,int
chroma-core_chroma,releases,reactions.laugh,137,33.58,0.0,0.0,int
chroma-core_chroma,releases,reactions.rocket,137,33.58,0.0,0.0,int
chroma-core_chroma,releases,reactions.total_count,137,33.58,0.0,0.0,int
chroma-core_chroma,releases,reactions.url,137,33.58,0.0,0.0,str
chroma-core_chroma,releases,tag_name,137,100.0,0.0,0.0,str
chroma-core_chroma,releases,tarball_url,137,100.0,0.0,0.0,str
chroma-core_chroma,releases,target_commitish,137,100.0,0.0,0.0,str
chroma-core_chroma,releases,updated_at,137,100.0,0.0,0.0,str
chroma-core_chroma,releases,upload_url,137,100.0,0.0,0.0,str
chroma-core_chroma,releases,url,137,100.0,0.0,0.0,str
chroma-core_chroma,releases,zipball_url,137,100.0,0.0,0.0,str
chroma-core_chroma,repo_metadata,allow_forking,1,100.0,0.0,0.0,bool
chroma-core_chroma,repo_metadata,archive_url,1,100.0,0.0,0.0,str
chroma-core_chroma,repo_metadata,archived,1,100.0,0.0,0.0,bool
chroma-core_chroma,repo_metadata,assignees_url,1,100.0,0.0,0.0,str
chroma-core_chroma,repo_metadata,blobs_url,1,100.0,0.0,0.0,str
chroma-core_chroma,repo_metadata,branches_url,1,100.0,0.0,0.0,str
chroma-core_chroma,repo_metadata,clone_url,1,100.0,0.0,0.0,str
chroma-core_chroma,repo_metadata,collaborators_url,1,100.0,0.0,0.0,str
chroma-core_chroma,repo_metadata,comments_url,1,100.0,0.0,0.0,str
chroma-core_chroma,repo_metadata,commits_url,1,100.0,0.0,0.0,str
chroma-core_chroma,repo_metadata,compare_url,1,100.0,0.0,0.0,str
chroma-core_chroma,repo_metadata,contents_url,1,100.0,0.0,0.0,str
chroma-core_chroma,repo_metadata,contributors_url,1,100.0,0.0,0.0,str
chroma-core_chroma,repo_metadata,created_at,1,100.0,0.0,0.0,str
chroma-core_chroma,repo_metadata,default_branch,1,100.0,0.0,0.0,str
chroma-core_chroma,repo_metadata,deployments_url,1,100.0,0.0,0.0,str
chroma-core_chroma,repo_metadata,description,1,100.0,0.0,0.0,str
chroma-core_chroma,repo_metadata,disabled,1,100.0,0.0,0.0,bool
chroma-core_chroma,repo_metadata,downloads_url,1,100.0,0.0,0.0,str
chroma-core_chroma,repo_metadata,events_url,1,100.0,0.0,0.0,str
chroma-core_chroma,repo_metadata,fork,1,100.0,0.0,0.0,bool
chroma-core_chroma,repo_metadata,forks,1,100.0,0.0,0.0,int
chroma-core_chroma,repo_metadata,forks_count,1,100.0,0.0,0.0,int
chroma-core_chroma,repo_metadata,forks_url,1,100.0,0.0,0.0,str
chroma-core_chroma,repo_metadata,full_name,1,100.0,0.0,0.0,str
chroma-core_chroma,repo_metadata,git_commits_url,1,100.0,0.0,0.0,str
chroma-core_chroma,repo_metadata,git_refs_url,1,100.0,0.0,0.0,str
chroma-core_chroma,repo_metadata,git_tags_url,1,100.0,0.0,0.0,str
chroma-core_chroma,repo_metadata,git_url,1,100.0,0.0,0.0,str
chroma-core_chroma,repo_metadata,has_discussions,1,100.0,0.0,0.0,bool
chroma-core_chroma,repo_metadata,has_downloads,1,100.0,0.0,0.0,bool
chroma-core_chroma,repo_metadata,has_issues,1,100.0,0.0,0.0,bool
chroma-core_chroma,repo_metadata,has_pages,1,100.0,0.0,0.0,bool
chroma-core_chroma,repo_metadata,has_projects,1,100.0,0.0,0.0,bool
chroma-core_chroma,repo_metadata,has_pull_requests,1,100.0,0.0,0.0,bool
chroma-core_chroma,repo_metadata,has_wiki,1,100.0,0.0,0.0,bool
chroma-core_chroma,repo_metadata,homepage,1,100.0,0.0,0.0,str
chroma-core_chroma,repo_metadata,hooks_url,1,100.0,0.0,0.0,str
chroma-core_chroma,repo_metadata,html_url,1,100.0,0.0,0.0,str
chroma-core_chroma,repo_metadata,id,1,100.0,0.0,0.0,int
chroma-core_chroma,repo_metadata,is_template,1,100.0,0.0,0.0,bool
chroma-core_chroma,repo_metadata,issue_comment_url,1,100.0,0.0,0.0,str
chroma-core_chroma,repo_metadata,issue_events_url,1,100.0,0.0,0.0,str
chroma-core_chroma,repo_metadata,issues_url,1,100.0,0.0,0.0,str
chroma-core_chroma,repo_metadata,keys_url,1,100.0,0.0,0.0,str
chroma-core_chroma,repo_metadata,labels_url,1,100.0,0.0,0.0,str
chroma-core_chroma,repo_metadata,language,1,100.0,0.0,0.0,str
chroma-core_chroma,repo_metadata,languages_url,1,100.0,0.0,0.0,str
chroma-core_chroma,repo_metadata,license.key,1,100.0,0.0,0.0,str
chroma-core_chroma,repo_metadata,license.name,1,100.0,0.0,0.0,str
chroma-core_chroma,repo_metadata,license.node_id,1,100.0,0.0,0.0,str
chroma-core_chroma,repo_metadata,license.spdx_id,1,100.0,0.0,0.0,str
chroma-core_chroma,repo_metadata,license.url,1,100.0,0.0,0.0,str
chroma-core_chroma,repo_metadata,merges_url,1,100.0,0.0,0.0,str
chroma-core_chroma,repo_metadata,milestones_url,1,100.0,0.0,0.0,str
chroma-core_chroma,repo_metadata,mirror_url,1,100.0,100.0,0.0,NoneType
chroma-core_chroma,repo_metadata,name,1,100.0,0.0,0.0,str
chroma-core_chroma,repo_metadata,network_count,1,100.0,0.0,0.0,int
chroma-core_chroma,repo_metadata,node_id,1,100.0,0.0,0.0,str
chroma-core_chroma,repo_metadata,notifications_url,1,100.0,0.0,0.0,str
chroma-core_chroma,repo_metadata,open_issues,1,100.0,0.0,0.0,int
chroma-core_chroma,repo_metadata,open_issues_count,1,100.0,0.0,0.0,int
chroma-core_chroma,repo_metadata,organization.avatar_url,1,100.0,0.0,0.0,str
chroma-core_chroma,repo_metadata,organization.events_url,1,100.0,0.0,0.0,str
chroma-core_chroma,repo_metadata,organization.followers_url,1,100.0,0.0,0.0,str
chroma-core_chroma,repo_metadata,organization.following_url,1,100.0,0.0,0.0,str
chroma-core_chroma,repo_metadata,organization.gists_url,1,100.0,0.0,0.0,str
chroma-core_chroma,repo_metadata,organization.gravatar_id,1,100.0,0.0,100.0,str
chroma-core_chroma,repo_metadata,organization.html_url,1,100.0,0.0,0.0,str
chroma-core_chroma,repo_metadata,organization.id,1,100.0,0.0,0.0,int
chroma-core_chroma,repo_metadata,organization.login,1,100.0,0.0,0.0,str
chroma-core_chroma,repo_metadata,organization.node_id,1,100.0,0.0,0.0,str
chroma-core_chroma,repo_metadata,organization.organizations_url,1,100.0,0.0,0.0,str
chroma-core_chroma,repo_metadata,organization.received_events_url,1,100.0,0.0,0.0,str
chroma-core_chroma,repo_metadata,organization.repos_url,1,100.0,0.0,0.0,str
chroma-core_chroma,repo_metadata,organization.site_admin,1,100.0,0.0,0.0,bool
chroma-core_chroma,repo_metadata,organization.starred_url,1,100.0,0.0,0.0,str
chroma-core_chroma,repo_metadata,organization.subscriptions_url,1,100.0,0.0,0.0,str
chroma-core_chroma,repo_metadata,organization.type,1,100.0,0.0,0.0,str
chroma-core_chroma,repo_metadata,organization.url,1,100.0,0.0,0.0,str
chroma-core_chroma,repo_metadata,organization.user_view_type,1,100.0,0.0,0.0,str
chroma-core_chroma,repo_metadata,owner.avatar_url,1,100.0,0.0,0.0,str
chroma-core_chroma,repo_metadata,owner.events_url,1,100.0,0.0,0.0,str
chroma-core_chroma,repo_metadata,owner.followers_url,1,100.0,0.0,0.0,str
chroma-core_chroma,repo_metadata,owner.following_url,1,100.0,0.0,0.0,str
chroma-core_chroma,repo_metadata,owner.gists_url,1,100.0,0.0,0.0,str
chroma-core_chroma,repo_metadata,owner.gravatar_id,1,100.0,0.0,100.0,str
chroma-core_chroma,repo_metadata,owner.html_url,1,100.0,0.0,0.0,str
chroma-core_chroma,repo_metadata,owner.id,1,100.0,0.0,0.0,int
chroma-core_chroma,repo_metadata,owner.login,1,100.0,0.0,0.0,str
chroma-core_chroma,repo_metadata,owner.node_id,1,100.0,0.0,0.0,str
chroma-core_chroma,repo_metadata,owner.organizations_url,1,100.0,0.0,0.0,str
chroma-core_chroma,repo_metadata,owner.received_events_url,1,100.0,0.0,0.0,str
chroma-core_chroma,repo_metadata,owner.repos_url,1,100.0,0.0,0.0,str
chroma-core_chroma,repo_metadata,owner.site_admin,1,100.0,0.0,0.0,bool
chroma-core_chroma,repo_metadata,owner.starred_url,1,100.0,0.0,0.0,str
chroma-core_chroma,repo_metadata,owner.subscriptions_url,1,100.0,0.0,0.0,str
chroma-core_chroma,repo_metadata,owner.type,1,100.0,0.0,0.0,str
chroma-core_chroma,repo_metadata,owner.url,1,100.0,0.0,0.0,str
chroma-core_chroma,repo_metadata,owner.user_view_type,1,100.0,0.0,0.0,str
chroma-core_chroma,repo_metadata,permissions.admin,1,100.0,0.0,0.0,bool
chroma-core_chroma,repo_metadata,permissions.maintain,1,100.0,0.0,0.0,bool
chroma-core_chroma,repo_metadata,permissions.pull,1,100.0,0.0,0.0,bool
chroma-core_chroma,repo_metadata,permissions.push,1,100.0,0.0,0.0,bool
chroma-core_chroma,repo_metadata,permissions.triage,1,100.0,0.0,0.0,bool
chroma-core_chroma,repo_metadata,private,1,100.0,0.0,0.0,bool
chroma-core_chroma,repo_metadata,pull_request_creation_policy,1,100.0,0.0,0.0,str
chroma-core_chroma,repo_metadata,pulls_url,1,100.0,0.0,0.0,str
chroma-core_chroma,repo_metadata,pushed_at,1,100.0,0.0,0.0,str
chroma-core_chroma,repo_metadata,releases_url,1,100.0,0.0,0.0,str
chroma-core_chroma,repo_metadata,size,1,100.0,0.0,0.0,int
chroma-core_chroma,repo_metadata,ssh_url,1,100.0,0.0,0.0,str
chroma-core_chroma,repo_metadata,stargazers_count,1,100.0,0.0,0.0,int
chroma-core_chroma,repo_metadata,stargazers_url,1,100.0,0.0,0.0,str
chroma-core_chroma,repo_metadata,statuses_url,1,100.0,0.0,0.0,str
chroma-core_chroma,repo_metadata,subscribers_count,1,100.0,0.0,0.0,int
chroma-core_chroma,repo_metadata,subscribers_url,1,100.0,0.0,0.0,str
chroma-core_chroma,repo_metadata,subscription_url,1,100.0,0.0,0.0,str
chroma-core_chroma,repo_metadata,svn_url,1,100.0,0.0,0.0,str
chroma-core_chroma,repo_metadata,tags_url,1,100.0,0.0,0.0,str
chroma-core_chroma,repo_metadata,teams_url,1,100.0,0.0,0.0,str
chroma-core_chroma,repo_metadata,temp_clone_token,1,100.0,0.0,100.0,str
chroma-core_chroma,repo_metadata,topics,1,100.0,0.0,0.0,list
chroma-core_chroma,repo_metadata,trees_url,1,100.0,0.0,0.0,str
chroma-core_chroma,repo_metadata,updated_at,1,100.0,0.0,0.0,str
chroma-core_chroma,repo_metadata,url,1,100.0,0.0,0.0,str
chroma-core_chroma,repo_metadata,visibility,1,100.0,0.0,0.0,str
chroma-core_chroma,repo_metadata,watchers,1,100.0,0.0,0.0,int
chroma-core_chroma,repo_metadata,watchers_count,1,100.0,0.0,0.0,int
chroma-core_chroma,repo_metadata,web_commit_signoff_required,1,100.0,0.0,0.0,bool
cockroachdb_cockroach,commits,author,2492,0.56,100.0,0.0,NoneType
cockroachdb_cockroach,commits,author.avatar_url,2492,99.44,0.0,0.0,str
cockroachdb_cockroach,commits,author.events_url,2492,99.44,0.0,0.0,str
cockroachdb_cockroach,commits,author.followers_url,2492,99.44,0.0,0.0,str
cockroachdb_cockroach,commits,author.following_url,2492,99.44,0.0,0.0,str
cockroachdb_cockroach,commits,author.gists_url,2492,99.44,0.0,0.0,str
cockroachdb_cockroach,commits,author.gravatar_id,2492,99.44,0.0,100.0,str
cockroachdb_cockroach,commits,author.html_url,2492,99.44,0.0,0.0,str
cockroachdb_cockroach,commits,author.id,2492,99.44,0.0,0.0,int
cockroachdb_cockroach,commits,author.login,2492,99.44,0.0,0.0,str
cockroachdb_cockroach,commits,author.node_id,2492,99.44,0.0,0.0,str
cockroachdb_cockroach,commits,author.organizations_url,2492,99.44,0.0,0.0,str
cockroachdb_cockroach,commits,author.received_events_url,2492,99.44,0.0,0.0,str
cockroachdb_cockroach,commits,author.repos_url,2492,99.44,0.0,0.0,str
cockroachdb_cockroach,commits,author.site_admin,2492,99.44,0.0,0.0,bool
cockroachdb_cockroach,commits,author.starred_url,2492,99.44,0.0,0.0,str
cockroachdb_cockroach,commits,author.subscriptions_url,2492,99.44,0.0,0.0,str
cockroachdb_cockroach,commits,author.type,2492,99.44,0.0,0.0,str
cockroachdb_cockroach,commits,author.url,2492,99.44,0.0,0.0,str
cockroachdb_cockroach,commits,author.user_view_type,2492,99.44,0.0,0.0,str
cockroachdb_cockroach,commits,comments_url,2492,100.0,0.0,0.0,str
cockroachdb_cockroach,commits,commit.author.date,2492,100.0,0.0,0.0,str
cockroachdb_cockroach,commits,commit.author.email,2492,100.0,0.0,0.0,str
cockroachdb_cockroach,commits,commit.author.name,2492,100.0,0.0,0.0,str
cockroachdb_cockroach,commits,commit.comment_count,2492,100.0,0.0,0.0,int
cockroachdb_cockroach,commits,commit.committer.date,2492,100.0,0.0,0.0,str
cockroachdb_cockroach,commits,commit.committer.email,2492,100.0,0.0,0.0,str
cockroachdb_cockroach,commits,commit.committer.name,2492,100.0,0.0,0.0,str
cockroachdb_cockroach,commits,commit.message,2492,100.0,0.0,0.0,str
cockroachdb_cockroach,commits,commit.tree.sha,2492,100.0,0.0,0.0,str
cockroachdb_cockroach,commits,commit.tree.url,2492,100.0,0.0,0.0,str
cockroachdb_cockroach,commits,commit.url,2492,100.0,0.0,0.0,str
cockroachdb_cockroach,commits,commit.verification.payload,2492,100.0,50.56,0.0,NoneType|str
cockroachdb_cockroach,commits,commit.verification.reason,2492,100.0,0.0,0.0,str
cockroachdb_cockroach,commits,commit.verification.signature,2492,100.0,50.56,0.0,NoneType|str
cockroachdb_cockroach,commits,commit.verification.verified,2492,100.0,0.0,0.0,bool
cockroachdb_cockroach,commits,commit.verification.verified_at,2492,100.0,50.56,0.0,NoneType|str
cockroachdb_cockroach,commits,committer,2492,0.52,100.0,0.0,NoneType
cockroachdb_cockroach,commits,committer.avatar_url,2492,99.48,0.0,0.0,str
cockroachdb_cockroach,commits,committer.events_url,2492,99.48,0.0,0.0,str
cockroachdb_cockroach,commits,committer.followers_url,2492,99.48,0.0,0.0,str
cockroachdb_cockroach,commits,committer.following_url,2492,99.48,0.0,0.0,str
cockroachdb_cockroach,commits,committer.gists_url,2492,99.48,0.0,0.0,str
cockroachdb_cockroach,commits,committer.gravatar_id,2492,99.48,0.0,100.0,str
cockroachdb_cockroach,commits,committer.html_url,2492,99.48,0.0,0.0,str
cockroachdb_cockroach,commits,committer.id,2492,99.48,0.0,0.0,int
cockroachdb_cockroach,commits,committer.login,2492,99.48,0.0,0.0,str
cockroachdb_cockroach,commits,committer.node_id,2492,99.48,0.0,0.0,str
cockroachdb_cockroach,commits,committer.organizations_url,2492,99.48,0.0,0.0,str
cockroachdb_cockroach,commits,committer.received_events_url,2492,99.48,0.0,0.0,str
cockroachdb_cockroach,commits,committer.repos_url,2492,99.48,0.0,0.0,str
cockroachdb_cockroach,commits,committer.site_admin,2492,99.48,0.0,0.0,bool
cockroachdb_cockroach,commits,committer.starred_url,2492,99.48,0.0,0.0,str
cockroachdb_cockroach,commits,committer.subscriptions_url,2492,99.48,0.0,0.0,str
cockroachdb_cockroach,commits,committer.type,2492,99.48,0.0,0.0,str
cockroachdb_cockroach,commits,committer.url,2492,99.48,0.0,0.0,str
cockroachdb_cockroach,commits,committer.user_view_type,2492,99.48,0.0,0.0,str
cockroachdb_cockroach,commits,html_url,2492,100.0,0.0,0.0,str
cockroachdb_cockroach,commits,node_id,2492,100.0,0.0,0.0,str
cockroachdb_cockroach,commits,parents,2492,100.0,0.0,0.0,list
cockroachdb_cockroach,commits,sha,2492,100.0,0.0,0.0,str
cockroachdb_cockroach,commits,url,2492,100.0,0.0,0.0,str
cockroachdb_cockroach,issues,active_lock_reason,13978,100.0,100.0,0.0,NoneType
cockroachdb_cockroach,issues,assignee,13978,65.22,100.0,0.0,NoneType
cockroachdb_cockroach,issues,assignee.avatar_url,13978,34.78,0.0,0.0,str
cockroachdb_cockroach,issues,assignee.events_url,13978,34.78,0.0,0.0,str
cockroachdb_cockroach,issues,assignee.followers_url,13978,34.78,0.0,0.0,str
cockroachdb_cockroach,issues,assignee.following_url,13978,34.78,0.0,0.0,str
cockroachdb_cockroach,issues,assignee.gists_url,13978,34.78,0.0,0.0,str
cockroachdb_cockroach,issues,assignee.gravatar_id,13978,34.78,0.0,100.0,str
cockroachdb_cockroach,issues,assignee.html_url,13978,34.78,0.0,0.0,str
cockroachdb_cockroach,issues,assignee.id,13978,34.78,0.0,0.0,int
cockroachdb_cockroach,issues,assignee.login,13978,34.78,0.0,0.0,str
cockroachdb_cockroach,issues,assignee.node_id,13978,34.78,0.0,0.0,str
cockroachdb_cockroach,issues,assignee.organizations_url,13978,34.78,0.0,0.0,str
cockroachdb_cockroach,issues,assignee.received_events_url,13978,34.78,0.0,0.0,str
cockroachdb_cockroach,issues,assignee.repos_url,13978,34.78,0.0,0.0,str
cockroachdb_cockroach,issues,assignee.site_admin,13978,34.78,0.0,0.0,bool
cockroachdb_cockroach,issues,assignee.starred_url,13978,34.78,0.0,0.0,str
cockroachdb_cockroach,issues,assignee.subscriptions_url,13978,34.78,0.0,0.0,str
cockroachdb_cockroach,issues,assignee.type,13978,34.78,0.0,0.0,str
cockroachdb_cockroach,issues,assignee.url,13978,34.78,0.0,0.0,str
cockroachdb_cockroach,issues,assignee.user_view_type,13978,34.78,0.0,0.0,str
cockroachdb_cockroach,issues,assignees,13978,100.0,0.0,0.0,list
cockroachdb_cockroach,issues,author_association,13978,100.0,0.0,0.0,str
cockroachdb_cockroach,issues,body,13978,100.0,0.53,0.04,NoneType|str
cockroachdb_cockroach,issues,closed_at,13978,100.0,14.69,0.0,NoneType|str
cockroachdb_cockroach,issues,closed_by,13978,14.81,100.0,0.0,NoneType
cockroachdb_cockroach,issues,closed_by.avatar_url,13978,85.19,0.0,0.0,str
cockroachdb_cockroach,issues,closed_by.events_url,13978,85.19,0.0,0.0,str
cockroachdb_cockroach,issues,closed_by.followers_url,13978,85.19,0.0,0.0,str
cockroachdb_cockroach,issues,closed_by.following_url,13978,85.19,0.0,0.0,str
cockroachdb_cockroach,issues,closed_by.gists_url,13978,85.19,0.0,0.0,str
cockroachdb_cockroach,issues,closed_by.gravatar_id,13978,85.19,0.0,100.0,str
cockroachdb_cockroach,issues,closed_by.html_url,13978,85.19,0.0,0.0,str
cockroachdb_cockroach,issues,closed_by.id,13978,85.19,0.0,0.0,int
cockroachdb_cockroach,issues,closed_by.login,13978,85.19,0.0,0.0,str
cockroachdb_cockroach,issues,closed_by.node_id,13978,85.19,0.0,0.0,str
cockroachdb_cockroach,issues,closed_by.organizations_url,13978,85.19,0.0,0.0,str
cockroachdb_cockroach,issues,closed_by.received_events_url,13978,85.19,0.0,0.0,str
cockroachdb_cockroach,issues,closed_by.repos_url,13978,85.19,0.0,0.0,str
cockroachdb_cockroach,issues,closed_by.site_admin,13978,85.19,0.0,0.0,bool
cockroachdb_cockroach,issues,closed_by.starred_url,13978,85.19,0.0,0.0,str
cockroachdb_cockroach,issues,closed_by.subscriptions_url,13978,85.19,0.0,0.0,str
cockroachdb_cockroach,issues,closed_by.type,13978,85.19,0.0,0.0,str
cockroachdb_cockroach,issues,closed_by.url,13978,85.19,0.0,0.0,str
cockroachdb_cockroach,issues,closed_by.user_view_type,13978,85.19,0.0,0.0,str
cockroachdb_cockroach,issues,comments,13978,100.0,0.0,0.0,int
cockroachdb_cockroach,issues,comments_url,13978,100.0,0.0,0.0,str
cockroachdb_cockroach,issues,created_at,13978,100.0,0.0,0.0,str
cockroachdb_cockroach,issues,draft,13978,27.46,0.0,0.0,bool
cockroachdb_cockroach,issues,events_url,13978,100.0,0.0,0.0,str
cockroachdb_cockroach,issues,html_url,13978,100.0,0.0,0.0,str
cockroachdb_cockroach,issues,id,13978,100.0,0.0,0.0,int
cockroachdb_cockroach,issues,issue_dependencies_summary.blocked_by,13978,72.54,0.0,0.0,int
cockroachdb_cockroach,issues,issue_dependencies_summary.blocking,13978,72.54,0.0,0.0,int
cockroachdb_cockroach,issues,issue_dependencies_summary.total_blocked_by,13978,72.54,0.0,0.0,int
cockroachdb_cockroach,issues,issue_dependencies_summary.total_blocking,13978,72.54,0.0,0.0,int
cockroachdb_cockroach,issues,issue_field_values,13978,100.0,0.0,0.0,list
cockroachdb_cockroach,issues,labels,13978,100.0,0.0,0.0,list
cockroachdb_cockroach,issues,labels_url,13978,100.0,0.0,0.0,str
cockroachdb_cockroach,issues,locked,13978,100.0,0.0,0.0,bool
cockroachdb_cockroach,issues,milestone,13978,97.03,100.0,0.0,NoneType
cockroachdb_cockroach,issues,milestone.closed_at,13978,2.97,87.47,0.0,NoneType|str
cockroachdb_cockroach,issues,milestone.closed_issues,13978,2.97,0.0,0.0,int
cockroachdb_cockroach,issues,milestone.created_at,13978,2.97,0.0,0.0,str
cockroachdb_cockroach,issues,milestone.creator.avatar_url,13978,2.97,0.0,0.0,str
cockroachdb_cockroach,issues,milestone.creator.events_url,13978,2.97,0.0,0.0,str
cockroachdb_cockroach,issues,milestone.creator.followers_url,13978,2.97,0.0,0.0,str
cockroachdb_cockroach,issues,milestone.creator.following_url,13978,2.97,0.0,0.0,str
cockroachdb_cockroach,issues,milestone.creator.gists_url,13978,2.97,0.0,0.0,str
cockroachdb_cockroach,issues,milestone.creator.gravatar_id,13978,2.97,0.0,100.0,str
cockroachdb_cockroach,issues,milestone.creator.html_url,13978,2.97,0.0,0.0,str
cockroachdb_cockroach,issues,milestone.creator.id,13978,2.97,0.0,0.0,int
cockroachdb_cockroach,issues,milestone.creator.login,13978,2.97,0.0,0.0,str
cockroachdb_cockroach,issues,milestone.creator.node_id,13978,2.97,0.0,0.0,str
cockroachdb_cockroach,issues,milestone.creator.organizations_url,13978,2.97,0.0,0.0,str
cockroachdb_cockroach,issues,milestone.creator.received_events_url,13978,2.97,0.0,0.0,str
cockroachdb_cockroach,issues,milestone.creator.repos_url,13978,2.97,0.0,0.0,str
cockroachdb_cockroach,issues,milestone.creator.site_admin,13978,2.97,0.0,0.0,bool
cockroachdb_cockroach,issues,milestone.creator.starred_url,13978,2.97,0.0,0.0,str
cockroachdb_cockroach,issues,milestone.creator.subscriptions_url,13978,2.97,0.0,0.0,str
cockroachdb_cockroach,issues,milestone.creator.type,13978,2.97,0.0,0.0,str
cockroachdb_cockroach,issues,milestone.creator.url,13978,2.97,0.0,0.0,str
cockroachdb_cockroach,issues,milestone.creator.user_view_type,13978,2.97,0.0,0.0,str
cockroachdb_cockroach,issues,milestone.description,13978,2.97,41.45,58.55,NoneType|str
cockroachdb_cockroach,issues,milestone.due_on,13978,2.97,99.28,0.0,NoneType|str
cockroachdb_cockroach,issues,milestone.html_url,13978,2.97,0.0,0.0,str
cockroachdb_cockroach,issues,milestone.id,13978,2.97,0.0,0.0,int
cockroachdb_cockroach,issues,milestone.labels_url,13978,2.97,0.0,0.0,str
cockroachdb_cockroach,issues,milestone.node_id,13978,2.97,0.0,0.0,str
cockroachdb_cockroach,issues,milestone.number,13978,2.97,0.0,0.0,int
cockroachdb_cockroach,issues,milestone.open_issues,13978,2.97,0.0,0.0,int
cockroachdb_cockroach,issues,milestone.state,13978,2.97,0.0,0.0,str
cockroachdb_cockroach,issues,milestone.title,13978,2.97,0.0,0.0,str
cockroachdb_cockroach,issues,milestone.updated_at,13978,2.97,0.0,0.0,str
cockroachdb_cockroach,issues,milestone.url,13978,2.97,0.0,0.0,str
cockroachdb_cockroach,issues,node_id,13978,100.0,0.0,0.0,str
cockroachdb_cockroach,issues,number,13978,100.0,0.0,0.0,int
cockroachdb_cockroach,issues,parent_issue_url,13978,0.44,0.0,0.0,str
cockroachdb_cockroach,issues,performed_via_github_app,13978,99.81,100.0,0.0,NoneType
cockroachdb_cockroach,issues,performed_via_github_app.client_id,13978,0.19,0.0,0.0,str
cockroachdb_cockroach,issues,performed_via_github_app.created_at,13978,0.19,0.0,0.0,str
cockroachdb_cockroach,issues,performed_via_github_app.description,13978,0.19,0.0,0.0,str
cockroachdb_cockroach,issues,performed_via_github_app.events,13978,0.19,0.0,0.0,list
cockroachdb_cockroach,issues,performed_via_github_app.external_url,13978,0.19,0.0,0.0,str
cockroachdb_cockroach,issues,performed_via_github_app.html_url,13978,0.19,0.0,0.0,str
cockroachdb_cockroach,issues,performed_via_github_app.id,13978,0.19,0.0,0.0,int
cockroachdb_cockroach,issues,performed_via_github_app.name,13978,0.19,0.0,0.0,str
cockroachdb_cockroach,issues,performed_via_github_app.node_id,13978,0.19,0.0,0.0,str
cockroachdb_cockroach,issues,performed_via_github_app.owner.avatar_url,13978,0.19,0.0,0.0,str
cockroachdb_cockroach,issues,performed_via_github_app.owner.events_url,13978,0.19,0.0,0.0,str
cockroachdb_cockroach,issues,performed_via_github_app.owner.followers_url,13978,0.19,0.0,0.0,str
cockroachdb_cockroach,issues,performed_via_github_app.owner.following_url,13978,0.19,0.0,0.0,str
cockroachdb_cockroach,issues,performed_via_github_app.owner.gists_url,13978,0.19,0.0,0.0,str
cockroachdb_cockroach,issues,performed_via_github_app.owner.gravatar_id,13978,0.19,0.0,100.0,str
cockroachdb_cockroach,issues,performed_via_github_app.owner.html_url,13978,0.19,0.0,0.0,str
cockroachdb_cockroach,issues,performed_via_github_app.owner.id,13978,0.19,0.0,0.0,int
cockroachdb_cockroach,issues,performed_via_github_app.owner.login,13978,0.19,0.0,0.0,str
cockroachdb_cockroach,issues,performed_via_github_app.owner.node_id,13978,0.19,0.0,0.0,str
cockroachdb_cockroach,issues,performed_via_github_app.owner.organizations_url,13978,0.19,0.0,0.0,str
cockroachdb_cockroach,issues,performed_via_github_app.owner.received_events_url,13978,0.19,0.0,0.0,str
cockroachdb_cockroach,issues,performed_via_github_app.owner.repos_url,13978,0.19,0.0,0.0,str
cockroachdb_cockroach,issues,performed_via_github_app.owner.site_admin,13978,0.19,0.0,0.0,bool
cockroachdb_cockroach,issues,performed_via_github_app.owner.starred_url,13978,0.19,0.0,0.0,str
cockroachdb_cockroach,issues,performed_via_github_app.owner.subscriptions_url,13978,0.19,0.0,0.0,str
cockroachdb_cockroach,issues,performed_via_github_app.owner.type,13978,0.19,0.0,0.0,str
cockroachdb_cockroach,issues,performed_via_github_app.owner.url,13978,0.19,0.0,0.0,str
cockroachdb_cockroach,issues,performed_via_github_app.owner.user_view_type,13978,0.19,0.0,0.0,str
cockroachdb_cockroach,issues,performed_via_github_app.permissions.actions,13978,0.19,0.0,0.0,str
cockroachdb_cockroach,issues,performed_via_github_app.permissions.administration,13978,0.18,0.0,0.0,str
cockroachdb_cockroach,issues,performed_via_github_app.permissions.checks,13978,0.19,0.0,0.0,str
cockroachdb_cockroach,issues,performed_via_github_app.permissions.contents,13978,0.19,0.0,0.0,str
cockroachdb_cockroach,issues,performed_via_github_app.permissions.emails,13978,0.01,0.0,0.0,str
cockroachdb_cockroach,issues,performed_via_github_app.permissions.issues,13978,0.19,0.0,0.0,str
cockroachdb_cockroach,issues,performed_via_github_app.permissions.members,13978,0.18,0.0,0.0,str
cockroachdb_cockroach,issues,performed_via_github_app.permissions.metadata,13978,0.19,0.0,0.0,str
cockroachdb_cockroach,issues,performed_via_github_app.permissions.organization_projects,13978,0.18,0.0,0.0,str
cockroachdb_cockroach,issues,performed_via_github_app.permissions.pull_requests,13978,0.19,0.0,0.0,str
cockroachdb_cockroach,issues,performed_via_github_app.permissions.repository_projects,13978,0.18,0.0,0.0,str
cockroachdb_cockroach,issues,performed_via_github_app.permissions.statuses,13978,0.19,0.0,0.0,str
cockroachdb_cockroach,issues,performed_via_github_app.permissions.workflows,13978,0.19,0.0,0.0,str
cockroachdb_cockroach,issues,performed_via_github_app.slug,13978,0.19,0.0,0.0,str
cockroachdb_cockroach,issues,performed_via_github_app.updated_at,13978,0.19,0.0,0.0,str
cockroachdb_cockroach,issues,pinned_comment,13978,72.54,100.0,0.0,NoneType
cockroachdb_cockroach,issues,pull_request.diff_url,13978,27.46,0.0,0.0,str
cockroachdb_cockroach,issues,pull_request.html_url,13978,27.46,0.0,0.0,str
cockroachdb_cockroach,issues,pull_request.merged_at,13978,27.46,21.33,0.0,NoneType|str
cockroachdb_cockroach,issues,pull_request.patch_url,13978,27.46,0.0,0.0,str
cockroachdb_cockroach,issues,pull_request.url,13978,27.46,0.0,0.0,str
cockroachdb_cockroach,issues,reactions.+1,13978,100.0,0.0,0.0,int
cockroachdb_cockroach,issues,reactions.-1,13978,100.0,0.0,0.0,int
cockroachdb_cockroach,issues,reactions.confused,13978,100.0,0.0,0.0,int
cockroachdb_cockroach,issues,reactions.eyes,13978,100.0,0.0,0.0,int
cockroachdb_cockroach,issues,reactions.heart,13978,100.0,0.0,0.0,int
cockroachdb_cockroach,issues,reactions.hooray,13978,100.0,0.0,0.0,int
cockroachdb_cockroach,issues,reactions.laugh,13978,100.0,0.0,0.0,int
cockroachdb_cockroach,issues,reactions.rocket,13978,100.0,0.0,0.0,int
cockroachdb_cockroach,issues,reactions.total_count,13978,100.0,0.0,0.0,int
cockroachdb_cockroach,issues,reactions.url,13978,100.0,0.0,0.0,str
cockroachdb_cockroach,issues,repository_url,13978,100.0,0.0,0.0,str
cockroachdb_cockroach,issues,state,13978,100.0,0.0,0.0,str
cockroachdb_cockroach,issues,state_reason,13978,100.0,40.39,0.0,NoneType|str
cockroachdb_cockroach,issues,sub_issues_summary.completed,13978,72.54,0.0,0.0,int
cockroachdb_cockroach,issues,sub_issues_summary.percent_completed,13978,72.54,0.0,0.0,int
cockroachdb_cockroach,issues,sub_issues_summary.total,13978,72.54,0.0,0.0,int
cockroachdb_cockroach,issues,timeline_url,13978,100.0,0.0,0.0,str
cockroachdb_cockroach,issues,title,13978,100.0,0.0,0.0,str
cockroachdb_cockroach,issues,type,13978,99.08,100.0,0.0,NoneType
cockroachdb_cockroach,issues,type.color,13978,0.92,0.0,0.0,str
cockroachdb_cockroach,issues,type.created_at,13978,0.92,0.0,0.0,str
cockroachdb_cockroach,issues,type.description,13978,0.92,0.0,0.0,str
cockroachdb_cockroach,issues,type.id,13978,0.92,0.0,0.0,int
cockroachdb_cockroach,issues,type.is_enabled,13978,0.92,0.0,0.0,bool
cockroachdb_cockroach,issues,type.name,13978,0.92,0.0,0.0,str
cockroachdb_cockroach,issues,type.node_id,13978,0.92,0.0,0.0,str
cockroachdb_cockroach,issues,type.updated_at,13978,0.92,0.0,0.0,str
cockroachdb_cockroach,issues,updated_at,13978,100.0,0.0,0.0,str
cockroachdb_cockroach,issues,url,13978,100.0,0.0,0.0,str
cockroachdb_cockroach,issues,user.avatar_url,13978,100.0,0.0,0.0,str
cockroachdb_cockroach,issues,user.events_url,13978,100.0,0.0,0.0,str
cockroachdb_cockroach,issues,user.followers_url,13978,100.0,0.0,0.0,str
cockroachdb_cockroach,issues,user.following_url,13978,100.0,0.0,0.0,str
cockroachdb_cockroach,issues,user.gists_url,13978,100.0,0.0,0.0,str
cockroachdb_cockroach,issues,user.gravatar_id,13978,100.0,0.0,100.0,str
cockroachdb_cockroach,issues,user.html_url,13978,100.0,0.0,0.0,str
cockroachdb_cockroach,issues,user.id,13978,100.0,0.0,0.0,int
cockroachdb_cockroach,issues,user.login,13978,100.0,0.0,0.0,str
cockroachdb_cockroach,issues,user.node_id,13978,100.0,0.0,0.0,str
cockroachdb_cockroach,issues,user.organizations_url,13978,100.0,0.0,0.0,str
cockroachdb_cockroach,issues,user.received_events_url,13978,100.0,0.0,0.0,str
cockroachdb_cockroach,issues,user.repos_url,13978,100.0,0.0,0.0,str
cockroachdb_cockroach,issues,user.site_admin,13978,100.0,0.0,0.0,bool
cockroachdb_cockroach,issues,user.starred_url,13978,100.0,0.0,0.0,str
cockroachdb_cockroach,issues,user.subscriptions_url,13978,100.0,0.0,0.0,str
cockroachdb_cockroach,issues,user.type,13978,100.0,0.0,0.0,str
cockroachdb_cockroach,issues,user.url,13978,100.0,0.0,0.0,str
cockroachdb_cockroach,issues,user.user_view_type,13978,100.0,0.0,0.0,str
cockroachdb_cockroach,pulls,_links.comments.href,2292,100.0,0.0,0.0,str
cockroachdb_cockroach,pulls,_links.commits.href,2292,100.0,0.0,0.0,str
cockroachdb_cockroach,pulls,_links.html.href,2292,100.0,0.0,0.0,str
cockroachdb_cockroach,pulls,_links.issue.href,2292,100.0,0.0,0.0,str
cockroachdb_cockroach,pulls,_links.review_comment.href,2292,100.0,0.0,0.0,str
cockroachdb_cockroach,pulls,_links.review_comments.href,2292,100.0,0.0,0.0,str
cockroachdb_cockroach,pulls,_links.self.href,2292,100.0,0.0,0.0,str
cockroachdb_cockroach,pulls,_links.statuses.href,2292,100.0,0.0,0.0,str
cockroachdb_cockroach,pulls,active_lock_reason,2292,100.0,100.0,0.0,NoneType
cockroachdb_cockroach,pulls,assignee,2292,67.23,100.0,0.0,NoneType
cockroachdb_cockroach,pulls,assignee.avatar_url,2292,32.77,0.0,0.0,str
cockroachdb_cockroach,pulls,assignee.events_url,2292,32.77,0.0,0.0,str
cockroachdb_cockroach,pulls,assignee.followers_url,2292,32.77,0.0,0.0,str
cockroachdb_cockroach,pulls,assignee.following_url,2292,32.77,0.0,0.0,str
cockroachdb_cockroach,pulls,assignee.gists_url,2292,32.77,0.0,0.0,str
cockroachdb_cockroach,pulls,assignee.gravatar_id,2292,32.77,0.0,100.0,str
cockroachdb_cockroach,pulls,assignee.html_url,2292,32.77,0.0,0.0,str
cockroachdb_cockroach,pulls,assignee.id,2292,32.77,0.0,0.0,int
cockroachdb_cockroach,pulls,assignee.login,2292,32.77,0.0,0.0,str
cockroachdb_cockroach,pulls,assignee.node_id,2292,32.77,0.0,0.0,str
cockroachdb_cockroach,pulls,assignee.organizations_url,2292,32.77,0.0,0.0,str
cockroachdb_cockroach,pulls,assignee.received_events_url,2292,32.77,0.0,0.0,str
cockroachdb_cockroach,pulls,assignee.repos_url,2292,32.77,0.0,0.0,str
cockroachdb_cockroach,pulls,assignee.site_admin,2292,32.77,0.0,0.0,bool
cockroachdb_cockroach,pulls,assignee.starred_url,2292,32.77,0.0,0.0,str
cockroachdb_cockroach,pulls,assignee.subscriptions_url,2292,32.77,0.0,0.0,str
cockroachdb_cockroach,pulls,assignee.type,2292,32.77,0.0,0.0,str
cockroachdb_cockroach,pulls,assignee.url,2292,32.77,0.0,0.0,str
cockroachdb_cockroach,pulls,assignee.user_view_type,2292,32.77,0.0,0.0,str
cockroachdb_cockroach,pulls,assignees,2292,100.0,0.0,0.0,list
cockroachdb_cockroach,pulls,author_association,2292,100.0,0.0,0.0,str
cockroachdb_cockroach,pulls,auto_merge,2292,100.0,100.0,0.0,NoneType
cockroachdb_cockroach,pulls,base.label,2292,100.0,0.0,0.0,str
cockroachdb_cockroach,pulls,base.ref,2292,100.0,0.0,0.0,str
cockroachdb_cockroach,pulls,base.repo.allow_forking,2292,100.0,0.0,0.0,bool
cockroachdb_cockroach,pulls,base.repo.archive_url,2292,100.0,0.0,0.0,str
cockroachdb_cockroach,pulls,base.repo.archived,2292,100.0,0.0,0.0,bool
cockroachdb_cockroach,pulls,base.repo.assignees_url,2292,100.0,0.0,0.0,str
cockroachdb_cockroach,pulls,base.repo.blobs_url,2292,100.0,0.0,0.0,str
cockroachdb_cockroach,pulls,base.repo.branches_url,2292,100.0,0.0,0.0,str
cockroachdb_cockroach,pulls,base.repo.clone_url,2292,100.0,0.0,0.0,str
cockroachdb_cockroach,pulls,base.repo.collaborators_url,2292,100.0,0.0,0.0,str
cockroachdb_cockroach,pulls,base.repo.comments_url,2292,100.0,0.0,0.0,str
cockroachdb_cockroach,pulls,base.repo.commits_url,2292,100.0,0.0,0.0,str
cockroachdb_cockroach,pulls,base.repo.compare_url,2292,100.0,0.0,0.0,str
cockroachdb_cockroach,pulls,base.repo.contents_url,2292,100.0,0.0,0.0,str
cockroachdb_cockroach,pulls,base.repo.contributors_url,2292,100.0,0.0,0.0,str
cockroachdb_cockroach,pulls,base.repo.created_at,2292,100.0,0.0,0.0,str
cockroachdb_cockroach,pulls,base.repo.default_branch,2292,100.0,0.0,0.0,str
cockroachdb_cockroach,pulls,base.repo.deployments_url,2292,100.0,0.0,0.0,str
cockroachdb_cockroach,pulls,base.repo.description,2292,100.0,0.0,0.0,str
cockroachdb_cockroach,pulls,base.repo.disabled,2292,100.0,0.0,0.0,bool
cockroachdb_cockroach,pulls,base.repo.downloads_url,2292,100.0,0.0,0.0,str
cockroachdb_cockroach,pulls,base.repo.events_url,2292,100.0,0.0,0.0,str
cockroachdb_cockroach,pulls,base.repo.fork,2292,100.0,0.0,0.0,bool
cockroachdb_cockroach,pulls,base.repo.forks,2292,100.0,0.0,0.0,int
cockroachdb_cockroach,pulls,base.repo.forks_count,2292,100.0,0.0,0.0,int
cockroachdb_cockroach,pulls,base.repo.forks_url,2292,100.0,0.0,0.0,str
cockroachdb_cockroach,pulls,base.repo.full_name,2292,100.0,0.0,0.0,str
cockroachdb_cockroach,pulls,base.repo.git_commits_url,2292,100.0,0.0,0.0,str
cockroachdb_cockroach,pulls,base.repo.git_refs_url,2292,100.0,0.0,0.0,str
cockroachdb_cockroach,pulls,base.repo.git_tags_url,2292,100.0,0.0,0.0,str
cockroachdb_cockroach,pulls,base.repo.git_url,2292,100.0,0.0,0.0,str
cockroachdb_cockroach,pulls,base.repo.has_discussions,2292,100.0,0.0,0.0,bool
cockroachdb_cockroach,pulls,base.repo.has_downloads,2292,100.0,0.0,0.0,bool
cockroachdb_cockroach,pulls,base.repo.has_issues,2292,100.0,0.0,0.0,bool
cockroachdb_cockroach,pulls,base.repo.has_pages,2292,100.0,0.0,0.0,bool
cockroachdb_cockroach,pulls,base.repo.has_projects,2292,100.0,0.0,0.0,bool
cockroachdb_cockroach,pulls,base.repo.has_pull_requests,2292,100.0,0.0,0.0,bool
cockroachdb_cockroach,pulls,base.repo.has_wiki,2292,100.0,0.0,0.0,bool
cockroachdb_cockroach,pulls,base.repo.homepage,2292,100.0,0.0,0.0,str
cockroachdb_cockroach,pulls,base.repo.hooks_url,2292,100.0,0.0,0.0,str
cockroachdb_cockroach,pulls,base.repo.html_url,2292,100.0,0.0,0.0,str
cockroachdb_cockroach,pulls,base.repo.id,2292,100.0,0.0,0.0,int
cockroachdb_cockroach,pulls,base.repo.is_template,2292,100.0,0.0,0.0,bool
cockroachdb_cockroach,pulls,base.repo.issue_comment_url,2292,100.0,0.0,0.0,str
cockroachdb_cockroach,pulls,base.repo.issue_events_url,2292,100.0,0.0,0.0,str
cockroachdb_cockroach,pulls,base.repo.issues_url,2292,100.0,0.0,0.0,str
cockroachdb_cockroach,pulls,base.repo.keys_url,2292,100.0,0.0,0.0,str
cockroachdb_cockroach,pulls,base.repo.labels_url,2292,100.0,0.0,0.0,str
cockroachdb_cockroach,pulls,base.repo.language,2292,100.0,0.0,0.0,str
cockroachdb_cockroach,pulls,base.repo.languages_url,2292,100.0,0.0,0.0,str
cockroachdb_cockroach,pulls,base.repo.license.key,2292,100.0,0.0,0.0,str
cockroachdb_cockroach,pulls,base.repo.license.name,2292,100.0,0.0,0.0,str
cockroachdb_cockroach,pulls,base.repo.license.node_id,2292,100.0,0.0,0.0,str
cockroachdb_cockroach,pulls,base.repo.license.spdx_id,2292,100.0,0.0,0.0,str
cockroachdb_cockroach,pulls,base.repo.license.url,2292,100.0,100.0,0.0,NoneType
cockroachdb_cockroach,pulls,base.repo.merges_url,2292,100.0,0.0,0.0,str
cockroachdb_cockroach,pulls,base.repo.milestones_url,2292,100.0,0.0,0.0,str
cockroachdb_cockroach,pulls,base.repo.mirror_url,2292,100.0,100.0,0.0,NoneType
cockroachdb_cockroach,pulls,base.repo.name,2292,100.0,0.0,0.0,str
cockroachdb_cockroach,pulls,base.repo.node_id,2292,100.0,0.0,0.0,str
cockroachdb_cockroach,pulls,base.repo.notifications_url,2292,100.0,0.0,0.0,str
cockroachdb_cockroach,pulls,base.repo.open_issues,2292,100.0,0.0,0.0,int
cockroachdb_cockroach,pulls,base.repo.open_issues_count,2292,100.0,0.0,0.0,int
cockroachdb_cockroach,pulls,base.repo.owner.avatar_url,2292,100.0,0.0,0.0,str
cockroachdb_cockroach,pulls,base.repo.owner.events_url,2292,100.0,0.0,0.0,str
cockroachdb_cockroach,pulls,base.repo.owner.followers_url,2292,100.0,0.0,0.0,str
cockroachdb_cockroach,pulls,base.repo.owner.following_url,2292,100.0,0.0,0.0,str
cockroachdb_cockroach,pulls,base.repo.owner.gists_url,2292,100.0,0.0,0.0,str
cockroachdb_cockroach,pulls,base.repo.owner.gravatar_id,2292,100.0,0.0,100.0,str
cockroachdb_cockroach,pulls,base.repo.owner.html_url,2292,100.0,0.0,0.0,str
cockroachdb_cockroach,pulls,base.repo.owner.id,2292,100.0,0.0,0.0,int
cockroachdb_cockroach,pulls,base.repo.owner.login,2292,100.0,0.0,0.0,str
cockroachdb_cockroach,pulls,base.repo.owner.node_id,2292,100.0,0.0,0.0,str
cockroachdb_cockroach,pulls,base.repo.owner.organizations_url,2292,100.0,0.0,0.0,str
cockroachdb_cockroach,pulls,base.repo.owner.received_events_url,2292,100.0,0.0,0.0,str
cockroachdb_cockroach,pulls,base.repo.owner.repos_url,2292,100.0,0.0,0.0,str
cockroachdb_cockroach,pulls,base.repo.owner.site_admin,2292,100.0,0.0,0.0,bool
cockroachdb_cockroach,pulls,base.repo.owner.starred_url,2292,100.0,0.0,0.0,str
cockroachdb_cockroach,pulls,base.repo.owner.subscriptions_url,2292,100.0,0.0,0.0,str
cockroachdb_cockroach,pulls,base.repo.owner.type,2292,100.0,0.0,0.0,str
cockroachdb_cockroach,pulls,base.repo.owner.url,2292,100.0,0.0,0.0,str
cockroachdb_cockroach,pulls,base.repo.owner.user_view_type,2292,100.0,0.0,0.0,str
cockroachdb_cockroach,pulls,base.repo.private,2292,100.0,0.0,0.0,bool
cockroachdb_cockroach,pulls,base.repo.pull_request_creation_policy,2292,100.0,0.0,0.0,str
cockroachdb_cockroach,pulls,base.repo.pulls_url,2292,100.0,0.0,0.0,str
cockroachdb_cockroach,pulls,base.repo.pushed_at,2292,100.0,0.0,0.0,str
cockroachdb_cockroach,pulls,base.repo.releases_url,2292,100.0,0.0,0.0,str
cockroachdb_cockroach,pulls,base.repo.size,2292,100.0,0.0,0.0,int
cockroachdb_cockroach,pulls,base.repo.ssh_url,2292,100.0,0.0,0.0,str
cockroachdb_cockroach,pulls,base.repo.stargazers_count,2292,100.0,0.0,0.0,int
cockroachdb_cockroach,pulls,base.repo.stargazers_url,2292,100.0,0.0,0.0,str
cockroachdb_cockroach,pulls,base.repo.statuses_url,2292,100.0,0.0,0.0,str
cockroachdb_cockroach,pulls,base.repo.subscribers_url,2292,100.0,0.0,0.0,str
cockroachdb_cockroach,pulls,base.repo.subscription_url,2292,100.0,0.0,0.0,str
cockroachdb_cockroach,pulls,base.repo.svn_url,2292,100.0,0.0,0.0,str
cockroachdb_cockroach,pulls,base.repo.tags_url,2292,100.0,0.0,0.0,str
cockroachdb_cockroach,pulls,base.repo.teams_url,2292,100.0,0.0,0.0,str
cockroachdb_cockroach,pulls,base.repo.topics,2292,100.0,0.0,0.0,list
cockroachdb_cockroach,pulls,base.repo.trees_url,2292,100.0,0.0,0.0,str
cockroachdb_cockroach,pulls,base.repo.updated_at,2292,100.0,0.0,0.0,str
cockroachdb_cockroach,pulls,base.repo.url,2292,100.0,0.0,0.0,str
cockroachdb_cockroach,pulls,base.repo.visibility,2292,100.0,0.0,0.0,str
cockroachdb_cockroach,pulls,base.repo.watchers,2292,100.0,0.0,0.0,int
cockroachdb_cockroach,pulls,base.repo.watchers_count,2292,100.0,0.0,0.0,int
cockroachdb_cockroach,pulls,base.repo.web_commit_signoff_required,2292,100.0,0.0,0.0,bool
cockroachdb_cockroach,pulls,base.sha,2292,100.0,0.0,0.0,str
cockroachdb_cockroach,pulls,base.user.avatar_url,2292,100.0,0.0,0.0,str
cockroachdb_cockroach,pulls,base.user.events_url,2292,100.0,0.0,0.0,str
cockroachdb_cockroach,pulls,base.user.followers_url,2292,100.0,0.0,0.0,str
cockroachdb_cockroach,pulls,base.user.following_url,2292,100.0,0.0,0.0,str
cockroachdb_cockroach,pulls,base.user.gists_url,2292,100.0,0.0,0.0,str
cockroachdb_cockroach,pulls,base.user.gravatar_id,2292,100.0,0.0,100.0,str
cockroachdb_cockroach,pulls,base.user.html_url,2292,100.0,0.0,0.0,str
cockroachdb_cockroach,pulls,base.user.id,2292,100.0,0.0,0.0,int
cockroachdb_cockroach,pulls,base.user.login,2292,100.0,0.0,0.0,str
cockroachdb_cockroach,pulls,base.user.node_id,2292,100.0,0.0,0.0,str
cockroachdb_cockroach,pulls,base.user.organizations_url,2292,100.0,0.0,0.0,str
cockroachdb_cockroach,pulls,base.user.received_events_url,2292,100.0,0.0,0.0,str
cockroachdb_cockroach,pulls,base.user.repos_url,2292,100.0,0.0,0.0,str
cockroachdb_cockroach,pulls,base.user.site_admin,2292,100.0,0.0,0.0,bool
cockroachdb_cockroach,pulls,base.user.starred_url,2292,100.0,0.0,0.0,str
cockroachdb_cockroach,pulls,base.user.subscriptions_url,2292,100.0,0.0,0.0,str
cockroachdb_cockroach,pulls,base.user.type,2292,100.0,0.0,0.0,str
cockroachdb_cockroach,pulls,base.user.url,2292,100.0,0.0,0.0,str
cockroachdb_cockroach,pulls,base.user.user_view_type,2292,100.0,0.0,0.0,str
cockroachdb_cockroach,pulls,body,2292,100.0,1.22,0.0,NoneType|str
cockroachdb_cockroach,pulls,closed_at,2292,100.0,7.24,0.0,NoneType|str
cockroachdb_cockroach,pulls,comments_url,2292,100.0,0.0,0.0,str
cockroachdb_cockroach,pulls,commits_url,2292,100.0,0.0,0.0,str
cockroachdb_cockroach,pulls,created_at,2292,100.0,0.0,0.0,str
cockroachdb_cockroach,pulls,diff_url,2292,100.0,0.0,0.0,str
cockroachdb_cockroach,pulls,draft,2292,100.0,0.0,0.0,bool
cockroachdb_cockroach,pulls,head.label,2292,100.0,0.0,0.0,str
cockroachdb_cockroach,pulls,head.ref,2292,100.0,0.0,0.0,str
cockroachdb_cockroach,pulls,head.repo,2292,41.49,100.0,0.0,NoneType
cockroachdb_cockroach,pulls,head.repo.allow_forking,2292,58.51,0.0,0.0,bool
cockroachdb_cockroach,pulls,head.repo.archive_url,2292,58.51,0.0,0.0,str
cockroachdb_cockroach,pulls,head.repo.archived,2292,58.51,0.0,0.0,bool
cockroachdb_cockroach,pulls,head.repo.assignees_url,2292,58.51,0.0,0.0,str
cockroachdb_cockroach,pulls,head.repo.blobs_url,2292,58.51,0.0,0.0,str
cockroachdb_cockroach,pulls,head.repo.branches_url,2292,58.51,0.0,0.0,str
cockroachdb_cockroach,pulls,head.repo.clone_url,2292,58.51,0.0,0.0,str
cockroachdb_cockroach,pulls,head.repo.collaborators_url,2292,58.51,0.0,0.0,str
cockroachdb_cockroach,pulls,head.repo.comments_url,2292,58.51,0.0,0.0,str
cockroachdb_cockroach,pulls,head.repo.commits_url,2292,58.51,0.0,0.0,str
cockroachdb_cockroach,pulls,head.repo.compare_url,2292,58.51,0.0,0.0,str
cockroachdb_cockroach,pulls,head.repo.contents_url,2292,58.51,0.0,0.0,str
cockroachdb_cockroach,pulls,head.repo.contributors_url,2292,58.51,0.0,0.0,str
cockroachdb_cockroach,pulls,head.repo.created_at,2292,58.51,0.0,0.0,str
cockroachdb_cockroach,pulls,head.repo.default_branch,2292,58.51,0.0,0.0,str
cockroachdb_cockroach,pulls,head.repo.deployments_url,2292,58.51,0.0,0.0,str
cockroachdb_cockroach,pulls,head.repo.description,2292,58.51,0.0,0.0,str
cockroachdb_cockroach,pulls,head.repo.disabled,2292,58.51,0.0,0.0,bool
cockroachdb_cockroach,pulls,head.repo.downloads_url,2292,58.51,0.0,0.0,str
cockroachdb_cockroach,pulls,head.repo.events_url,2292,58.51,0.0,0.0,str
cockroachdb_cockroach,pulls,head.repo.fork,2292,58.51,0.0,0.0,bool
cockroachdb_cockroach,pulls,head.repo.forks,2292,58.51,0.0,0.0,int
cockroachdb_cockroach,pulls,head.repo.forks_count,2292,58.51,0.0,0.0,int
cockroachdb_cockroach,pulls,head.repo.forks_url,2292,58.51,0.0,0.0,str
cockroachdb_cockroach,pulls,head.repo.full_name,2292,58.51,0.0,0.0,str
cockroachdb_cockroach,pulls,head.repo.git_commits_url,2292,58.51,0.0,0.0,str
cockroachdb_cockroach,pulls,head.repo.git_refs_url,2292,58.51,0.0,0.0,str
cockroachdb_cockroach,pulls,head.repo.git_tags_url,2292,58.51,0.0,0.0,str
cockroachdb_cockroach,pulls,head.repo.git_url,2292,58.51,0.0,0.0,str
cockroachdb_cockroach,pulls,head.repo.has_discussions,2292,58.51,0.0,0.0,bool
cockroachdb_cockroach,pulls,head.repo.has_downloads,2292,58.51,0.0,0.0,bool
cockroachdb_cockroach,pulls,head.repo.has_issues,2292,58.51,0.0,0.0,bool
cockroachdb_cockroach,pulls,head.repo.has_pages,2292,58.51,0.0,0.0,bool
cockroachdb_cockroach,pulls,head.repo.has_projects,2292,58.51,0.0,0.0,bool
cockroachdb_cockroach,pulls,head.repo.has_pull_requests,2292,58.51,0.0,0.0,bool
cockroachdb_cockroach,pulls,head.repo.has_wiki,2292,58.51,0.0,0.0,bool
cockroachdb_cockroach,pulls,head.repo.homepage,2292,58.51,0.0,0.0,str
cockroachdb_cockroach,pulls,head.repo.hooks_url,2292,58.51,0.0,0.0,str
cockroachdb_cockroach,pulls,head.repo.html_url,2292,58.51,0.0,0.0,str
cockroachdb_cockroach,pulls,head.repo.id,2292,58.51,0.0,0.0,int
cockroachdb_cockroach,pulls,head.repo.is_template,2292,58.51,0.0,0.0,bool
cockroachdb_cockroach,pulls,head.repo.issue_comment_url,2292,58.51,0.0,0.0,str
cockroachdb_cockroach,pulls,head.repo.issue_events_url,2292,58.51,0.0,0.0,str
cockroachdb_cockroach,pulls,head.repo.issues_url,2292,58.51,0.0,0.0,str
cockroachdb_cockroach,pulls,head.repo.keys_url,2292,58.51,0.0,0.0,str
cockroachdb_cockroach,pulls,head.repo.labels_url,2292,58.51,0.0,0.0,str
cockroachdb_cockroach,pulls,head.repo.language,2292,58.51,10.07,0.0,NoneType|str
cockroachdb_cockroach,pulls,head.repo.languages_url,2292,58.51,0.0,0.0,str
cockroachdb_cockroach,pulls,head.repo.license.key,2292,58.51,0.0,0.0,str
cockroachdb_cockroach,pulls,head.repo.license.name,2292,58.51,0.0,0.0,str
cockroachdb_cockroach,pulls,head.repo.license.node_id,2292,58.51,0.0,0.0,str
cockroachdb_cockroach,pulls,head.repo.license.spdx_id,2292,58.51,0.0,0.0,str
cockroachdb_cockroach,pulls,head.repo.license.url,2292,58.51,100.0,0.0,NoneType
cockroachdb_cockroach,pulls,head.repo.merges_url,2292,58.51,0.0,0.0,str
cockroachdb_cockroach,pulls,head.repo.milestones_url,2292,58.51,0.0,0.0,str
cockroachdb_cockroach,pulls,head.repo.mirror_url,2292,58.51,100.0,0.0,NoneType
cockroachdb_cockroach,pulls,head.repo.name,2292,58.51,0.0,0.0,str
cockroachdb_cockroach,pulls,head.repo.node_id,2292,58.51,0.0,0.0,str
cockroachdb_cockroach,pulls,head.repo.notifications_url,2292,58.51,0.0,0.0,str
cockroachdb_cockroach,pulls,head.repo.open_issues,2292,58.51,0.0,0.0,int
cockroachdb_cockroach,pulls,head.repo.open_issues_count,2292,58.51,0.0,0.0,int
cockroachdb_cockroach,pulls,head.repo.owner.avatar_url,2292,58.51,0.0,0.0,str
cockroachdb_cockroach,pulls,head.repo.owner.events_url,2292,58.51,0.0,0.0,str
cockroachdb_cockroach,pulls,head.repo.owner.followers_url,2292,58.51,0.0,0.0,str
cockroachdb_cockroach,pulls,head.repo.owner.following_url,2292,58.51,0.0,0.0,str
cockroachdb_cockroach,pulls,head.repo.owner.gists_url,2292,58.51,0.0,0.0,str
cockroachdb_cockroach,pulls,head.repo.owner.gravatar_id,2292,58.51,0.0,100.0,str
cockroachdb_cockroach,pulls,head.repo.owner.html_url,2292,58.51,0.0,0.0,str
cockroachdb_cockroach,pulls,head.repo.owner.id,2292,58.51,0.0,0.0,int
cockroachdb_cockroach,pulls,head.repo.owner.login,2292,58.51,0.0,0.0,str
cockroachdb_cockroach,pulls,head.repo.owner.node_id,2292,58.51,0.0,0.0,str
cockroachdb_cockroach,pulls,head.repo.owner.organizations_url,2292,58.51,0.0,0.0,str
cockroachdb_cockroach,pulls,head.repo.owner.received_events_url,2292,58.51,0.0,0.0,str
cockroachdb_cockroach,pulls,head.repo.owner.repos_url,2292,58.51,0.0,0.0,str
cockroachdb_cockroach,pulls,head.repo.owner.site_admin,2292,58.51,0.0,0.0,bool
cockroachdb_cockroach,pulls,head.repo.owner.starred_url,2292,58.51,0.0,0.0,str
cockroachdb_cockroach,pulls,head.repo.owner.subscriptions_url,2292,58.51,0.0,0.0,str
cockroachdb_cockroach,pulls,head.repo.owner.type,2292,58.51,0.0,0.0,str
cockroachdb_cockroach,pulls,head.repo.owner.url,2292,58.51,0.0,0.0,str
cockroachdb_cockroach,pulls,head.repo.owner.user_view_type,2292,58.51,0.0,0.0,str
cockroachdb_cockroach,pulls,head.repo.private,2292,58.51,0.0,0.0,bool
cockroachdb_cockroach,pulls,head.repo.pull_request_creation_policy,2292,58.51,0.0,0.0,str
cockroachdb_cockroach,pulls,head.repo.pulls_url,2292,58.51,0.0,0.0,str
cockroachdb_cockroach,pulls,head.repo.pushed_at,2292,58.51,0.0,0.0,str
cockroachdb_cockroach,pulls,head.repo.releases_url,2292,58.51,0.0,0.0,str
cockroachdb_cockroach,pulls,head.repo.size,2292,58.51,0.0,0.0,int
cockroachdb_cockroach,pulls,head.repo.ssh_url,2292,58.51,0.0,0.0,str
cockroachdb_cockroach,pulls,head.repo.stargazers_count,2292,58.51,0.0,0.0,int
cockroachdb_cockroach,pulls,head.repo.stargazers_url,2292,58.51,0.0,0.0,str
cockroachdb_cockroach,pulls,head.repo.statuses_url,2292,58.51,0.0,0.0,str
cockroachdb_cockroach,pulls,head.repo.subscribers_url,2292,58.51,0.0,0.0,str
cockroachdb_cockroach,pulls,head.repo.subscription_url,2292,58.51,0.0,0.0,str
cockroachdb_cockroach,pulls,head.repo.svn_url,2292,58.51,0.0,0.0,str
cockroachdb_cockroach,pulls,head.repo.tags_url,2292,58.51,0.0,0.0,str
cockroachdb_cockroach,pulls,head.repo.teams_url,2292,58.51,0.0,0.0,str
cockroachdb_cockroach,pulls,head.repo.topics,2292,58.51,0.0,0.0,list
cockroachdb_cockroach,pulls,head.repo.trees_url,2292,58.51,0.0,0.0,str
cockroachdb_cockroach,pulls,head.repo.updated_at,2292,58.51,0.0,0.0,str
cockroachdb_cockroach,pulls,head.repo.url,2292,58.51,0.0,0.0,str
cockroachdb_cockroach,pulls,head.repo.visibility,2292,58.51,0.0,0.0,str
cockroachdb_cockroach,pulls,head.repo.watchers,2292,58.51,0.0,0.0,int
cockroachdb_cockroach,pulls,head.repo.watchers_count,2292,58.51,0.0,0.0,int
cockroachdb_cockroach,pulls,head.repo.web_commit_signoff_required,2292,58.51,0.0,0.0,bool
cockroachdb_cockroach,pulls,head.sha,2292,100.0,0.0,0.0,str
cockroachdb_cockroach,pulls,head.user.avatar_url,2292,100.0,0.0,0.0,str
cockroachdb_cockroach,pulls,head.user.events_url,2292,100.0,0.0,0.0,str
cockroachdb_cockroach,pulls,head.user.followers_url,2292,100.0,0.0,0.0,str
cockroachdb_cockroach,pulls,head.user.following_url,2292,100.0,0.0,0.0,str
cockroachdb_cockroach,pulls,head.user.gists_url,2292,100.0,0.0,0.0,str
cockroachdb_cockroach,pulls,head.user.gravatar_id,2292,100.0,0.0,100.0,str
cockroachdb_cockroach,pulls,head.user.html_url,2292,100.0,0.0,0.0,str
cockroachdb_cockroach,pulls,head.user.id,2292,100.0,0.0,0.0,int
cockroachdb_cockroach,pulls,head.user.login,2292,100.0,0.0,0.0,str
cockroachdb_cockroach,pulls,head.user.node_id,2292,100.0,0.0,0.0,str
cockroachdb_cockroach,pulls,head.user.organizations_url,2292,100.0,0.0,0.0,str
cockroachdb_cockroach,pulls,head.user.received_events_url,2292,100.0,0.0,0.0,str
cockroachdb_cockroach,pulls,head.user.repos_url,2292,100.0,0.0,0.0,str
cockroachdb_cockroach,pulls,head.user.site_admin,2292,100.0,0.0,0.0,bool
cockroachdb_cockroach,pulls,head.user.starred_url,2292,100.0,0.0,0.0,str
cockroachdb_cockroach,pulls,head.user.subscriptions_url,2292,100.0,0.0,0.0,str
cockroachdb_cockroach,pulls,head.user.type,2292,100.0,0.0,0.0,str
cockroachdb_cockroach,pulls,head.user.url,2292,100.0,0.0,0.0,str
cockroachdb_cockroach,pulls,head.user.user_view_type,2292,100.0,0.0,0.0,str
cockroachdb_cockroach,pulls,html_url,2292,100.0,0.0,0.0,str
cockroachdb_cockroach,pulls,id,2292,100.0,0.0,0.0,int
cockroachdb_cockroach,pulls,issue_url,2292,100.0,0.0,0.0,str
cockroachdb_cockroach,pulls,labels,2292,100.0,0.0,0.0,list
cockroachdb_cockroach,pulls,locked,2292,100.0,0.0,0.0,bool
cockroachdb_cockroach,pulls,merge_commit_sha,2292,100.0,3.8,0.0,NoneType|str
cockroachdb_cockroach,pulls,merged_at,2292,100.0,21.6,0.0,NoneType|str
cockroachdb_cockroach,pulls,milestone,2292,100.0,100.0,0.0,NoneType
cockroachdb_cockroach,pulls,node_id,2292,100.0,0.0,0.0,str
cockroachdb_cockroach,pulls,number,2292,100.0,0.0,0.0,int
cockroachdb_cockroach,pulls,patch_url,2292,100.0,0.0,0.0,str
cockroachdb_cockroach,pulls,requested_reviewers,2292,100.0,0.0,0.0,list
cockroachdb_cockroach,pulls,requested_teams,2292,100.0,0.0,0.0,list
cockroachdb_cockroach,pulls,review_comment_url,2292,100.0,0.0,0.0,str
cockroachdb_cockroach,pulls,review_comments_url,2292,100.0,0.0,0.0,str
cockroachdb_cockroach,pulls,state,2292,100.0,0.0,0.0,str
cockroachdb_cockroach,pulls,statuses_url,2292,100.0,0.0,0.0,str
cockroachdb_cockroach,pulls,title,2292,100.0,0.0,0.0,str
cockroachdb_cockroach,pulls,updated_at,2292,100.0,0.0,0.0,str
cockroachdb_cockroach,pulls,url,2292,100.0,0.0,0.0,str
cockroachdb_cockroach,pulls,user.avatar_url,2292,100.0,0.0,0.0,str
cockroachdb_cockroach,pulls,user.events_url,2292,100.0,0.0,0.0,str
cockroachdb_cockroach,pulls,user.followers_url,2292,100.0,0.0,0.0,str
cockroachdb_cockroach,pulls,user.following_url,2292,100.0,0.0,0.0,str
cockroachdb_cockroach,pulls,user.gists_url,2292,100.0,0.0,0.0,str
cockroachdb_cockroach,pulls,user.gravatar_id,2292,100.0,0.0,100.0,str
cockroachdb_cockroach,pulls,user.html_url,2292,100.0,0.0,0.0,str
cockroachdb_cockroach,pulls,user.id,2292,100.0,0.0,0.0,int
cockroachdb_cockroach,pulls,user.login,2292,100.0,0.0,0.0,str
cockroachdb_cockroach,pulls,user.node_id,2292,100.0,0.0,0.0,str
cockroachdb_cockroach,pulls,user.organizations_url,2292,100.0,0.0,0.0,str
cockroachdb_cockroach,pulls,user.received_events_url,2292,100.0,0.0,0.0,str
cockroachdb_cockroach,pulls,user.repos_url,2292,100.0,0.0,0.0,str
cockroachdb_cockroach,pulls,user.site_admin,2292,100.0,0.0,0.0,bool
cockroachdb_cockroach,pulls,user.starred_url,2292,100.0,0.0,0.0,str
cockroachdb_cockroach,pulls,user.subscriptions_url,2292,100.0,0.0,0.0,str
cockroachdb_cockroach,pulls,user.type,2292,100.0,0.0,0.0,str
cockroachdb_cockroach,pulls,user.url,2292,100.0,0.0,0.0,str
cockroachdb_cockroach,pulls,user.user_view_type,2292,100.0,0.0,0.0,str
cockroachdb_cockroach,repo_metadata,allow_forking,1,100.0,0.0,0.0,bool
cockroachdb_cockroach,repo_metadata,archive_url,1,100.0,0.0,0.0,str
cockroachdb_cockroach,repo_metadata,archived,1,100.0,0.0,0.0,bool
cockroachdb_cockroach,repo_metadata,assignees_url,1,100.0,0.0,0.0,str
cockroachdb_cockroach,repo_metadata,blobs_url,1,100.0,0.0,0.0,str
cockroachdb_cockroach,repo_metadata,branches_url,1,100.0,0.0,0.0,str
cockroachdb_cockroach,repo_metadata,clone_url,1,100.0,0.0,0.0,str
cockroachdb_cockroach,repo_metadata,collaborators_url,1,100.0,0.0,0.0,str
cockroachdb_cockroach,repo_metadata,comments_url,1,100.0,0.0,0.0,str
cockroachdb_cockroach,repo_metadata,commits_url,1,100.0,0.0,0.0,str
cockroachdb_cockroach,repo_metadata,compare_url,1,100.0,0.0,0.0,str
cockroachdb_cockroach,repo_metadata,contents_url,1,100.0,0.0,0.0,str
cockroachdb_cockroach,repo_metadata,contributors_url,1,100.0,0.0,0.0,str
cockroachdb_cockroach,repo_metadata,created_at,1,100.0,0.0,0.0,str
cockroachdb_cockroach,repo_metadata,default_branch,1,100.0,0.0,0.0,str
cockroachdb_cockroach,repo_metadata,deployments_url,1,100.0,0.0,0.0,str
cockroachdb_cockroach,repo_metadata,description,1,100.0,0.0,0.0,str
cockroachdb_cockroach,repo_metadata,disabled,1,100.0,0.0,0.0,bool
cockroachdb_cockroach,repo_metadata,downloads_url,1,100.0,0.0,0.0,str
cockroachdb_cockroach,repo_metadata,events_url,1,100.0,0.0,0.0,str
cockroachdb_cockroach,repo_metadata,fork,1,100.0,0.0,0.0,bool
cockroachdb_cockroach,repo_metadata,forks,1,100.0,0.0,0.0,int
cockroachdb_cockroach,repo_metadata,forks_count,1,100.0,0.0,0.0,int
cockroachdb_cockroach,repo_metadata,forks_url,1,100.0,0.0,0.0,str
cockroachdb_cockroach,repo_metadata,full_name,1,100.0,0.0,0.0,str
cockroachdb_cockroach,repo_metadata,git_commits_url,1,100.0,0.0,0.0,str
cockroachdb_cockroach,repo_metadata,git_refs_url,1,100.0,0.0,0.0,str
cockroachdb_cockroach,repo_metadata,git_tags_url,1,100.0,0.0,0.0,str
cockroachdb_cockroach,repo_metadata,git_url,1,100.0,0.0,0.0,str
cockroachdb_cockroach,repo_metadata,has_discussions,1,100.0,0.0,0.0,bool
cockroachdb_cockroach,repo_metadata,has_downloads,1,100.0,0.0,0.0,bool
cockroachdb_cockroach,repo_metadata,has_issues,1,100.0,0.0,0.0,bool
cockroachdb_cockroach,repo_metadata,has_pages,1,100.0,0.0,0.0,bool
cockroachdb_cockroach,repo_metadata,has_projects,1,100.0,0.0,0.0,bool
cockroachdb_cockroach,repo_metadata,has_pull_requests,1,100.0,0.0,0.0,bool
cockroachdb_cockroach,repo_metadata,has_wiki,1,100.0,0.0,0.0,bool
cockroachdb_cockroach,repo_metadata,homepage,1,100.0,0.0,0.0,str
cockroachdb_cockroach,repo_metadata,hooks_url,1,100.0,0.0,0.0,str
cockroachdb_cockroach,repo_metadata,html_url,1,100.0,0.0,0.0,str
cockroachdb_cockroach,repo_metadata,id,1,100.0,0.0,0.0,int
cockroachdb_cockroach,repo_metadata,is_template,1,100.0,0.0,0.0,bool
cockroachdb_cockroach,repo_metadata,issue_comment_url,1,100.0,0.0,0.0,str
cockroachdb_cockroach,repo_metadata,issue_events_url,1,100.0,0.0,0.0,str
cockroachdb_cockroach,repo_metadata,issues_url,1,100.0,0.0,0.0,str
cockroachdb_cockroach,repo_metadata,keys_url,1,100.0,0.0,0.0,str
cockroachdb_cockroach,repo_metadata,labels_url,1,100.0,0.0,0.0,str
cockroachdb_cockroach,repo_metadata,language,1,100.0,0.0,0.0,str
cockroachdb_cockroach,repo_metadata,languages_url,1,100.0,0.0,0.0,str
cockroachdb_cockroach,repo_metadata,license.key,1,100.0,0.0,0.0,str
cockroachdb_cockroach,repo_metadata,license.name,1,100.0,0.0,0.0,str
cockroachdb_cockroach,repo_metadata,license.node_id,1,100.0,0.0,0.0,str
cockroachdb_cockroach,repo_metadata,license.spdx_id,1,100.0,0.0,0.0,str
cockroachdb_cockroach,repo_metadata,license.url,1,100.0,100.0,0.0,NoneType
cockroachdb_cockroach,repo_metadata,merges_url,1,100.0,0.0,0.0,str
cockroachdb_cockroach,repo_metadata,milestones_url,1,100.0,0.0,0.0,str
cockroachdb_cockroach,repo_metadata,mirror_url,1,100.0,100.0,0.0,NoneType
cockroachdb_cockroach,repo_metadata,name,1,100.0,0.0,0.0,str
cockroachdb_cockroach,repo_metadata,network_count,1,100.0,0.0,0.0,int
cockroachdb_cockroach,repo_metadata,node_id,1,100.0,0.0,0.0,str
cockroachdb_cockroach,repo_metadata,notifications_url,1,100.0,0.0,0.0,str
cockroachdb_cockroach,repo_metadata,open_issues,1,100.0,0.0,0.0,int
cockroachdb_cockroach,repo_metadata,open_issues_count,1,100.0,0.0,0.0,int
cockroachdb_cockroach,repo_metadata,organization.avatar_url,1,100.0,0.0,0.0,str
cockroachdb_cockroach,repo_metadata,organization.events_url,1,100.0,0.0,0.0,str
cockroachdb_cockroach,repo_metadata,organization.followers_url,1,100.0,0.0,0.0,str
cockroachdb_cockroach,repo_metadata,organization.following_url,1,100.0,0.0,0.0,str
cockroachdb_cockroach,repo_metadata,organization.gists_url,1,100.0,0.0,0.0,str
cockroachdb_cockroach,repo_metadata,organization.gravatar_id,1,100.0,0.0,100.0,str
cockroachdb_cockroach,repo_metadata,organization.html_url,1,100.0,0.0,0.0,str
cockroachdb_cockroach,repo_metadata,organization.id,1,100.0,0.0,0.0,int
cockroachdb_cockroach,repo_metadata,organization.login,1,100.0,0.0,0.0,str
cockroachdb_cockroach,repo_metadata,organization.node_id,1,100.0,0.0,0.0,str
cockroachdb_cockroach,repo_metadata,organization.organizations_url,1,100.0,0.0,0.0,str
cockroachdb_cockroach,repo_metadata,organization.received_events_url,1,100.0,0.0,0.0,str
cockroachdb_cockroach,repo_metadata,organization.repos_url,1,100.0,0.0,0.0,str
cockroachdb_cockroach,repo_metadata,organization.site_admin,1,100.0,0.0,0.0,bool
cockroachdb_cockroach,repo_metadata,organization.starred_url,1,100.0,0.0,0.0,str
cockroachdb_cockroach,repo_metadata,organization.subscriptions_url,1,100.0,0.0,0.0,str
cockroachdb_cockroach,repo_metadata,organization.type,1,100.0,0.0,0.0,str
cockroachdb_cockroach,repo_metadata,organization.url,1,100.0,0.0,0.0,str
cockroachdb_cockroach,repo_metadata,organization.user_view_type,1,100.0,0.0,0.0,str
cockroachdb_cockroach,repo_metadata,owner.avatar_url,1,100.0,0.0,0.0,str
cockroachdb_cockroach,repo_metadata,owner.events_url,1,100.0,0.0,0.0,str
cockroachdb_cockroach,repo_metadata,owner.followers_url,1,100.0,0.0,0.0,str
cockroachdb_cockroach,repo_metadata,owner.following_url,1,100.0,0.0,0.0,str
cockroachdb_cockroach,repo_metadata,owner.gists_url,1,100.0,0.0,0.0,str
cockroachdb_cockroach,repo_metadata,owner.gravatar_id,1,100.0,0.0,100.0,str
cockroachdb_cockroach,repo_metadata,owner.html_url,1,100.0,0.0,0.0,str
cockroachdb_cockroach,repo_metadata,owner.id,1,100.0,0.0,0.0,int
cockroachdb_cockroach,repo_metadata,owner.login,1,100.0,0.0,0.0,str
cockroachdb_cockroach,repo_metadata,owner.node_id,1,100.0,0.0,0.0,str
cockroachdb_cockroach,repo_metadata,owner.organizations_url,1,100.0,0.0,0.0,str
cockroachdb_cockroach,repo_metadata,owner.received_events_url,1,100.0,0.0,0.0,str
cockroachdb_cockroach,repo_metadata,owner.repos_url,1,100.0,0.0,0.0,str
cockroachdb_cockroach,repo_metadata,owner.site_admin,1,100.0,0.0,0.0,bool
cockroachdb_cockroach,repo_metadata,owner.starred_url,1,100.0,0.0,0.0,str
cockroachdb_cockroach,repo_metadata,owner.subscriptions_url,1,100.0,0.0,0.0,str
cockroachdb_cockroach,repo_metadata,owner.type,1,100.0,0.0,0.0,str
cockroachdb_cockroach,repo_metadata,owner.url,1,100.0,0.0,0.0,str
cockroachdb_cockroach,repo_metadata,owner.user_view_type,1,100.0,0.0,0.0,str
cockroachdb_cockroach,repo_metadata,permissions.admin,1,100.0,0.0,0.0,bool
cockroachdb_cockroach,repo_metadata,permissions.maintain,1,100.0,0.0,0.0,bool
cockroachdb_cockroach,repo_metadata,permissions.pull,1,100.0,0.0,0.0,bool
cockroachdb_cockroach,repo_metadata,permissions.push,1,100.0,0.0,0.0,bool
cockroachdb_cockroach,repo_metadata,permissions.triage,1,100.0,0.0,0.0,bool
cockroachdb_cockroach,repo_metadata,private,1,100.0,0.0,0.0,bool
cockroachdb_cockroach,repo_metadata,pull_request_creation_policy,1,100.0,0.0,0.0,str
cockroachdb_cockroach,repo_metadata,pulls_url,1,100.0,0.0,0.0,str
cockroachdb_cockroach,repo_metadata,pushed_at,1,100.0,0.0,0.0,str
cockroachdb_cockroach,repo_metadata,releases_url,1,100.0,0.0,0.0,str
cockroachdb_cockroach,repo_metadata,size,1,100.0,0.0,0.0,int
cockroachdb_cockroach,repo_metadata,ssh_url,1,100.0,0.0,0.0,str
cockroachdb_cockroach,repo_metadata,stargazers_count,1,100.0,0.0,0.0,int
cockroachdb_cockroach,repo_metadata,stargazers_url,1,100.0,0.0,0.0,str
cockroachdb_cockroach,repo_metadata,statuses_url,1,100.0,0.0,0.0,str
cockroachdb_cockroach,repo_metadata,subscribers_count,1,100.0,0.0,0.0,int
cockroachdb_cockroach,repo_metadata,subscribers_url,1,100.0,0.0,0.0,str
cockroachdb_cockroach,repo_metadata,subscription_url,1,100.0,0.0,0.0,str
cockroachdb_cockroach,repo_metadata,svn_url,1,100.0,0.0,0.0,str
cockroachdb_cockroach,repo_metadata,tags_url,1,100.0,0.0,0.0,str
cockroachdb_cockroach,repo_metadata,teams_url,1,100.0,0.0,0.0,str
cockroachdb_cockroach,repo_metadata,temp_clone_token,1,100.0,0.0,100.0,str
cockroachdb_cockroach,repo_metadata,topics,1,100.0,0.0,0.0,list
cockroachdb_cockroach,repo_metadata,trees_url,1,100.0,0.0,0.0,str
cockroachdb_cockroach,repo_metadata,updated_at,1,100.0,0.0,0.0,str
cockroachdb_cockroach,repo_metadata,url,1,100.0,0.0,0.0,str
cockroachdb_cockroach,repo_metadata,visibility,1,100.0,0.0,0.0,str
cockroachdb_cockroach,repo_metadata,watchers,1,100.0,0.0,0.0,int
cockroachdb_cockroach,repo_metadata,watchers_count,1,100.0,0.0,0.0,int
cockroachdb_cockroach,repo_metadata,web_commit_signoff_required,1,100.0,0.0,0.0,bool
facebookresearch_faiss,commits,author,461,30.37,100.0,0.0,NoneType
facebookresearch_faiss,commits,author.avatar_url,461,69.63,0.0,0.0,str
facebookresearch_faiss,commits,author.events_url,461,69.63,0.0,0.0,str
facebookresearch_faiss,commits,author.followers_url,461,69.63,0.0,0.0,str
facebookresearch_faiss,commits,author.following_url,461,69.63,0.0,0.0,str
facebookresearch_faiss,commits,author.gists_url,461,69.63,0.0,0.0,str
facebookresearch_faiss,commits,author.gravatar_id,461,69.63,0.0,100.0,str
facebookresearch_faiss,commits,author.html_url,461,69.63,0.0,0.0,str
facebookresearch_faiss,commits,author.id,461,69.63,0.0,0.0,int
facebookresearch_faiss,commits,author.login,461,69.63,0.0,0.0,str
facebookresearch_faiss,commits,author.node_id,461,69.63,0.0,0.0,str
facebookresearch_faiss,commits,author.organizations_url,461,69.63,0.0,0.0,str
facebookresearch_faiss,commits,author.received_events_url,461,69.63,0.0,0.0,str
facebookresearch_faiss,commits,author.repos_url,461,69.63,0.0,0.0,str
facebookresearch_faiss,commits,author.site_admin,461,69.63,0.0,0.0,bool
facebookresearch_faiss,commits,author.starred_url,461,69.63,0.0,0.0,str
facebookresearch_faiss,commits,author.subscriptions_url,461,69.63,0.0,0.0,str
facebookresearch_faiss,commits,author.type,461,69.63,0.0,0.0,str
facebookresearch_faiss,commits,author.url,461,69.63,0.0,0.0,str
facebookresearch_faiss,commits,author.user_view_type,461,69.63,0.0,0.0,str
facebookresearch_faiss,commits,comments_url,461,100.0,0.0,0.0,str
facebookresearch_faiss,commits,commit.author.date,461,100.0,0.0,0.0,str
facebookresearch_faiss,commits,commit.author.email,461,100.0,0.0,0.0,str
facebookresearch_faiss,commits,commit.author.name,461,100.0,0.0,0.0,str
facebookresearch_faiss,commits,commit.comment_count,461,100.0,0.0,0.0,int
facebookresearch_faiss,commits,commit.committer.date,461,100.0,0.0,0.0,str
facebookresearch_faiss,commits,commit.committer.email,461,100.0,0.0,0.0,str
facebookresearch_faiss,commits,commit.committer.name,461,100.0,0.0,0.0,str
facebookresearch_faiss,commits,commit.message,461,100.0,0.0,0.0,str
facebookresearch_faiss,commits,commit.tree.sha,461,100.0,0.0,0.0,str
facebookresearch_faiss,commits,commit.tree.url,461,100.0,0.0,0.0,str
facebookresearch_faiss,commits,commit.url,461,100.0,0.0,0.0,str
facebookresearch_faiss,commits,commit.verification.payload,461,100.0,100.0,0.0,NoneType
facebookresearch_faiss,commits,commit.verification.reason,461,100.0,0.0,0.0,str
facebookresearch_faiss,commits,commit.verification.signature,461,100.0,100.0,0.0,NoneType
facebookresearch_faiss,commits,commit.verification.verified,461,100.0,0.0,0.0,bool
facebookresearch_faiss,commits,commit.verification.verified_at,461,100.0,100.0,0.0,NoneType
facebookresearch_faiss,commits,committer.avatar_url,461,100.0,0.0,0.0,str
facebookresearch_faiss,commits,committer.events_url,461,100.0,0.0,0.0,str
facebookresearch_faiss,commits,committer.followers_url,461,100.0,0.0,0.0,str
facebookresearch_faiss,commits,committer.following_url,461,100.0,0.0,0.0,str
facebookresearch_faiss,commits,committer.gists_url,461,100.0,0.0,0.0,str
facebookresearch_faiss,commits,committer.gravatar_id,461,100.0,0.0,100.0,str
facebookresearch_faiss,commits,committer.html_url,461,100.0,0.0,0.0,str
facebookresearch_faiss,commits,committer.id,461,100.0,0.0,0.0,int
facebookresearch_faiss,commits,committer.login,461,100.0,0.0,0.0,str
facebookresearch_faiss,commits,committer.node_id,461,100.0,0.0,0.0,str
facebookresearch_faiss,commits,committer.organizations_url,461,100.0,0.0,0.0,str
facebookresearch_faiss,commits,committer.received_events_url,461,100.0,0.0,0.0,str
facebookresearch_faiss,commits,committer.repos_url,461,100.0,0.0,0.0,str
facebookresearch_faiss,commits,committer.site_admin,461,100.0,0.0,0.0,bool
facebookresearch_faiss,commits,committer.starred_url,461,100.0,0.0,0.0,str
facebookresearch_faiss,commits,committer.subscriptions_url,461,100.0,0.0,0.0,str
facebookresearch_faiss,commits,committer.type,461,100.0,0.0,0.0,str
facebookresearch_faiss,commits,committer.url,461,100.0,0.0,0.0,str
facebookresearch_faiss,commits,committer.user_view_type,461,100.0,0.0,0.0,str
facebookresearch_faiss,commits,html_url,461,100.0,0.0,0.0,str
facebookresearch_faiss,commits,node_id,461,100.0,0.0,0.0,str
facebookresearch_faiss,commits,parents,461,100.0,0.0,0.0,list
facebookresearch_faiss,commits,sha,461,100.0,0.0,0.0,str
facebookresearch_faiss,commits,url,461,100.0,0.0,0.0,str
facebookresearch_faiss,issues,active_lock_reason,753,100.0,100.0,0.0,NoneType
facebookresearch_faiss,issues,assignee,753,94.56,100.0,0.0,NoneType
facebookresearch_faiss,issues,assignee.avatar_url,753,5.44,0.0,0.0,str
facebookresearch_faiss,issues,assignee.events_url,753,5.44,0.0,0.0,str
facebookresearch_faiss,issues,assignee.followers_url,753,5.44,0.0,0.0,str
facebookresearch_faiss,issues,assignee.following_url,753,5.44,0.0,0.0,str
facebookresearch_faiss,issues,assignee.gists_url,753,5.44,0.0,0.0,str
facebookresearch_faiss,issues,assignee.gravatar_id,753,5.44,0.0,100.0,str
facebookresearch_faiss,issues,assignee.html_url,753,5.44,0.0,0.0,str
facebookresearch_faiss,issues,assignee.id,753,5.44,0.0,0.0,int
facebookresearch_faiss,issues,assignee.login,753,5.44,0.0,0.0,str
facebookresearch_faiss,issues,assignee.node_id,753,5.44,0.0,0.0,str
facebookresearch_faiss,issues,assignee.organizations_url,753,5.44,0.0,0.0,str
facebookresearch_faiss,issues,assignee.received_events_url,753,5.44,0.0,0.0,str
facebookresearch_faiss,issues,assignee.repos_url,753,5.44,0.0,0.0,str
facebookresearch_faiss,issues,assignee.site_admin,753,5.44,0.0,0.0,bool
facebookresearch_faiss,issues,assignee.starred_url,753,5.44,0.0,0.0,str
facebookresearch_faiss,issues,assignee.subscriptions_url,753,5.44,0.0,0.0,str
facebookresearch_faiss,issues,assignee.type,753,5.44,0.0,0.0,str
facebookresearch_faiss,issues,assignee.url,753,5.44,0.0,0.0,str
facebookresearch_faiss,issues,assignee.user_view_type,753,5.44,0.0,0.0,str
facebookresearch_faiss,issues,assignees,753,100.0,0.0,0.0,list
facebookresearch_faiss,issues,author_association,753,100.0,0.0,0.0,str
facebookresearch_faiss,issues,body,753,100.0,2.26,0.0,NoneType|str
facebookresearch_faiss,issues,closed_at,753,100.0,16.6,0.0,NoneType|str
facebookresearch_faiss,issues,closed_by,753,16.87,100.0,0.0,NoneType
facebookresearch_faiss,issues,closed_by.avatar_url,753,83.13,0.0,0.0,str
facebookresearch_faiss,issues,closed_by.events_url,753,83.13,0.0,0.0,str
facebookresearch_faiss,issues,closed_by.followers_url,753,83.13,0.0,0.0,str
facebookresearch_faiss,issues,closed_by.following_url,753,83.13,0.0,0.0,str
facebookresearch_faiss,issues,closed_by.gists_url,753,83.13,0.0,0.0,str
facebookresearch_faiss,issues,closed_by.gravatar_id,753,83.13,0.0,100.0,str
facebookresearch_faiss,issues,closed_by.html_url,753,83.13,0.0,0.0,str
facebookresearch_faiss,issues,closed_by.id,753,83.13,0.0,0.0,int
facebookresearch_faiss,issues,closed_by.login,753,83.13,0.0,0.0,str
facebookresearch_faiss,issues,closed_by.node_id,753,83.13,0.0,0.0,str
facebookresearch_faiss,issues,closed_by.organizations_url,753,83.13,0.0,0.0,str
facebookresearch_faiss,issues,closed_by.received_events_url,753,83.13,0.0,0.0,str
facebookresearch_faiss,issues,closed_by.repos_url,753,83.13,0.0,0.0,str
facebookresearch_faiss,issues,closed_by.site_admin,753,83.13,0.0,0.0,bool
facebookresearch_faiss,issues,closed_by.starred_url,753,83.13,0.0,0.0,str
facebookresearch_faiss,issues,closed_by.subscriptions_url,753,83.13,0.0,0.0,str
facebookresearch_faiss,issues,closed_by.type,753,83.13,0.0,0.0,str
facebookresearch_faiss,issues,closed_by.url,753,83.13,0.0,0.0,str
facebookresearch_faiss,issues,closed_by.user_view_type,753,83.13,0.0,0.0,str
facebookresearch_faiss,issues,comments,753,100.0,0.0,0.0,int
facebookresearch_faiss,issues,comments_url,753,100.0,0.0,0.0,str
facebookresearch_faiss,issues,created_at,753,100.0,0.0,0.0,str
facebookresearch_faiss,issues,draft,753,85.79,0.0,0.0,bool
facebookresearch_faiss,issues,events_url,753,100.0,0.0,0.0,str
facebookresearch_faiss,issues,html_url,753,100.0,0.0,0.0,str
facebookresearch_faiss,issues,id,753,100.0,0.0,0.0,int
facebookresearch_faiss,issues,issue_dependencies_summary.blocked_by,753,14.21,0.0,0.0,int
facebookresearch_faiss,issues,issue_dependencies_summary.blocking,753,14.21,0.0,0.0,int
facebookresearch_faiss,issues,issue_dependencies_summary.total_blocked_by,753,14.21,0.0,0.0,int
facebookresearch_faiss,issues,issue_dependencies_summary.total_blocking,753,14.21,0.0,0.0,int
facebookresearch_faiss,issues,issue_field_values,753,100.0,0.0,0.0,list
facebookresearch_faiss,issues,labels,753,100.0,0.0,0.0,list
facebookresearch_faiss,issues,labels_url,753,100.0,0.0,0.0,str
facebookresearch_faiss,issues,locked,753,100.0,0.0,0.0,bool
facebookresearch_faiss,issues,milestone,753,100.0,100.0,0.0,NoneType
facebookresearch_faiss,issues,node_id,753,100.0,0.0,0.0,str
facebookresearch_faiss,issues,number,753,100.0,0.0,0.0,int
facebookresearch_faiss,issues,performed_via_github_app,753,100.0,100.0,0.0,NoneType
facebookresearch_faiss,issues,pinned_comment,753,14.21,100.0,0.0,NoneType
facebookresearch_faiss,issues,pull_request.diff_url,753,85.79,0.0,0.0,str
facebookresearch_faiss,issues,pull_request.html_url,753,85.79,0.0,0.0,str
facebookresearch_faiss,issues,pull_request.merged_at,753,85.79,100.0,0.0,NoneType
facebookresearch_faiss,issues,pull_request.patch_url,753,85.79,0.0,0.0,str
facebookresearch_faiss,issues,pull_request.url,753,85.79,0.0,0.0,str
facebookresearch_faiss,issues,reactions.+1,753,100.0,0.0,0.0,int
facebookresearch_faiss,issues,reactions.-1,753,100.0,0.0,0.0,int
facebookresearch_faiss,issues,reactions.confused,753,100.0,0.0,0.0,int
facebookresearch_faiss,issues,reactions.eyes,753,100.0,0.0,0.0,int
facebookresearch_faiss,issues,reactions.heart,753,100.0,0.0,0.0,int
facebookresearch_faiss,issues,reactions.hooray,753,100.0,0.0,0.0,int
facebookresearch_faiss,issues,reactions.laugh,753,100.0,0.0,0.0,int
facebookresearch_faiss,issues,reactions.rocket,753,100.0,0.0,0.0,int
facebookresearch_faiss,issues,reactions.total_count,753,100.0,0.0,0.0,int
facebookresearch_faiss,issues,reactions.url,753,100.0,0.0,0.0,str
facebookresearch_faiss,issues,repository_url,753,100.0,0.0,0.0,str
facebookresearch_faiss,issues,state,753,100.0,0.0,0.0,str
facebookresearch_faiss,issues,state_reason,753,100.0,90.7,0.0,NoneType|str
facebookresearch_faiss,issues,sub_issues_summary.completed,753,14.21,0.0,0.0,int
facebookresearch_faiss,issues,sub_issues_summary.percent_completed,753,14.21,0.0,0.0,int
facebookresearch_faiss,issues,sub_issues_summary.total,753,14.21,0.0,0.0,int
facebookresearch_faiss,issues,timeline_url,753,100.0,0.0,0.0,str
facebookresearch_faiss,issues,title,753,100.0,0.0,0.0,str
facebookresearch_faiss,issues,type,753,99.73,100.0,0.0,NoneType
facebookresearch_faiss,issues,type.color,753,0.27,0.0,0.0,str
facebookresearch_faiss,issues,type.created_at,753,0.27,0.0,0.0,str
facebookresearch_faiss,issues,type.description,753,0.27,0.0,0.0,str
facebookresearch_faiss,issues,type.id,753,0.27,0.0,0.0,int
facebookresearch_faiss,issues,type.is_enabled,753,0.27,0.0,0.0,bool
facebookresearch_faiss,issues,type.name,753,0.27,0.0,0.0,str
facebookresearch_faiss,issues,type.node_id,753,0.27,0.0,0.0,str
facebookresearch_faiss,issues,type.updated_at,753,0.27,0.0,0.0,str
facebookresearch_faiss,issues,updated_at,753,100.0,0.0,0.0,str
facebookresearch_faiss,issues,url,753,100.0,0.0,0.0,str
facebookresearch_faiss,issues,user.avatar_url,753,100.0,0.0,0.0,str
facebookresearch_faiss,issues,user.events_url,753,100.0,0.0,0.0,str
facebookresearch_faiss,issues,user.followers_url,753,100.0,0.0,0.0,str
facebookresearch_faiss,issues,user.following_url,753,100.0,0.0,0.0,str
facebookresearch_faiss,issues,user.gists_url,753,100.0,0.0,0.0,str
facebookresearch_faiss,issues,user.gravatar_id,753,100.0,0.0,100.0,str
facebookresearch_faiss,issues,user.html_url,753,100.0,0.0,0.0,str
facebookresearch_faiss,issues,user.id,753,100.0,0.0,0.0,int
facebookresearch_faiss,issues,user.login,753,100.0,0.0,0.0,str
facebookresearch_faiss,issues,user.node_id,753,100.0,0.0,0.0,str
facebookresearch_faiss,issues,user.organizations_url,753,100.0,0.0,0.0,str
facebookresearch_faiss,issues,user.received_events_url,753,100.0,0.0,0.0,str
facebookresearch_faiss,issues,user.repos_url,753,100.0,0.0,0.0,str
facebookresearch_faiss,issues,user.site_admin,753,100.0,0.0,0.0,bool
facebookresearch_faiss,issues,user.starred_url,753,100.0,0.0,0.0,str
facebookresearch_faiss,issues,user.subscriptions_url,753,100.0,0.0,0.0,str
facebookresearch_faiss,issues,user.type,753,100.0,0.0,0.0,str
facebookresearch_faiss,issues,user.url,753,100.0,0.0,0.0,str
facebookresearch_faiss,issues,user.user_view_type,753,100.0,0.0,0.0,str
facebookresearch_faiss,pulls,_links.comments.href,583,100.0,0.0,0.0,str
facebookresearch_faiss,pulls,_links.commits.href,583,100.0,0.0,0.0,str
facebookresearch_faiss,pulls,_links.html.href,583,100.0,0.0,0.0,str
facebookresearch_faiss,pulls,_links.issue.href,583,100.0,0.0,0.0,str
facebookresearch_faiss,pulls,_links.review_comment.href,583,100.0,0.0,0.0,str
facebookresearch_faiss,pulls,_links.review_comments.href,583,100.0,0.0,0.0,str
facebookresearch_faiss,pulls,_links.self.href,583,100.0,0.0,0.0,str
facebookresearch_faiss,pulls,_links.statuses.href,583,100.0,0.0,0.0,str
facebookresearch_faiss,pulls,active_lock_reason,583,100.0,100.0,0.0,NoneType
facebookresearch_faiss,pulls,assignee,583,97.26,100.0,0.0,NoneType
facebookresearch_faiss,pulls,assignee.avatar_url,583,2.74,0.0,0.0,str
facebookresearch_faiss,pulls,assignee.events_url,583,2.74,0.0,0.0,str
facebookresearch_faiss,pulls,assignee.followers_url,583,2.74,0.0,0.0,str
facebookresearch_faiss,pulls,assignee.following_url,583,2.74,0.0,0.0,str
facebookresearch_faiss,pulls,assignee.gists_url,583,2.74,0.0,0.0,str
facebookresearch_faiss,pulls,assignee.gravatar_id,583,2.74,0.0,100.0,str
facebookresearch_faiss,pulls,assignee.html_url,583,2.74,0.0,0.0,str
facebookresearch_faiss,pulls,assignee.id,583,2.74,0.0,0.0,int
facebookresearch_faiss,pulls,assignee.login,583,2.74,0.0,0.0,str
facebookresearch_faiss,pulls,assignee.node_id,583,2.74,0.0,0.0,str
facebookresearch_faiss,pulls,assignee.organizations_url,583,2.74,0.0,0.0,str
facebookresearch_faiss,pulls,assignee.received_events_url,583,2.74,0.0,0.0,str
facebookresearch_faiss,pulls,assignee.repos_url,583,2.74,0.0,0.0,str
facebookresearch_faiss,pulls,assignee.site_admin,583,2.74,0.0,0.0,bool
facebookresearch_faiss,pulls,assignee.starred_url,583,2.74,0.0,0.0,str
facebookresearch_faiss,pulls,assignee.subscriptions_url,583,2.74,0.0,0.0,str
facebookresearch_faiss,pulls,assignee.type,583,2.74,0.0,0.0,str
facebookresearch_faiss,pulls,assignee.url,583,2.74,0.0,0.0,str
facebookresearch_faiss,pulls,assignee.user_view_type,583,2.74,0.0,0.0,str
facebookresearch_faiss,pulls,assignees,583,100.0,0.0,0.0,list
facebookresearch_faiss,pulls,author_association,583,100.0,0.0,0.0,str
facebookresearch_faiss,pulls,auto_merge,583,100.0,100.0,0.0,NoneType
facebookresearch_faiss,pulls,base.label,583,100.0,0.0,0.0,str
facebookresearch_faiss,pulls,base.ref,583,100.0,0.0,0.0,str
facebookresearch_faiss,pulls,base.repo.allow_forking,583,100.0,0.0,0.0,bool
facebookresearch_faiss,pulls,base.repo.archive_url,583,100.0,0.0,0.0,str
facebookresearch_faiss,pulls,base.repo.archived,583,100.0,0.0,0.0,bool
facebookresearch_faiss,pulls,base.repo.assignees_url,583,100.0,0.0,0.0,str
facebookresearch_faiss,pulls,base.repo.blobs_url,583,100.0,0.0,0.0,str
facebookresearch_faiss,pulls,base.repo.branches_url,583,100.0,0.0,0.0,str
facebookresearch_faiss,pulls,base.repo.clone_url,583,100.0,0.0,0.0,str
facebookresearch_faiss,pulls,base.repo.collaborators_url,583,100.0,0.0,0.0,str
facebookresearch_faiss,pulls,base.repo.comments_url,583,100.0,0.0,0.0,str
facebookresearch_faiss,pulls,base.repo.commits_url,583,100.0,0.0,0.0,str
facebookresearch_faiss,pulls,base.repo.compare_url,583,100.0,0.0,0.0,str
facebookresearch_faiss,pulls,base.repo.contents_url,583,100.0,0.0,0.0,str
facebookresearch_faiss,pulls,base.repo.contributors_url,583,100.0,0.0,0.0,str
facebookresearch_faiss,pulls,base.repo.created_at,583,100.0,0.0,0.0,str
facebookresearch_faiss,pulls,base.repo.default_branch,583,100.0,0.0,0.0,str
facebookresearch_faiss,pulls,base.repo.deployments_url,583,100.0,0.0,0.0,str
facebookresearch_faiss,pulls,base.repo.description,583,100.0,0.0,0.0,str
facebookresearch_faiss,pulls,base.repo.disabled,583,100.0,0.0,0.0,bool
facebookresearch_faiss,pulls,base.repo.downloads_url,583,100.0,0.0,0.0,str
facebookresearch_faiss,pulls,base.repo.events_url,583,100.0,0.0,0.0,str
facebookresearch_faiss,pulls,base.repo.fork,583,100.0,0.0,0.0,bool
facebookresearch_faiss,pulls,base.repo.forks,583,100.0,0.0,0.0,int
facebookresearch_faiss,pulls,base.repo.forks_count,583,100.0,0.0,0.0,int
facebookresearch_faiss,pulls,base.repo.forks_url,583,100.0,0.0,0.0,str
facebookresearch_faiss,pulls,base.repo.full_name,583,100.0,0.0,0.0,str
facebookresearch_faiss,pulls,base.repo.git_commits_url,583,100.0,0.0,0.0,str
facebookresearch_faiss,pulls,base.repo.git_refs_url,583,100.0,0.0,0.0,str
facebookresearch_faiss,pulls,base.repo.git_tags_url,583,100.0,0.0,0.0,str
facebookresearch_faiss,pulls,base.repo.git_url,583,100.0,0.0,0.0,str
facebookresearch_faiss,pulls,base.repo.has_discussions,583,100.0,0.0,0.0,bool
facebookresearch_faiss,pulls,base.repo.has_downloads,583,100.0,0.0,0.0,bool
facebookresearch_faiss,pulls,base.repo.has_issues,583,100.0,0.0,0.0,bool
facebookresearch_faiss,pulls,base.repo.has_pages,583,100.0,0.0,0.0,bool
facebookresearch_faiss,pulls,base.repo.has_projects,583,100.0,0.0,0.0,bool
facebookresearch_faiss,pulls,base.repo.has_pull_requests,583,100.0,0.0,0.0,bool
facebookresearch_faiss,pulls,base.repo.has_wiki,583,100.0,0.0,0.0,bool
facebookresearch_faiss,pulls,base.repo.homepage,583,100.0,0.0,0.0,str
facebookresearch_faiss,pulls,base.repo.hooks_url,583,100.0,0.0,0.0,str
facebookresearch_faiss,pulls,base.repo.html_url,583,100.0,0.0,0.0,str
facebookresearch_faiss,pulls,base.repo.id,583,100.0,0.0,0.0,int
facebookresearch_faiss,pulls,base.repo.is_template,583,100.0,0.0,0.0,bool
facebookresearch_faiss,pulls,base.repo.issue_comment_url,583,100.0,0.0,0.0,str
facebookresearch_faiss,pulls,base.repo.issue_events_url,583,100.0,0.0,0.0,str
facebookresearch_faiss,pulls,base.repo.issues_url,583,100.0,0.0,0.0,str
facebookresearch_faiss,pulls,base.repo.keys_url,583,100.0,0.0,0.0,str
facebookresearch_faiss,pulls,base.repo.labels_url,583,100.0,0.0,0.0,str
facebookresearch_faiss,pulls,base.repo.language,583,100.0,0.0,0.0,str
facebookresearch_faiss,pulls,base.repo.languages_url,583,100.0,0.0,0.0,str
facebookresearch_faiss,pulls,base.repo.license.key,583,100.0,0.0,0.0,str
facebookresearch_faiss,pulls,base.repo.license.name,583,100.0,0.0,0.0,str
facebookresearch_faiss,pulls,base.repo.license.node_id,583,100.0,0.0,0.0,str
facebookresearch_faiss,pulls,base.repo.license.spdx_id,583,100.0,0.0,0.0,str
facebookresearch_faiss,pulls,base.repo.license.url,583,100.0,0.0,0.0,str
facebookresearch_faiss,pulls,base.repo.merges_url,583,100.0,0.0,0.0,str
facebookresearch_faiss,pulls,base.repo.milestones_url,583,100.0,0.0,0.0,str
facebookresearch_faiss,pulls,base.repo.mirror_url,583,100.0,100.0,0.0,NoneType
facebookresearch_faiss,pulls,base.repo.name,583,100.0,0.0,0.0,str
facebookresearch_faiss,pulls,base.repo.node_id,583,100.0,0.0,0.0,str
facebookresearch_faiss,pulls,base.repo.notifications_url,583,100.0,0.0,0.0,str
facebookresearch_faiss,pulls,base.repo.open_issues,583,100.0,0.0,0.0,int
facebookresearch_faiss,pulls,base.repo.open_issues_count,583,100.0,0.0,0.0,int
facebookresearch_faiss,pulls,base.repo.owner.avatar_url,583,100.0,0.0,0.0,str
facebookresearch_faiss,pulls,base.repo.owner.events_url,583,100.0,0.0,0.0,str
facebookresearch_faiss,pulls,base.repo.owner.followers_url,583,100.0,0.0,0.0,str
facebookresearch_faiss,pulls,base.repo.owner.following_url,583,100.0,0.0,0.0,str
facebookresearch_faiss,pulls,base.repo.owner.gists_url,583,100.0,0.0,0.0,str
facebookresearch_faiss,pulls,base.repo.owner.gravatar_id,583,100.0,0.0,100.0,str
facebookresearch_faiss,pulls,base.repo.owner.html_url,583,100.0,0.0,0.0,str
facebookresearch_faiss,pulls,base.repo.owner.id,583,100.0,0.0,0.0,int
facebookresearch_faiss,pulls,base.repo.owner.login,583,100.0,0.0,0.0,str
facebookresearch_faiss,pulls,base.repo.owner.node_id,583,100.0,0.0,0.0,str
facebookresearch_faiss,pulls,base.repo.owner.organizations_url,583,100.0,0.0,0.0,str
facebookresearch_faiss,pulls,base.repo.owner.received_events_url,583,100.0,0.0,0.0,str
facebookresearch_faiss,pulls,base.repo.owner.repos_url,583,100.0,0.0,0.0,str
facebookresearch_faiss,pulls,base.repo.owner.site_admin,583,100.0,0.0,0.0,bool
facebookresearch_faiss,pulls,base.repo.owner.starred_url,583,100.0,0.0,0.0,str
facebookresearch_faiss,pulls,base.repo.owner.subscriptions_url,583,100.0,0.0,0.0,str
facebookresearch_faiss,pulls,base.repo.owner.type,583,100.0,0.0,0.0,str
facebookresearch_faiss,pulls,base.repo.owner.url,583,100.0,0.0,0.0,str
facebookresearch_faiss,pulls,base.repo.owner.user_view_type,583,100.0,0.0,0.0,str
facebookresearch_faiss,pulls,base.repo.private,583,100.0,0.0,0.0,bool
facebookresearch_faiss,pulls,base.repo.pull_request_creation_policy,583,100.0,0.0,0.0,str
facebookresearch_faiss,pulls,base.repo.pulls_url,583,100.0,0.0,0.0,str
facebookresearch_faiss,pulls,base.repo.pushed_at,583,100.0,0.0,0.0,str
facebookresearch_faiss,pulls,base.repo.releases_url,583,100.0,0.0,0.0,str
facebookresearch_faiss,pulls,base.repo.size,583,100.0,0.0,0.0,int
facebookresearch_faiss,pulls,base.repo.ssh_url,583,100.0,0.0,0.0,str
facebookresearch_faiss,pulls,base.repo.stargazers_count,583,100.0,0.0,0.0,int
facebookresearch_faiss,pulls,base.repo.stargazers_url,583,100.0,0.0,0.0,str
facebookresearch_faiss,pulls,base.repo.statuses_url,583,100.0,0.0,0.0,str
facebookresearch_faiss,pulls,base.repo.subscribers_url,583,100.0,0.0,0.0,str
facebookresearch_faiss,pulls,base.repo.subscription_url,583,100.0,0.0,0.0,str
facebookresearch_faiss,pulls,base.repo.svn_url,583,100.0,0.0,0.0,str
facebookresearch_faiss,pulls,base.repo.tags_url,583,100.0,0.0,0.0,str
facebookresearch_faiss,pulls,base.repo.teams_url,583,100.0,0.0,0.0,str
facebookresearch_faiss,pulls,base.repo.topics,583,100.0,0.0,0.0,list
facebookresearch_faiss,pulls,base.repo.trees_url,583,100.0,0.0,0.0,str
facebookresearch_faiss,pulls,base.repo.updated_at,583,100.0,0.0,0.0,str
facebookresearch_faiss,pulls,base.repo.url,583,100.0,0.0,0.0,str
facebookresearch_faiss,pulls,base.repo.visibility,583,100.0,0.0,0.0,str
facebookresearch_faiss,pulls,base.repo.watchers,583,100.0,0.0,0.0,int
facebookresearch_faiss,pulls,base.repo.watchers_count,583,100.0,0.0,0.0,int
facebookresearch_faiss,pulls,base.repo.web_commit_signoff_required,583,100.0,0.0,0.0,bool
facebookresearch_faiss,pulls,base.sha,583,100.0,0.0,0.0,str
facebookresearch_faiss,pulls,base.user.avatar_url,583,100.0,0.0,0.0,str
facebookresearch_faiss,pulls,base.user.events_url,583,100.0,0.0,0.0,str
facebookresearch_faiss,pulls,base.user.followers_url,583,100.0,0.0,0.0,str
facebookresearch_faiss,pulls,base.user.following_url,583,100.0,0.0,0.0,str
facebookresearch_faiss,pulls,base.user.gists_url,583,100.0,0.0,0.0,str
facebookresearch_faiss,pulls,base.user.gravatar_id,583,100.0,0.0,100.0,str
facebookresearch_faiss,pulls,base.user.html_url,583,100.0,0.0,0.0,str
facebookresearch_faiss,pulls,base.user.id,583,100.0,0.0,0.0,int
facebookresearch_faiss,pulls,base.user.login,583,100.0,0.0,0.0,str
facebookresearch_faiss,pulls,base.user.node_id,583,100.0,0.0,0.0,str
facebookresearch_faiss,pulls,base.user.organizations_url,583,100.0,0.0,0.0,str
facebookresearch_faiss,pulls,base.user.received_events_url,583,100.0,0.0,0.0,str
facebookresearch_faiss,pulls,base.user.repos_url,583,100.0,0.0,0.0,str
facebookresearch_faiss,pulls,base.user.site_admin,583,100.0,0.0,0.0,bool
facebookresearch_faiss,pulls,base.user.starred_url,583,100.0,0.0,0.0,str
facebookresearch_faiss,pulls,base.user.subscriptions_url,583,100.0,0.0,0.0,str
facebookresearch_faiss,pulls,base.user.type,583,100.0,0.0,0.0,str
facebookresearch_faiss,pulls,base.user.url,583,100.0,0.0,0.0,str
facebookresearch_faiss,pulls,base.user.user_view_type,583,100.0,0.0,0.0,str
facebookresearch_faiss,pulls,body,583,100.0,2.23,0.0,NoneType|str
facebookresearch_faiss,pulls,closed_at,583,100.0,13.72,0.0,NoneType|str
facebookresearch_faiss,pulls,comments_url,583,100.0,0.0,0.0,str
facebookresearch_faiss,pulls,commits_url,583,100.0,0.0,0.0,str
facebookresearch_faiss,pulls,created_at,583,100.0,0.0,0.0,str
facebookresearch_faiss,pulls,diff_url,583,100.0,0.0,0.0,str
facebookresearch_faiss,pulls,draft,583,100.0,0.0,0.0,bool
facebookresearch_faiss,pulls,head.label,583,100.0,0.0,0.0,str
facebookresearch_faiss,pulls,head.ref,583,100.0,0.0,0.0,str
facebookresearch_faiss,pulls,head.repo,583,1.03,100.0,0.0,NoneType
facebookresearch_faiss,pulls,head.repo.allow_forking,583,98.97,0.0,0.0,bool
facebookresearch_faiss,pulls,head.repo.archive_url,583,98.97,0.0,0.0,str
facebookresearch_faiss,pulls,head.repo.archived,583,98.97,0.0,0.0,bool
facebookresearch_faiss,pulls,head.repo.assignees_url,583,98.97,0.0,0.0,str
facebookresearch_faiss,pulls,head.repo.blobs_url,583,98.97,0.0,0.0,str
facebookresearch_faiss,pulls,head.repo.branches_url,583,98.97,0.0,0.0,str
facebookresearch_faiss,pulls,head.repo.clone_url,583,98.97,0.0,0.0,str
facebookresearch_faiss,pulls,head.repo.collaborators_url,583,98.97,0.0,0.0,str
facebookresearch_faiss,pulls,head.repo.comments_url,583,98.97,0.0,0.0,str
facebookresearch_faiss,pulls,head.repo.commits_url,583,98.97,0.0,0.0,str
facebookresearch_faiss,pulls,head.repo.compare_url,583,98.97,0.0,0.0,str
facebookresearch_faiss,pulls,head.repo.contents_url,583,98.97,0.0,0.0,str
facebookresearch_faiss,pulls,head.repo.contributors_url,583,98.97,0.0,0.0,str
facebookresearch_faiss,pulls,head.repo.created_at,583,98.97,0.0,0.0,str
facebookresearch_faiss,pulls,head.repo.default_branch,583,98.97,0.0,0.0,str
facebookresearch_faiss,pulls,head.repo.deployments_url,583,98.97,0.0,0.0,str
facebookresearch_faiss,pulls,head.repo.description,583,98.97,0.0,0.0,str
facebookresearch_faiss,pulls,head.repo.disabled,583,98.97,0.0,0.0,bool
facebookresearch_faiss,pulls,head.repo.downloads_url,583,98.97,0.0,0.0,str
facebookresearch_faiss,pulls,head.repo.events_url,583,98.97,0.0,0.0,str
facebookresearch_faiss,pulls,head.repo.fork,583,98.97,0.0,0.0,bool
facebookresearch_faiss,pulls,head.repo.forks,583,98.97,0.0,0.0,int
facebookresearch_faiss,pulls,head.repo.forks_count,583,98.97,0.0,0.0,int
facebookresearch_faiss,pulls,head.repo.forks_url,583,98.97,0.0,0.0,str
facebookresearch_faiss,pulls,head.repo.full_name,583,98.97,0.0,0.0,str
facebookresearch_faiss,pulls,head.repo.git_commits_url,583,98.97,0.0,0.0,str
facebookresearch_faiss,pulls,head.repo.git_refs_url,583,98.97,0.0,0.0,str
facebookresearch_faiss,pulls,head.repo.git_tags_url,583,98.97,0.0,0.0,str
facebookresearch_faiss,pulls,head.repo.git_url,583,98.97,0.0,0.0,str
facebookresearch_faiss,pulls,head.repo.has_discussions,583,98.97,0.0,0.0,bool
facebookresearch_faiss,pulls,head.repo.has_downloads,583,98.97,0.0,0.0,bool
facebookresearch_faiss,pulls,head.repo.has_issues,583,98.97,0.0,0.0,bool
facebookresearch_faiss,pulls,head.repo.has_pages,583,98.97,0.0,0.0,bool
facebookresearch_faiss,pulls,head.repo.has_projects,583,98.97,0.0,0.0,bool
facebookresearch_faiss,pulls,head.repo.has_pull_requests,583,98.97,0.0,0.0,bool
facebookresearch_faiss,pulls,head.repo.has_wiki,583,98.97,0.0,0.0,bool
facebookresearch_faiss,pulls,head.repo.homepage,583,98.97,2.25,0.0,NoneType|str
facebookresearch_faiss,pulls,head.repo.hooks_url,583,98.97,0.0,0.0,str
facebookresearch_faiss,pulls,head.repo.html_url,583,98.97,0.0,0.0,str
facebookresearch_faiss,pulls,head.repo.id,583,98.97,0.0,0.0,int
facebookresearch_faiss,pulls,head.repo.is_template,583,98.97,0.0,0.0,bool
facebookresearch_faiss,pulls,head.repo.issue_comment_url,583,98.97,0.0,0.0,str
facebookresearch_faiss,pulls,head.repo.issue_events_url,583,98.97,0.0,0.0,str
facebookresearch_faiss,pulls,head.repo.issues_url,583,98.97,0.0,0.0,str
facebookresearch_faiss,pulls,head.repo.keys_url,583,98.97,0.0,0.0,str
facebookresearch_faiss,pulls,head.repo.labels_url,583,98.97,0.0,0.0,str
facebookresearch_faiss,pulls,head.repo.language,583,98.97,62.56,0.0,NoneType|str
facebookresearch_faiss,pulls,head.repo.languages_url,583,98.97,0.0,0.0,str
facebookresearch_faiss,pulls,head.repo.license.key,583,98.97,0.0,0.0,str
facebookresearch_faiss,pulls,head.repo.license.name,583,98.97,0.0,0.0,str
facebookresearch_faiss,pulls,head.repo.license.node_id,583,98.97,0.0,0.0,str
facebookresearch_faiss,pulls,head.repo.license.spdx_id,583,98.97,0.0,0.0,str
facebookresearch_faiss,pulls,head.repo.license.url,583,98.97,0.0,0.0,str
facebookresearch_faiss,pulls,head.repo.merges_url,583,98.97,0.0,0.0,str
facebookresearch_faiss,pulls,head.repo.milestones_url,583,98.97,0.0,0.0,str
facebookresearch_faiss,pulls,head.repo.mirror_url,583,98.97,100.0,0.0,NoneType
facebookresearch_faiss,pulls,head.repo.name,583,98.97,0.0,0.0,str
facebookresearch_faiss,pulls,head.repo.node_id,583,98.97,0.0,0.0,str
facebookresearch_faiss,pulls,head.repo.notifications_url,583,98.97,0.0,0.0,str
facebookresearch_faiss,pulls,head.repo.open_issues,583,98.97,0.0,0.0,int
facebookresearch_faiss,pulls,head.repo.open_issues_count,583,98.97,0.0,0.0,int
facebookresearch_faiss,pulls,head.repo.owner.avatar_url,583,98.97,0.0,0.0,str
facebookresearch_faiss,pulls,head.repo.owner.events_url,583,98.97,0.0,0.0,str
facebookresearch_faiss,pulls,head.repo.owner.followers_url,583,98.97,0.0,0.0,str
facebookresearch_faiss,pulls,head.repo.owner.following_url,583,98.97,0.0,0.0,str
facebookresearch_faiss,pulls,head.repo.owner.gists_url,583,98.97,0.0,0.0,str
facebookresearch_faiss,pulls,head.repo.owner.gravatar_id,583,98.97,0.0,100.0,str
facebookresearch_faiss,pulls,head.repo.owner.html_url,583,98.97,0.0,0.0,str
facebookresearch_faiss,pulls,head.repo.owner.id,583,98.97,0.0,0.0,int
facebookresearch_faiss,pulls,head.repo.owner.login,583,98.97,0.0,0.0,str
facebookresearch_faiss,pulls,head.repo.owner.node_id,583,98.97,0.0,0.0,str
facebookresearch_faiss,pulls,head.repo.owner.organizations_url,583,98.97,0.0,0.0,str
facebookresearch_faiss,pulls,head.repo.owner.received_events_url,583,98.97,0.0,0.0,str
facebookresearch_faiss,pulls,head.repo.owner.repos_url,583,98.97,0.0,0.0,str
facebookresearch_faiss,pulls,head.repo.owner.site_admin,583,98.97,0.0,0.0,bool
facebookresearch_faiss,pulls,head.repo.owner.starred_url,583,98.97,0.0,0.0,str
facebookresearch_faiss,pulls,head.repo.owner.subscriptions_url,583,98.97,0.0,0.0,str
facebookresearch_faiss,pulls,head.repo.owner.type,583,98.97,0.0,0.0,str
facebookresearch_faiss,pulls,head.repo.owner.url,583,98.97,0.0,0.0,str
facebookresearch_faiss,pulls,head.repo.owner.user_view_type,583,98.97,0.0,0.0,str
facebookresearch_faiss,pulls,head.repo.private,583,98.97,0.0,0.0,bool
facebookresearch_faiss,pulls,head.repo.pull_request_creation_policy,583,98.97,0.0,0.0,str
facebookresearch_faiss,pulls,head.repo.pulls_url,583,98.97,0.0,0.0,str
facebookresearch_faiss,pulls,head.repo.pushed_at,583,98.97,0.0,0.0,str
facebookresearch_faiss,pulls,head.repo.releases_url,583,98.97,0.0,0.0,str
facebookresearch_faiss,pulls,head.repo.size,583,98.97,0.0,0.0,int
facebookresearch_faiss,pulls,head.repo.ssh_url,583,98.97,0.0,0.0,str
facebookresearch_faiss,pulls,head.repo.stargazers_count,583,98.97,0.0,0.0,int
facebookresearch_faiss,pulls,head.repo.stargazers_url,583,98.97,0.0,0.0,str
facebookresearch_faiss,pulls,head.repo.statuses_url,583,98.97,0.0,0.0,str
facebookresearch_faiss,pulls,head.repo.subscribers_url,583,98.97,0.0,0.0,str
facebookresearch_faiss,pulls,head.repo.subscription_url,583,98.97,0.0,0.0,str
facebookresearch_faiss,pulls,head.repo.svn_url,583,98.97,0.0,0.0,str
facebookresearch_faiss,pulls,head.repo.tags_url,583,98.97,0.0,0.0,str
facebookresearch_faiss,pulls,head.repo.teams_url,583,98.97,0.0,0.0,str
facebookresearch_faiss,pulls,head.repo.topics,583,98.97,0.0,0.0,list
facebookresearch_faiss,pulls,head.repo.trees_url,583,98.97,0.0,0.0,str
facebookresearch_faiss,pulls,head.repo.updated_at,583,98.97,0.0,0.0,str
facebookresearch_faiss,pulls,head.repo.url,583,98.97,0.0,0.0,str
facebookresearch_faiss,pulls,head.repo.visibility,583,98.97,0.0,0.0,str
facebookresearch_faiss,pulls,head.repo.watchers,583,98.97,0.0,0.0,int
facebookresearch_faiss,pulls,head.repo.watchers_count,583,98.97,0.0,0.0,int
facebookresearch_faiss,pulls,head.repo.web_commit_signoff_required,583,98.97,0.0,0.0,bool
facebookresearch_faiss,pulls,head.sha,583,100.0,0.0,0.0,str
facebookresearch_faiss,pulls,head.user.avatar_url,583,100.0,0.0,0.0,str
facebookresearch_faiss,pulls,head.user.events_url,583,100.0,0.0,0.0,str
facebookresearch_faiss,pulls,head.user.followers_url,583,100.0,0.0,0.0,str
facebookresearch_faiss,pulls,head.user.following_url,583,100.0,0.0,0.0,str
facebookresearch_faiss,pulls,head.user.gists_url,583,100.0,0.0,0.0,str
facebookresearch_faiss,pulls,head.user.gravatar_id,583,100.0,0.0,100.0,str
facebookresearch_faiss,pulls,head.user.html_url,583,100.0,0.0,0.0,str
facebookresearch_faiss,pulls,head.user.id,583,100.0,0.0,0.0,int
facebookresearch_faiss,pulls,head.user.login,583,100.0,0.0,0.0,str
facebookresearch_faiss,pulls,head.user.node_id,583,100.0,0.0,0.0,str
facebookresearch_faiss,pulls,head.user.organizations_url,583,100.0,0.0,0.0,str
facebookresearch_faiss,pulls,head.user.received_events_url,583,100.0,0.0,0.0,str
facebookresearch_faiss,pulls,head.user.repos_url,583,100.0,0.0,0.0,str
facebookresearch_faiss,pulls,head.user.site_admin,583,100.0,0.0,0.0,bool
facebookresearch_faiss,pulls,head.user.starred_url,583,100.0,0.0,0.0,str
facebookresearch_faiss,pulls,head.user.subscriptions_url,583,100.0,0.0,0.0,str
facebookresearch_faiss,pulls,head.user.type,583,100.0,0.0,0.0,str
facebookresearch_faiss,pulls,head.user.url,583,100.0,0.0,0.0,str
facebookresearch_faiss,pulls,head.user.user_view_type,583,100.0,0.0,0.0,str
facebookresearch_faiss,pulls,html_url,583,100.0,0.0,0.0,str
facebookresearch_faiss,pulls,id,583,100.0,0.0,0.0,int
facebookresearch_faiss,pulls,issue_url,583,100.0,0.0,0.0,str
facebookresearch_faiss,pulls,labels,583,100.0,0.0,0.0,list
facebookresearch_faiss,pulls,locked,583,100.0,0.0,0.0,bool
facebookresearch_faiss,pulls,merge_commit_sha,583,100.0,8.75,0.0,NoneType|str
facebookresearch_faiss,pulls,merged_at,583,100.0,100.0,0.0,NoneType
facebookresearch_faiss,pulls,milestone,583,100.0,100.0,0.0,NoneType
facebookresearch_faiss,pulls,node_id,583,100.0,0.0,0.0,str
facebookresearch_faiss,pulls,number,583,100.0,0.0,0.0,int
facebookresearch_faiss,pulls,patch_url,583,100.0,0.0,0.0,str
facebookresearch_faiss,pulls,requested_reviewers,583,100.0,0.0,0.0,list
facebookresearch_faiss,pulls,requested_teams,583,100.0,0.0,0.0,list
facebookresearch_faiss,pulls,review_comment_url,583,100.0,0.0,0.0,str
facebookresearch_faiss,pulls,review_comments_url,583,100.0,0.0,0.0,str
facebookresearch_faiss,pulls,state,583,100.0,0.0,0.0,str
facebookresearch_faiss,pulls,statuses_url,583,100.0,0.0,0.0,str
facebookresearch_faiss,pulls,title,583,100.0,0.0,0.0,str
facebookresearch_faiss,pulls,updated_at,583,100.0,0.0,0.0,str
facebookresearch_faiss,pulls,url,583,100.0,0.0,0.0,str
facebookresearch_faiss,pulls,user.avatar_url,583,100.0,0.0,0.0,str
facebookresearch_faiss,pulls,user.events_url,583,100.0,0.0,0.0,str
facebookresearch_faiss,pulls,user.followers_url,583,100.0,0.0,0.0,str
facebookresearch_faiss,pulls,user.following_url,583,100.0,0.0,0.0,str
facebookresearch_faiss,pulls,user.gists_url,583,100.0,0.0,0.0,str
facebookresearch_faiss,pulls,user.gravatar_id,583,100.0,0.0,100.0,str
facebookresearch_faiss,pulls,user.html_url,583,100.0,0.0,0.0,str
facebookresearch_faiss,pulls,user.id,583,100.0,0.0,0.0,int
facebookresearch_faiss,pulls,user.login,583,100.0,0.0,0.0,str
facebookresearch_faiss,pulls,user.node_id,583,100.0,0.0,0.0,str
facebookresearch_faiss,pulls,user.organizations_url,583,100.0,0.0,0.0,str
facebookresearch_faiss,pulls,user.received_events_url,583,100.0,0.0,0.0,str
facebookresearch_faiss,pulls,user.repos_url,583,100.0,0.0,0.0,str
facebookresearch_faiss,pulls,user.site_admin,583,100.0,0.0,0.0,bool
facebookresearch_faiss,pulls,user.starred_url,583,100.0,0.0,0.0,str
facebookresearch_faiss,pulls,user.subscriptions_url,583,100.0,0.0,0.0,str
facebookresearch_faiss,pulls,user.type,583,100.0,0.0,0.0,str
facebookresearch_faiss,pulls,user.url,583,100.0,0.0,0.0,str
facebookresearch_faiss,pulls,user.user_view_type,583,100.0,0.0,0.0,str
facebookresearch_faiss,releases,assets,29,100.0,0.0,0.0,list
facebookresearch_faiss,releases,assets_url,29,100.0,0.0,0.0,str
facebookresearch_faiss,releases,author.avatar_url,29,100.0,0.0,0.0,str
facebookresearch_faiss,releases,author.events_url,29,100.0,0.0,0.0,str
facebookresearch_faiss,releases,author.followers_url,29,100.0,0.0,0.0,str
facebookresearch_faiss,releases,author.following_url,29,100.0,0.0,0.0,str
facebookresearch_faiss,releases,author.gists_url,29,100.0,0.0,0.0,str
facebookresearch_faiss,releases,author.gravatar_id,29,100.0,0.0,100.0,str
facebookresearch_faiss,releases,author.html_url,29,100.0,0.0,0.0,str
facebookresearch_faiss,releases,author.id,29,100.0,0.0,0.0,int
facebookresearch_faiss,releases,author.login,29,100.0,0.0,0.0,str
facebookresearch_faiss,releases,author.node_id,29,100.0,0.0,0.0,str
facebookresearch_faiss,releases,author.organizations_url,29,100.0,0.0,0.0,str
facebookresearch_faiss,releases,author.received_events_url,29,100.0,0.0,0.0,str
facebookresearch_faiss,releases,author.repos_url,29,100.0,0.0,0.0,str
facebookresearch_faiss,releases,author.site_admin,29,100.0,0.0,0.0,bool
facebookresearch_faiss,releases,author.starred_url,29,100.0,0.0,0.0,str
facebookresearch_faiss,releases,author.subscriptions_url,29,100.0,0.0,0.0,str
facebookresearch_faiss,releases,author.type,29,100.0,0.0,0.0,str
facebookresearch_faiss,releases,author.url,29,100.0,0.0,0.0,str
facebookresearch_faiss,releases,author.user_view_type,29,100.0,0.0,0.0,str
facebookresearch_faiss,releases,body,29,100.0,0.0,13.79,str
facebookresearch_faiss,releases,created_at,29,100.0,0.0,0.0,str
facebookresearch_faiss,releases,discussion_url,29,13.79,0.0,0.0,str
facebookresearch_faiss,releases,draft,29,100.0,0.0,0.0,bool
facebookresearch_faiss,releases,html_url,29,100.0,0.0,0.0,str
facebookresearch_faiss,releases,id,29,100.0,0.0,0.0,int
facebookresearch_faiss,releases,immutable,29,100.0,0.0,0.0,bool
facebookresearch_faiss,releases,mentions_count,29,13.79,0.0,0.0,int
facebookresearch_faiss,releases,name,29,100.0,0.0,3.45,str
facebookresearch_faiss,releases,node_id,29,100.0,0.0,0.0,str
facebookresearch_faiss,releases,prerelease,29,100.0,0.0,0.0,bool
facebookresearch_faiss,releases,published_at,29,100.0,0.0,0.0,str
facebookresearch_faiss,releases,reactions.+1,29,44.83,0.0,0.0,int
facebookresearch_faiss,releases,reactions.-1,29,44.83,0.0,0.0,int
facebookresearch_faiss,releases,reactions.confused,29,44.83,0.0,0.0,int
facebookresearch_faiss,releases,reactions.eyes,29,44.83,0.0,0.0,int
facebookresearch_faiss,releases,reactions.heart,29,44.83,0.0,0.0,int
facebookresearch_faiss,releases,reactions.hooray,29,44.83,0.0,0.0,int
facebookresearch_faiss,releases,reactions.laugh,29,44.83,0.0,0.0,int
facebookresearch_faiss,releases,reactions.rocket,29,44.83,0.0,0.0,int
facebookresearch_faiss,releases,reactions.total_count,29,44.83,0.0,0.0,int
facebookresearch_faiss,releases,reactions.url,29,44.83,0.0,0.0,str
facebookresearch_faiss,releases,tag_name,29,100.0,0.0,0.0,str
facebookresearch_faiss,releases,tarball_url,29,100.0,0.0,0.0,str
facebookresearch_faiss,releases,target_commitish,29,100.0,0.0,0.0,str
facebookresearch_faiss,releases,updated_at,29,100.0,0.0,0.0,str
facebookresearch_faiss,releases,upload_url,29,100.0,0.0,0.0,str
facebookresearch_faiss,releases,url,29,100.0,0.0,0.0,str
facebookresearch_faiss,releases,zipball_url,29,100.0,0.0,0.0,str
facebookresearch_faiss,repo_metadata,allow_forking,1,100.0,0.0,0.0,bool
facebookresearch_faiss,repo_metadata,archive_url,1,100.0,0.0,0.0,str
facebookresearch_faiss,repo_metadata,archived,1,100.0,0.0,0.0,bool
facebookresearch_faiss,repo_metadata,assignees_url,1,100.0,0.0,0.0,str
facebookresearch_faiss,repo_metadata,blobs_url,1,100.0,0.0,0.0,str
facebookresearch_faiss,repo_metadata,branches_url,1,100.0,0.0,0.0,str
facebookresearch_faiss,repo_metadata,clone_url,1,100.0,0.0,0.0,str
facebookresearch_faiss,repo_metadata,collaborators_url,1,100.0,0.0,0.0,str
facebookresearch_faiss,repo_metadata,comments_url,1,100.0,0.0,0.0,str
facebookresearch_faiss,repo_metadata,commits_url,1,100.0,0.0,0.0,str
facebookresearch_faiss,repo_metadata,compare_url,1,100.0,0.0,0.0,str
facebookresearch_faiss,repo_metadata,contents_url,1,100.0,0.0,0.0,str
facebookresearch_faiss,repo_metadata,contributors_url,1,100.0,0.0,0.0,str
facebookresearch_faiss,repo_metadata,created_at,1,100.0,0.0,0.0,str
facebookresearch_faiss,repo_metadata,default_branch,1,100.0,0.0,0.0,str
facebookresearch_faiss,repo_metadata,deployments_url,1,100.0,0.0,0.0,str
facebookresearch_faiss,repo_metadata,description,1,100.0,0.0,0.0,str
facebookresearch_faiss,repo_metadata,disabled,1,100.0,0.0,0.0,bool
facebookresearch_faiss,repo_metadata,downloads_url,1,100.0,0.0,0.0,str
facebookresearch_faiss,repo_metadata,events_url,1,100.0,0.0,0.0,str
facebookresearch_faiss,repo_metadata,fork,1,100.0,0.0,0.0,bool
facebookresearch_faiss,repo_metadata,forks,1,100.0,0.0,0.0,int
facebookresearch_faiss,repo_metadata,forks_count,1,100.0,0.0,0.0,int
facebookresearch_faiss,repo_metadata,forks_url,1,100.0,0.0,0.0,str
facebookresearch_faiss,repo_metadata,full_name,1,100.0,0.0,0.0,str
facebookresearch_faiss,repo_metadata,git_commits_url,1,100.0,0.0,0.0,str
facebookresearch_faiss,repo_metadata,git_refs_url,1,100.0,0.0,0.0,str
facebookresearch_faiss,repo_metadata,git_tags_url,1,100.0,0.0,0.0,str
facebookresearch_faiss,repo_metadata,git_url,1,100.0,0.0,0.0,str
facebookresearch_faiss,repo_metadata,has_discussions,1,100.0,0.0,0.0,bool
facebookresearch_faiss,repo_metadata,has_downloads,1,100.0,0.0,0.0,bool
facebookresearch_faiss,repo_metadata,has_issues,1,100.0,0.0,0.0,bool
facebookresearch_faiss,repo_metadata,has_pages,1,100.0,0.0,0.0,bool
facebookresearch_faiss,repo_metadata,has_projects,1,100.0,0.0,0.0,bool
facebookresearch_faiss,repo_metadata,has_pull_requests,1,100.0,0.0,0.0,bool
facebookresearch_faiss,repo_metadata,has_wiki,1,100.0,0.0,0.0,bool
facebookresearch_faiss,repo_metadata,homepage,1,100.0,0.0,0.0,str
facebookresearch_faiss,repo_metadata,hooks_url,1,100.0,0.0,0.0,str
facebookresearch_faiss,repo_metadata,html_url,1,100.0,0.0,0.0,str
facebookresearch_faiss,repo_metadata,id,1,100.0,0.0,0.0,int
facebookresearch_faiss,repo_metadata,is_template,1,100.0,0.0,0.0,bool
facebookresearch_faiss,repo_metadata,issue_comment_url,1,100.0,0.0,0.0,str
facebookresearch_faiss,repo_metadata,issue_events_url,1,100.0,0.0,0.0,str
facebookresearch_faiss,repo_metadata,issues_url,1,100.0,0.0,0.0,str
facebookresearch_faiss,repo_metadata,keys_url,1,100.0,0.0,0.0,str
facebookresearch_faiss,repo_metadata,labels_url,1,100.0,0.0,0.0,str
facebookresearch_faiss,repo_metadata,language,1,100.0,0.0,0.0,str
facebookresearch_faiss,repo_metadata,languages_url,1,100.0,0.0,0.0,str
facebookresearch_faiss,repo_metadata,license.key,1,100.0,0.0,0.0,str
facebookresearch_faiss,repo_metadata,license.name,1,100.0,0.0,0.0,str
facebookresearch_faiss,repo_metadata,license.node_id,1,100.0,0.0,0.0,str
facebookresearch_faiss,repo_metadata,license.spdx_id,1,100.0,0.0,0.0,str
facebookresearch_faiss,repo_metadata,license.url,1,100.0,0.0,0.0,str
facebookresearch_faiss,repo_metadata,merges_url,1,100.0,0.0,0.0,str
facebookresearch_faiss,repo_metadata,milestones_url,1,100.0,0.0,0.0,str
facebookresearch_faiss,repo_metadata,mirror_url,1,100.0,100.0,0.0,NoneType
facebookresearch_faiss,repo_metadata,name,1,100.0,0.0,0.0,str
facebookresearch_faiss,repo_metadata,network_count,1,100.0,0.0,0.0,int
facebookresearch_faiss,repo_metadata,node_id,1,100.0,0.0,0.0,str
facebookresearch_faiss,repo_metadata,notifications_url,1,100.0,0.0,0.0,str
facebookresearch_faiss,repo_metadata,open_issues,1,100.0,0.0,0.0,int
facebookresearch_faiss,repo_metadata,open_issues_count,1,100.0,0.0,0.0,int
facebookresearch_faiss,repo_metadata,organization.avatar_url,1,100.0,0.0,0.0,str
facebookresearch_faiss,repo_metadata,organization.events_url,1,100.0,0.0,0.0,str
facebookresearch_faiss,repo_metadata,organization.followers_url,1,100.0,0.0,0.0,str
facebookresearch_faiss,repo_metadata,organization.following_url,1,100.0,0.0,0.0,str
facebookresearch_faiss,repo_metadata,organization.gists_url,1,100.0,0.0,0.0,str
facebookresearch_faiss,repo_metadata,organization.gravatar_id,1,100.0,0.0,100.0,str
facebookresearch_faiss,repo_metadata,organization.html_url,1,100.0,0.0,0.0,str
facebookresearch_faiss,repo_metadata,organization.id,1,100.0,0.0,0.0,int
facebookresearch_faiss,repo_metadata,organization.login,1,100.0,0.0,0.0,str
facebookresearch_faiss,repo_metadata,organization.node_id,1,100.0,0.0,0.0,str
facebookresearch_faiss,repo_metadata,organization.organizations_url,1,100.0,0.0,0.0,str
facebookresearch_faiss,repo_metadata,organization.received_events_url,1,100.0,0.0,0.0,str
facebookresearch_faiss,repo_metadata,organization.repos_url,1,100.0,0.0,0.0,str
facebookresearch_faiss,repo_metadata,organization.site_admin,1,100.0,0.0,0.0,bool
facebookresearch_faiss,repo_metadata,organization.starred_url,1,100.0,0.0,0.0,str
facebookresearch_faiss,repo_metadata,organization.subscriptions_url,1,100.0,0.0,0.0,str
facebookresearch_faiss,repo_metadata,organization.type,1,100.0,0.0,0.0,str
facebookresearch_faiss,repo_metadata,organization.url,1,100.0,0.0,0.0,str
facebookresearch_faiss,repo_metadata,organization.user_view_type,1,100.0,0.0,0.0,str
facebookresearch_faiss,repo_metadata,owner.avatar_url,1,100.0,0.0,0.0,str
facebookresearch_faiss,repo_metadata,owner.events_url,1,100.0,0.0,0.0,str
facebookresearch_faiss,repo_metadata,owner.followers_url,1,100.0,0.0,0.0,str
facebookresearch_faiss,repo_metadata,owner.following_url,1,100.0,0.0,0.0,str
facebookresearch_faiss,repo_metadata,owner.gists_url,1,100.0,0.0,0.0,str
facebookresearch_faiss,repo_metadata,owner.gravatar_id,1,100.0,0.0,100.0,str
facebookresearch_faiss,repo_metadata,owner.html_url,1,100.0,0.0,0.0,str
facebookresearch_faiss,repo_metadata,owner.id,1,100.0,0.0,0.0,int
facebookresearch_faiss,repo_metadata,owner.login,1,100.0,0.0,0.0,str
facebookresearch_faiss,repo_metadata,owner.node_id,1,100.0,0.0,0.0,str
facebookresearch_faiss,repo_metadata,owner.organizations_url,1,100.0,0.0,0.0,str
facebookresearch_faiss,repo_metadata,owner.received_events_url,1,100.0,0.0,0.0,str
facebookresearch_faiss,repo_metadata,owner.repos_url,1,100.0,0.0,0.0,str
facebookresearch_faiss,repo_metadata,owner.site_admin,1,100.0,0.0,0.0,bool
facebookresearch_faiss,repo_metadata,owner.starred_url,1,100.0,0.0,0.0,str
facebookresearch_faiss,repo_metadata,owner.subscriptions_url,1,100.0,0.0,0.0,str
facebookresearch_faiss,repo_metadata,owner.type,1,100.0,0.0,0.0,str
facebookresearch_faiss,repo_metadata,owner.url,1,100.0,0.0,0.0,str
facebookresearch_faiss,repo_metadata,owner.user_view_type,1,100.0,0.0,0.0,str
facebookresearch_faiss,repo_metadata,permissions.admin,1,100.0,0.0,0.0,bool
facebookresearch_faiss,repo_metadata,permissions.maintain,1,100.0,0.0,0.0,bool
facebookresearch_faiss,repo_metadata,permissions.pull,1,100.0,0.0,0.0,bool
facebookresearch_faiss,repo_metadata,permissions.push,1,100.0,0.0,0.0,bool
facebookresearch_faiss,repo_metadata,permissions.triage,1,100.0,0.0,0.0,bool
facebookresearch_faiss,repo_metadata,private,1,100.0,0.0,0.0,bool
facebookresearch_faiss,repo_metadata,pull_request_creation_policy,1,100.0,0.0,0.0,str
facebookresearch_faiss,repo_metadata,pulls_url,1,100.0,0.0,0.0,str
facebookresearch_faiss,repo_metadata,pushed_at,1,100.0,0.0,0.0,str
facebookresearch_faiss,repo_metadata,releases_url,1,100.0,0.0,0.0,str
facebookresearch_faiss,repo_metadata,size,1,100.0,0.0,0.0,int
facebookresearch_faiss,repo_metadata,ssh_url,1,100.0,0.0,0.0,str
facebookresearch_faiss,repo_metadata,stargazers_count,1,100.0,0.0,0.0,int
facebookresearch_faiss,repo_metadata,stargazers_url,1,100.0,0.0,0.0,str
facebookresearch_faiss,repo_metadata,statuses_url,1,100.0,0.0,0.0,str
facebookresearch_faiss,repo_metadata,subscribers_count,1,100.0,0.0,0.0,int
facebookresearch_faiss,repo_metadata,subscribers_url,1,100.0,0.0,0.0,str
facebookresearch_faiss,repo_metadata,subscription_url,1,100.0,0.0,0.0,str
facebookresearch_faiss,repo_metadata,svn_url,1,100.0,0.0,0.0,str
facebookresearch_faiss,repo_metadata,tags_url,1,100.0,0.0,0.0,str
facebookresearch_faiss,repo_metadata,teams_url,1,100.0,0.0,0.0,str
facebookresearch_faiss,repo_metadata,temp_clone_token,1,100.0,0.0,100.0,str
facebookresearch_faiss,repo_metadata,topics,1,100.0,0.0,0.0,list
facebookresearch_faiss,repo_metadata,trees_url,1,100.0,0.0,0.0,str
facebookresearch_faiss,repo_metadata,updated_at,1,100.0,0.0,0.0,str
facebookresearch_faiss,repo_metadata,url,1,100.0,0.0,0.0,str
facebookresearch_faiss,repo_metadata,visibility,1,100.0,0.0,0.0,str
facebookresearch_faiss,repo_metadata,watchers,1,100.0,0.0,0.0,int
facebookresearch_faiss,repo_metadata,watchers_count,1,100.0,0.0,0.0,int
facebookresearch_faiss,repo_metadata,web_commit_signoff_required,1,100.0,0.0,0.0,bool
milvus-io_milvus,commits,author.avatar_url,1364,100.0,0.0,0.0,str
milvus-io_milvus,commits,author.events_url,1364,100.0,0.0,0.0,str
milvus-io_milvus,commits,author.followers_url,1364,100.0,0.0,0.0,str
milvus-io_milvus,commits,author.following_url,1364,100.0,0.0,0.0,str
milvus-io_milvus,commits,author.gists_url,1364,100.0,0.0,0.0,str
milvus-io_milvus,commits,author.gravatar_id,1364,100.0,0.0,100.0,str
milvus-io_milvus,commits,author.html_url,1364,100.0,0.0,0.0,str
milvus-io_milvus,commits,author.id,1364,100.0,0.0,0.0,int
milvus-io_milvus,commits,author.login,1364,100.0,0.0,0.0,str
milvus-io_milvus,commits,author.node_id,1364,100.0,0.0,0.0,str
milvus-io_milvus,commits,author.organizations_url,1364,100.0,0.0,0.0,str
milvus-io_milvus,commits,author.received_events_url,1364,100.0,0.0,0.0,str
milvus-io_milvus,commits,author.repos_url,1364,100.0,0.0,0.0,str
milvus-io_milvus,commits,author.site_admin,1364,100.0,0.0,0.0,bool
milvus-io_milvus,commits,author.starred_url,1364,100.0,0.0,0.0,str
milvus-io_milvus,commits,author.subscriptions_url,1364,100.0,0.0,0.0,str
milvus-io_milvus,commits,author.type,1364,100.0,0.0,0.0,str
milvus-io_milvus,commits,author.url,1364,100.0,0.0,0.0,str
milvus-io_milvus,commits,author.user_view_type,1364,100.0,0.0,0.0,str
milvus-io_milvus,commits,comments_url,1364,100.0,0.0,0.0,str
milvus-io_milvus,commits,commit.author.date,1364,100.0,0.0,0.0,str
milvus-io_milvus,commits,commit.author.email,1364,100.0,0.0,0.0,str
milvus-io_milvus,commits,commit.author.name,1364,100.0,0.0,0.0,str
milvus-io_milvus,commits,commit.comment_count,1364,100.0,0.0,0.0,int
milvus-io_milvus,commits,commit.committer.date,1364,100.0,0.0,0.0,str
milvus-io_milvus,commits,commit.committer.email,1364,100.0,0.0,0.0,str
milvus-io_milvus,commits,commit.committer.name,1364,100.0,0.0,0.0,str
milvus-io_milvus,commits,commit.message,1364,100.0,0.0,0.0,str
milvus-io_milvus,commits,commit.tree.sha,1364,100.0,0.0,0.0,str
milvus-io_milvus,commits,commit.tree.url,1364,100.0,0.0,0.0,str
milvus-io_milvus,commits,commit.url,1364,100.0,0.0,0.0,str
milvus-io_milvus,commits,commit.verification.payload,1364,100.0,0.0,0.0,str
milvus-io_milvus,commits,commit.verification.reason,1364,100.0,0.0,0.0,str
milvus-io_milvus,commits,commit.verification.signature,1364,100.0,0.0,0.0,str
milvus-io_milvus,commits,commit.verification.verified,1364,100.0,0.0,0.0,bool
milvus-io_milvus,commits,commit.verification.verified_at,1364,100.0,0.0,0.0,str
milvus-io_milvus,commits,committer.avatar_url,1364,100.0,0.0,0.0,str
milvus-io_milvus,commits,committer.events_url,1364,100.0,0.0,0.0,str
milvus-io_milvus,commits,committer.followers_url,1364,100.0,0.0,0.0,str
milvus-io_milvus,commits,committer.following_url,1364,100.0,0.0,0.0,str
milvus-io_milvus,commits,committer.gists_url,1364,100.0,0.0,0.0,str
milvus-io_milvus,commits,committer.gravatar_id,1364,100.0,0.0,100.0,str
milvus-io_milvus,commits,committer.html_url,1364,100.0,0.0,0.0,str
milvus-io_milvus,commits,committer.id,1364,100.0,0.0,0.0,int
milvus-io_milvus,commits,committer.login,1364,100.0,0.0,0.0,str
milvus-io_milvus,commits,committer.node_id,1364,100.0,0.0,0.0,str
milvus-io_milvus,commits,committer.organizations_url,1364,100.0,0.0,0.0,str
milvus-io_milvus,commits,committer.received_events_url,1364,100.0,0.0,0.0,str
milvus-io_milvus,commits,committer.repos_url,1364,100.0,0.0,0.0,str
milvus-io_milvus,commits,committer.site_admin,1364,100.0,0.0,0.0,bool
milvus-io_milvus,commits,committer.starred_url,1364,100.0,0.0,0.0,str
milvus-io_milvus,commits,committer.subscriptions_url,1364,100.0,0.0,0.0,str
milvus-io_milvus,commits,committer.type,1364,100.0,0.0,0.0,str
milvus-io_milvus,commits,committer.url,1364,100.0,0.0,0.0,str
milvus-io_milvus,commits,committer.user_view_type,1364,100.0,0.0,0.0,str
milvus-io_milvus,commits,html_url,1364,100.0,0.0,0.0,str
milvus-io_milvus,commits,node_id,1364,100.0,0.0,0.0,str
milvus-io_milvus,commits,parents,1364,100.0,0.0,0.0,list
milvus-io_milvus,commits,sha,1364,100.0,0.0,0.0,str
milvus-io_milvus,commits,url,1364,100.0,0.0,0.0,str
milvus-io_milvus,issues,active_lock_reason,5964,100.0,100.0,0.0,NoneType
milvus-io_milvus,issues,assignee,5964,29.54,100.0,0.0,NoneType
milvus-io_milvus,issues,assignee.avatar_url,5964,70.46,0.0,0.0,str
milvus-io_milvus,issues,assignee.events_url,5964,70.46,0.0,0.0,str
milvus-io_milvus,issues,assignee.followers_url,5964,70.46,0.0,0.0,str
milvus-io_milvus,issues,assignee.following_url,5964,70.46,0.0,0.0,str
milvus-io_milvus,issues,assignee.gists_url,5964,70.46,0.0,0.0,str
milvus-io_milvus,issues,assignee.gravatar_id,5964,70.46,0.0,100.0,str
milvus-io_milvus,issues,assignee.html_url,5964,70.46,0.0,0.0,str
milvus-io_milvus,issues,assignee.id,5964,70.46,0.0,0.0,int
milvus-io_milvus,issues,assignee.login,5964,70.46,0.0,0.0,str
milvus-io_milvus,issues,assignee.node_id,5964,70.46,0.0,0.0,str
milvus-io_milvus,issues,assignee.organizations_url,5964,70.46,0.0,0.0,str
milvus-io_milvus,issues,assignee.received_events_url,5964,70.46,0.0,0.0,str
milvus-io_milvus,issues,assignee.repos_url,5964,70.46,0.0,0.0,str
milvus-io_milvus,issues,assignee.site_admin,5964,70.46,0.0,0.0,bool
milvus-io_milvus,issues,assignee.starred_url,5964,70.46,0.0,0.0,str
milvus-io_milvus,issues,assignee.subscriptions_url,5964,70.46,0.0,0.0,str
milvus-io_milvus,issues,assignee.type,5964,70.46,0.0,0.0,str
milvus-io_milvus,issues,assignee.url,5964,70.46,0.0,0.0,str
milvus-io_milvus,issues,assignee.user_view_type,5964,70.46,0.0,0.0,str
milvus-io_milvus,issues,assignees,5964,100.0,0.0,0.0,list
milvus-io_milvus,issues,author_association,5964,100.0,0.0,0.0,str
milvus-io_milvus,issues,body,5964,100.0,0.77,0.0,NoneType|str
milvus-io_milvus,issues,closed_at,5964,100.0,17.87,0.0,NoneType|str
milvus-io_milvus,issues,closed_by,5964,17.87,100.0,0.0,NoneType
milvus-io_milvus,issues,closed_by.avatar_url,5964,82.13,0.0,0.0,str
milvus-io_milvus,issues,closed_by.events_url,5964,82.13,0.0,0.0,str
milvus-io_milvus,issues,closed_by.followers_url,5964,82.13,0.0,0.0,str
milvus-io_milvus,issues,closed_by.following_url,5964,82.13,0.0,0.0,str
milvus-io_milvus,issues,closed_by.gists_url,5964,82.13,0.0,0.0,str
milvus-io_milvus,issues,closed_by.gravatar_id,5964,82.13,0.0,100.0,str
milvus-io_milvus,issues,closed_by.html_url,5964,82.13,0.0,0.0,str
milvus-io_milvus,issues,closed_by.id,5964,82.13,0.0,0.0,int
milvus-io_milvus,issues,closed_by.login,5964,82.13,0.0,0.0,str
milvus-io_milvus,issues,closed_by.node_id,5964,82.13,0.0,0.0,str
milvus-io_milvus,issues,closed_by.organizations_url,5964,82.13,0.0,0.0,str
milvus-io_milvus,issues,closed_by.received_events_url,5964,82.13,0.0,0.0,str
milvus-io_milvus,issues,closed_by.repos_url,5964,82.13,0.0,0.0,str
milvus-io_milvus,issues,closed_by.site_admin,5964,82.13,0.0,0.0,bool
milvus-io_milvus,issues,closed_by.starred_url,5964,82.13,0.0,0.0,str
milvus-io_milvus,issues,closed_by.subscriptions_url,5964,82.13,0.0,0.0,str
milvus-io_milvus,issues,closed_by.type,5964,82.13,0.0,0.0,str
milvus-io_milvus,issues,closed_by.url,5964,82.13,0.0,0.0,str
milvus-io_milvus,issues,closed_by.user_view_type,5964,82.13,0.0,0.0,str
milvus-io_milvus,issues,comments,5964,100.0,0.0,0.0,int
milvus-io_milvus,issues,comments_url,5964,100.0,0.0,0.0,str
milvus-io_milvus,issues,created_at,5964,100.0,0.0,0.0,str
milvus-io_milvus,issues,draft,5964,62.78,0.0,0.0,bool
milvus-io_milvus,issues,events_url,5964,100.0,0.0,0.0,str
milvus-io_milvus,issues,html_url,5964,100.0,0.0,0.0,str
milvus-io_milvus,issues,id,5964,100.0,0.0,0.0,int
milvus-io_milvus,issues,issue_dependencies_summary.blocked_by,5964,37.22,0.0,0.0,int
milvus-io_milvus,issues,issue_dependencies_summary.blocking,5964,37.22,0.0,0.0,int
milvus-io_milvus,issues,issue_dependencies_summary.total_blocked_by,5964,37.22,0.0,0.0,int
milvus-io_milvus,issues,issue_dependencies_summary.total_blocking,5964,37.22,0.0,0.0,int
milvus-io_milvus,issues,issue_field_values,5964,100.0,0.0,0.0,list
milvus-io_milvus,issues,labels,5964,100.0,0.0,0.0,list
milvus-io_milvus,issues,labels_url,5964,100.0,0.0,0.0,str
milvus-io_milvus,issues,locked,5964,100.0,0.0,0.0,bool
milvus-io_milvus,issues,milestone,5964,54.04,100.0,0.0,NoneType
milvus-io_milvus,issues,milestone.closed_at,5964,45.96,22.4,0.0,NoneType|str
milvus-io_milvus,issues,milestone.closed_issues,5964,45.96,0.0,0.0,int
milvus-io_milvus,issues,milestone.created_at,5964,45.96,0.0,0.0,str
milvus-io_milvus,issues,milestone.creator.avatar_url,5964,45.96,0.0,0.0,str
milvus-io_milvus,issues,milestone.creator.events_url,5964,45.96,0.0,0.0,str
milvus-io_milvus,issues,milestone.creator.followers_url,5964,45.96,0.0,0.0,str
milvus-io_milvus,issues,milestone.creator.following_url,5964,45.96,0.0,0.0,str
milvus-io_milvus,issues,milestone.creator.gists_url,5964,45.96,0.0,0.0,str
milvus-io_milvus,issues,milestone.creator.gravatar_id,5964,45.96,0.0,100.0,str
milvus-io_milvus,issues,milestone.creator.html_url,5964,45.96,0.0,0.0,str
milvus-io_milvus,issues,milestone.creator.id,5964,45.96,0.0,0.0,int
milvus-io_milvus,issues,milestone.creator.login,5964,45.96,0.0,0.0,str
milvus-io_milvus,issues,milestone.creator.node_id,5964,45.96,0.0,0.0,str
milvus-io_milvus,issues,milestone.creator.organizations_url,5964,45.96,0.0,0.0,str
milvus-io_milvus,issues,milestone.creator.received_events_url,5964,45.96,0.0,0.0,str
milvus-io_milvus,issues,milestone.creator.repos_url,5964,45.96,0.0,0.0,str
milvus-io_milvus,issues,milestone.creator.site_admin,5964,45.96,0.0,0.0,bool
milvus-io_milvus,issues,milestone.creator.starred_url,5964,45.96,0.0,0.0,str
milvus-io_milvus,issues,milestone.creator.subscriptions_url,5964,45.96,0.0,0.0,str
milvus-io_milvus,issues,milestone.creator.type,5964,45.96,0.0,0.0,str
milvus-io_milvus,issues,milestone.creator.url,5964,45.96,0.0,0.0,str
milvus-io_milvus,issues,milestone.creator.user_view_type,5964,45.96,0.0,0.0,str
milvus-io_milvus,issues,milestone.description,5964,45.96,23.2,28.16,NoneType|str
milvus-io_milvus,issues,milestone.due_on,5964,45.96,49.95,0.0,NoneType|str
milvus-io_milvus,issues,milestone.html_url,5964,45.96,0.0,0.0,str
milvus-io_milvus,issues,milestone.id,5964,45.96,0.0,0.0,int
milvus-io_milvus,issues,milestone.labels_url,5964,45.96,0.0,0.0,str
milvus-io_milvus,issues,milestone.node_id,5964,45.96,0.0,0.0,str
milvus-io_milvus,issues,milestone.number,5964,45.96,0.0,0.0,int
milvus-io_milvus,issues,milestone.open_issues,5964,45.96,0.0,0.0,int
milvus-io_milvus,issues,milestone.state,5964,45.96,0.0,0.0,str
milvus-io_milvus,issues,milestone.title,5964,45.96,0.0,0.0,str
milvus-io_milvus,issues,milestone.updated_at,5964,45.96,0.0,0.0,str
milvus-io_milvus,issues,milestone.url,5964,45.96,0.0,0.0,str
milvus-io_milvus,issues,node_id,5964,100.0,0.0,0.0,str
milvus-io_milvus,issues,number,5964,100.0,0.0,0.0,int
milvus-io_milvus,issues,parent_issue_url,5964,0.27,0.0,0.0,str
milvus-io_milvus,issues,performed_via_github_app,5964,99.46,100.0,0.0,NoneType
milvus-io_milvus,issues,performed_via_github_app.client_id,5964,0.54,0.0,0.0,str
milvus-io_milvus,issues,performed_via_github_app.created_at,5964,0.54,0.0,0.0,str
milvus-io_milvus,issues,performed_via_github_app.description,5964,0.54,0.0,0.0,str
milvus-io_milvus,issues,performed_via_github_app.events,5964,0.54,0.0,0.0,list
milvus-io_milvus,issues,performed_via_github_app.external_url,5964,0.54,0.0,0.0,str
milvus-io_milvus,issues,performed_via_github_app.html_url,5964,0.54,0.0,0.0,str
milvus-io_milvus,issues,performed_via_github_app.id,5964,0.54,0.0,0.0,int
milvus-io_milvus,issues,performed_via_github_app.name,5964,0.54,0.0,0.0,str
milvus-io_milvus,issues,performed_via_github_app.node_id,5964,0.54,0.0,0.0,str
milvus-io_milvus,issues,performed_via_github_app.owner.avatar_url,5964,0.54,0.0,0.0,str
milvus-io_milvus,issues,performed_via_github_app.owner.events_url,5964,0.54,0.0,0.0,str
milvus-io_milvus,issues,performed_via_github_app.owner.followers_url,5964,0.54,0.0,0.0,str
milvus-io_milvus,issues,performed_via_github_app.owner.following_url,5964,0.54,0.0,0.0,str
milvus-io_milvus,issues,performed_via_github_app.owner.gists_url,5964,0.54,0.0,0.0,str
milvus-io_milvus,issues,performed_via_github_app.owner.gravatar_id,5964,0.54,0.0,100.0,str
milvus-io_milvus,issues,performed_via_github_app.owner.html_url,5964,0.54,0.0,0.0,str
milvus-io_milvus,issues,performed_via_github_app.owner.id,5964,0.54,0.0,0.0,int
milvus-io_milvus,issues,performed_via_github_app.owner.login,5964,0.54,0.0,0.0,str
milvus-io_milvus,issues,performed_via_github_app.owner.node_id,5964,0.54,0.0,0.0,str
milvus-io_milvus,issues,performed_via_github_app.owner.organizations_url,5964,0.54,0.0,0.0,str
milvus-io_milvus,issues,performed_via_github_app.owner.received_events_url,5964,0.54,0.0,0.0,str
milvus-io_milvus,issues,performed_via_github_app.owner.repos_url,5964,0.54,0.0,0.0,str
milvus-io_milvus,issues,performed_via_github_app.owner.site_admin,5964,0.54,0.0,0.0,bool
milvus-io_milvus,issues,performed_via_github_app.owner.starred_url,5964,0.54,0.0,0.0,str
milvus-io_milvus,issues,performed_via_github_app.owner.subscriptions_url,5964,0.54,0.0,0.0,str
milvus-io_milvus,issues,performed_via_github_app.owner.type,5964,0.54,0.0,0.0,str
milvus-io_milvus,issues,performed_via_github_app.owner.url,5964,0.54,0.0,0.0,str
milvus-io_milvus,issues,performed_via_github_app.owner.user_view_type,5964,0.54,0.0,0.0,str
milvus-io_milvus,issues,performed_via_github_app.permissions.actions,5964,0.54,0.0,0.0,str
milvus-io_milvus,issues,performed_via_github_app.permissions.checks,5964,0.54,0.0,0.0,str
milvus-io_milvus,issues,performed_via_github_app.permissions.contents,5964,0.54,0.0,0.0,str
milvus-io_milvus,issues,performed_via_github_app.permissions.emails,5964,0.54,0.0,0.0,str
milvus-io_milvus,issues,performed_via_github_app.permissions.issues,5964,0.54,0.0,0.0,str
milvus-io_milvus,issues,performed_via_github_app.permissions.metadata,5964,0.54,0.0,0.0,str
milvus-io_milvus,issues,performed_via_github_app.permissions.pull_requests,5964,0.54,0.0,0.0,str
milvus-io_milvus,issues,performed_via_github_app.permissions.statuses,5964,0.54,0.0,0.0,str
milvus-io_milvus,issues,performed_via_github_app.permissions.workflows,5964,0.54,0.0,0.0,str
milvus-io_milvus,issues,performed_via_github_app.slug,5964,0.54,0.0,0.0,str
milvus-io_milvus,issues,performed_via_github_app.updated_at,5964,0.54,0.0,0.0,str
milvus-io_milvus,issues,pinned_comment,5964,37.22,100.0,0.0,NoneType
milvus-io_milvus,issues,pull_request.diff_url,5964,62.78,0.0,0.0,str
milvus-io_milvus,issues,pull_request.html_url,5964,62.78,0.0,0.0,str
milvus-io_milvus,issues,pull_request.merged_at,5964,62.78,33.55,0.0,NoneType|str
milvus-io_milvus,issues,pull_request.patch_url,5964,62.78,0.0,0.0,str
milvus-io_milvus,issues,pull_request.url,5964,62.78,0.0,0.0,str
milvus-io_milvus,issues,reactions.+1,5964,100.0,0.0,0.0,int
milvus-io_milvus,issues,reactions.-1,5964,100.0,0.0,0.0,int
milvus-io_milvus,issues,reactions.confused,5964,100.0,0.0,0.0,int
milvus-io_milvus,issues,reactions.eyes,5964,100.0,0.0,0.0,int
milvus-io_milvus,issues,reactions.heart,5964,100.0,0.0,0.0,int
milvus-io_milvus,issues,reactions.hooray,5964,100.0,0.0,0.0,int
milvus-io_milvus,issues,reactions.laugh,5964,100.0,0.0,0.0,int
milvus-io_milvus,issues,reactions.rocket,5964,100.0,0.0,0.0,int
milvus-io_milvus,issues,reactions.total_count,5964,100.0,0.0,0.0,int
milvus-io_milvus,issues,reactions.url,5964,100.0,0.0,0.0,str
milvus-io_milvus,issues,repository_url,5964,100.0,0.0,0.0,str
milvus-io_milvus,issues,state,5964,100.0,0.0,0.0,str
milvus-io_milvus,issues,state_reason,5964,100.0,73.83,0.0,NoneType|str
milvus-io_milvus,issues,sub_issues_summary.completed,5964,37.22,0.0,0.0,int
milvus-io_milvus,issues,sub_issues_summary.percent_completed,5964,37.22,0.0,0.0,int
milvus-io_milvus,issues,sub_issues_summary.total,5964,37.22,0.0,0.0,int
milvus-io_milvus,issues,timeline_url,5964,100.0,0.0,0.0,str
milvus-io_milvus,issues,title,5964,100.0,0.0,0.0,str
milvus-io_milvus,issues,type,5964,98.69,100.0,0.0,NoneType
milvus-io_milvus,issues,type.color,5964,1.31,0.0,0.0,str
milvus-io_milvus,issues,type.created_at,5964,1.31,0.0,0.0,str
milvus-io_milvus,issues,type.description,5964,1.31,0.0,0.0,str
milvus-io_milvus,issues,type.id,5964,1.31,0.0,0.0,int
milvus-io_milvus,issues,type.is_enabled,5964,1.31,0.0,0.0,bool
milvus-io_milvus,issues,type.name,5964,1.31,0.0,0.0,str
milvus-io_milvus,issues,type.node_id,5964,1.31,0.0,0.0,str
milvus-io_milvus,issues,type.updated_at,5964,1.31,0.0,0.0,str
milvus-io_milvus,issues,updated_at,5964,100.0,0.0,0.0,str
milvus-io_milvus,issues,url,5964,100.0,0.0,0.0,str
milvus-io_milvus,issues,user.avatar_url,5964,100.0,0.0,0.0,str
milvus-io_milvus,issues,user.events_url,5964,100.0,0.0,0.0,str
milvus-io_milvus,issues,user.followers_url,5964,100.0,0.0,0.0,str
milvus-io_milvus,issues,user.following_url,5964,100.0,0.0,0.0,str
milvus-io_milvus,issues,user.gists_url,5964,100.0,0.0,0.0,str
milvus-io_milvus,issues,user.gravatar_id,5964,100.0,0.0,100.0,str
milvus-io_milvus,issues,user.html_url,5964,100.0,0.0,0.0,str
milvus-io_milvus,issues,user.id,5964,100.0,0.0,0.0,int
milvus-io_milvus,issues,user.login,5964,100.0,0.0,0.0,str
milvus-io_milvus,issues,user.node_id,5964,100.0,0.0,0.0,str
milvus-io_milvus,issues,user.organizations_url,5964,100.0,0.0,0.0,str
milvus-io_milvus,issues,user.received_events_url,5964,100.0,0.0,0.0,str
milvus-io_milvus,issues,user.repos_url,5964,100.0,0.0,0.0,str
milvus-io_milvus,issues,user.site_admin,5964,100.0,0.0,0.0,bool
milvus-io_milvus,issues,user.starred_url,5964,100.0,0.0,0.0,str
milvus-io_milvus,issues,user.subscriptions_url,5964,100.0,0.0,0.0,str
milvus-io_milvus,issues,user.type,5964,100.0,0.0,0.0,str
milvus-io_milvus,issues,user.url,5964,100.0,0.0,0.0,str
milvus-io_milvus,issues,user.user_view_type,5964,100.0,0.0,0.0,str
milvus-io_milvus,pulls,_links.comments.href,3484,100.0,0.0,0.0,str
milvus-io_milvus,pulls,_links.commits.href,3484,100.0,0.0,0.0,str
milvus-io_milvus,pulls,_links.html.href,3484,100.0,0.0,0.0,str
milvus-io_milvus,pulls,_links.issue.href,3484,100.0,0.0,0.0,str
milvus-io_milvus,pulls,_links.review_comment.href,3484,100.0,0.0,0.0,str
milvus-io_milvus,pulls,_links.review_comments.href,3484,100.0,0.0,0.0,str
milvus-io_milvus,pulls,_links.self.href,3484,100.0,0.0,0.0,str
milvus-io_milvus,pulls,_links.statuses.href,3484,100.0,0.0,0.0,str
milvus-io_milvus,pulls,active_lock_reason,3484,100.0,100.0,0.0,NoneType
milvus-io_milvus,pulls,assignee,3484,32.46,100.0,0.0,NoneType
milvus-io_milvus,pulls,assignee.avatar_url,3484,67.54,0.0,0.0,str
milvus-io_milvus,pulls,assignee.events_url,3484,67.54,0.0,0.0,str
milvus-io_milvus,pulls,assignee.followers_url,3484,67.54,0.0,0.0,str
milvus-io_milvus,pulls,assignee.following_url,3484,67.54,0.0,0.0,str
milvus-io_milvus,pulls,assignee.gists_url,3484,67.54,0.0,0.0,str
milvus-io_milvus,pulls,assignee.gravatar_id,3484,67.54,0.0,100.0,str
milvus-io_milvus,pulls,assignee.html_url,3484,67.54,0.0,0.0,str
milvus-io_milvus,pulls,assignee.id,3484,67.54,0.0,0.0,int
milvus-io_milvus,pulls,assignee.login,3484,67.54,0.0,0.0,str
milvus-io_milvus,pulls,assignee.node_id,3484,67.54,0.0,0.0,str
milvus-io_milvus,pulls,assignee.organizations_url,3484,67.54,0.0,0.0,str
milvus-io_milvus,pulls,assignee.received_events_url,3484,67.54,0.0,0.0,str
milvus-io_milvus,pulls,assignee.repos_url,3484,67.54,0.0,0.0,str
milvus-io_milvus,pulls,assignee.site_admin,3484,67.54,0.0,0.0,bool
milvus-io_milvus,pulls,assignee.starred_url,3484,67.54,0.0,0.0,str
milvus-io_milvus,pulls,assignee.subscriptions_url,3484,67.54,0.0,0.0,str
milvus-io_milvus,pulls,assignee.type,3484,67.54,0.0,0.0,str
milvus-io_milvus,pulls,assignee.url,3484,67.54,0.0,0.0,str
milvus-io_milvus,pulls,assignee.user_view_type,3484,67.54,0.0,0.0,str
milvus-io_milvus,pulls,assignees,3484,100.0,0.0,0.0,list
milvus-io_milvus,pulls,author_association,3484,100.0,0.0,0.0,str
milvus-io_milvus,pulls,auto_merge,3484,100.0,100.0,0.0,NoneType
milvus-io_milvus,pulls,base.label,3484,100.0,0.0,0.0,str
milvus-io_milvus,pulls,base.ref,3484,100.0,0.0,0.0,str
milvus-io_milvus,pulls,base.repo.allow_forking,3484,100.0,0.0,0.0,bool
milvus-io_milvus,pulls,base.repo.archive_url,3484,100.0,0.0,0.0,str
milvus-io_milvus,pulls,base.repo.archived,3484,100.0,0.0,0.0,bool
milvus-io_milvus,pulls,base.repo.assignees_url,3484,100.0,0.0,0.0,str
milvus-io_milvus,pulls,base.repo.blobs_url,3484,100.0,0.0,0.0,str
milvus-io_milvus,pulls,base.repo.branches_url,3484,100.0,0.0,0.0,str
milvus-io_milvus,pulls,base.repo.clone_url,3484,100.0,0.0,0.0,str
milvus-io_milvus,pulls,base.repo.collaborators_url,3484,100.0,0.0,0.0,str
milvus-io_milvus,pulls,base.repo.comments_url,3484,100.0,0.0,0.0,str
milvus-io_milvus,pulls,base.repo.commits_url,3484,100.0,0.0,0.0,str
milvus-io_milvus,pulls,base.repo.compare_url,3484,100.0,0.0,0.0,str
milvus-io_milvus,pulls,base.repo.contents_url,3484,100.0,0.0,0.0,str
milvus-io_milvus,pulls,base.repo.contributors_url,3484,100.0,0.0,0.0,str
milvus-io_milvus,pulls,base.repo.created_at,3484,100.0,0.0,0.0,str
milvus-io_milvus,pulls,base.repo.default_branch,3484,100.0,0.0,0.0,str
milvus-io_milvus,pulls,base.repo.deployments_url,3484,100.0,0.0,0.0,str
milvus-io_milvus,pulls,base.repo.description,3484,100.0,0.0,0.0,str
milvus-io_milvus,pulls,base.repo.disabled,3484,100.0,0.0,0.0,bool
milvus-io_milvus,pulls,base.repo.downloads_url,3484,100.0,0.0,0.0,str
milvus-io_milvus,pulls,base.repo.events_url,3484,100.0,0.0,0.0,str
milvus-io_milvus,pulls,base.repo.fork,3484,100.0,0.0,0.0,bool
milvus-io_milvus,pulls,base.repo.forks,3484,100.0,0.0,0.0,int
milvus-io_milvus,pulls,base.repo.forks_count,3484,100.0,0.0,0.0,int
milvus-io_milvus,pulls,base.repo.forks_url,3484,100.0,0.0,0.0,str
milvus-io_milvus,pulls,base.repo.full_name,3484,100.0,0.0,0.0,str
milvus-io_milvus,pulls,base.repo.git_commits_url,3484,100.0,0.0,0.0,str
milvus-io_milvus,pulls,base.repo.git_refs_url,3484,100.0,0.0,0.0,str
milvus-io_milvus,pulls,base.repo.git_tags_url,3484,100.0,0.0,0.0,str
milvus-io_milvus,pulls,base.repo.git_url,3484,100.0,0.0,0.0,str
milvus-io_milvus,pulls,base.repo.has_discussions,3484,100.0,0.0,0.0,bool
milvus-io_milvus,pulls,base.repo.has_downloads,3484,100.0,0.0,0.0,bool
milvus-io_milvus,pulls,base.repo.has_issues,3484,100.0,0.0,0.0,bool
milvus-io_milvus,pulls,base.repo.has_pages,3484,100.0,0.0,0.0,bool
milvus-io_milvus,pulls,base.repo.has_projects,3484,100.0,0.0,0.0,bool
milvus-io_milvus,pulls,base.repo.has_pull_requests,3484,100.0,0.0,0.0,bool
milvus-io_milvus,pulls,base.repo.has_wiki,3484,100.0,0.0,0.0,bool
milvus-io_milvus,pulls,base.repo.homepage,3484,100.0,0.0,0.0,str
milvus-io_milvus,pulls,base.repo.hooks_url,3484,100.0,0.0,0.0,str
milvus-io_milvus,pulls,base.repo.html_url,3484,100.0,0.0,0.0,str
milvus-io_milvus,pulls,base.repo.id,3484,100.0,0.0,0.0,int
milvus-io_milvus,pulls,base.repo.is_template,3484,100.0,0.0,0.0,bool
milvus-io_milvus,pulls,base.repo.issue_comment_url,3484,100.0,0.0,0.0,str
milvus-io_milvus,pulls,base.repo.issue_events_url,3484,100.0,0.0,0.0,str
milvus-io_milvus,pulls,base.repo.issues_url,3484,100.0,0.0,0.0,str
milvus-io_milvus,pulls,base.repo.keys_url,3484,100.0,0.0,0.0,str
milvus-io_milvus,pulls,base.repo.labels_url,3484,100.0,0.0,0.0,str
milvus-io_milvus,pulls,base.repo.language,3484,100.0,0.0,0.0,str
milvus-io_milvus,pulls,base.repo.languages_url,3484,100.0,0.0,0.0,str
milvus-io_milvus,pulls,base.repo.license.key,3484,100.0,0.0,0.0,str
milvus-io_milvus,pulls,base.repo.license.name,3484,100.0,0.0,0.0,str
milvus-io_milvus,pulls,base.repo.license.node_id,3484,100.0,0.0,0.0,str
milvus-io_milvus,pulls,base.repo.license.spdx_id,3484,100.0,0.0,0.0,str
milvus-io_milvus,pulls,base.repo.license.url,3484,100.0,0.0,0.0,str
milvus-io_milvus,pulls,base.repo.merges_url,3484,100.0,0.0,0.0,str
milvus-io_milvus,pulls,base.repo.milestones_url,3484,100.0,0.0,0.0,str
milvus-io_milvus,pulls,base.repo.mirror_url,3484,100.0,100.0,0.0,NoneType
milvus-io_milvus,pulls,base.repo.name,3484,100.0,0.0,0.0,str
milvus-io_milvus,pulls,base.repo.node_id,3484,100.0,0.0,0.0,str
milvus-io_milvus,pulls,base.repo.notifications_url,3484,100.0,0.0,0.0,str
milvus-io_milvus,pulls,base.repo.open_issues,3484,100.0,0.0,0.0,int
milvus-io_milvus,pulls,base.repo.open_issues_count,3484,100.0,0.0,0.0,int
milvus-io_milvus,pulls,base.repo.owner.avatar_url,3484,100.0,0.0,0.0,str
milvus-io_milvus,pulls,base.repo.owner.events_url,3484,100.0,0.0,0.0,str
milvus-io_milvus,pulls,base.repo.owner.followers_url,3484,100.0,0.0,0.0,str
milvus-io_milvus,pulls,base.repo.owner.following_url,3484,100.0,0.0,0.0,str
milvus-io_milvus,pulls,base.repo.owner.gists_url,3484,100.0,0.0,0.0,str
milvus-io_milvus,pulls,base.repo.owner.gravatar_id,3484,100.0,0.0,100.0,str
milvus-io_milvus,pulls,base.repo.owner.html_url,3484,100.0,0.0,0.0,str
milvus-io_milvus,pulls,base.repo.owner.id,3484,100.0,0.0,0.0,int
milvus-io_milvus,pulls,base.repo.owner.login,3484,100.0,0.0,0.0,str
milvus-io_milvus,pulls,base.repo.owner.node_id,3484,100.0,0.0,0.0,str
milvus-io_milvus,pulls,base.repo.owner.organizations_url,3484,100.0,0.0,0.0,str
milvus-io_milvus,pulls,base.repo.owner.received_events_url,3484,100.0,0.0,0.0,str
milvus-io_milvus,pulls,base.repo.owner.repos_url,3484,100.0,0.0,0.0,str
milvus-io_milvus,pulls,base.repo.owner.site_admin,3484,100.0,0.0,0.0,bool
milvus-io_milvus,pulls,base.repo.owner.starred_url,3484,100.0,0.0,0.0,str
milvus-io_milvus,pulls,base.repo.owner.subscriptions_url,3484,100.0,0.0,0.0,str
milvus-io_milvus,pulls,base.repo.owner.type,3484,100.0,0.0,0.0,str
milvus-io_milvus,pulls,base.repo.owner.url,3484,100.0,0.0,0.0,str
milvus-io_milvus,pulls,base.repo.owner.user_view_type,3484,100.0,0.0,0.0,str
milvus-io_milvus,pulls,base.repo.private,3484,100.0,0.0,0.0,bool
milvus-io_milvus,pulls,base.repo.pull_request_creation_policy,3484,100.0,0.0,0.0,str
milvus-io_milvus,pulls,base.repo.pulls_url,3484,100.0,0.0,0.0,str
milvus-io_milvus,pulls,base.repo.pushed_at,3484,100.0,0.0,0.0,str
milvus-io_milvus,pulls,base.repo.releases_url,3484,100.0,0.0,0.0,str
milvus-io_milvus,pulls,base.repo.size,3484,100.0,0.0,0.0,int
milvus-io_milvus,pulls,base.repo.ssh_url,3484,100.0,0.0,0.0,str
milvus-io_milvus,pulls,base.repo.stargazers_count,3484,100.0,0.0,0.0,int
milvus-io_milvus,pulls,base.repo.stargazers_url,3484,100.0,0.0,0.0,str
milvus-io_milvus,pulls,base.repo.statuses_url,3484,100.0,0.0,0.0,str
milvus-io_milvus,pulls,base.repo.subscribers_url,3484,100.0,0.0,0.0,str
milvus-io_milvus,pulls,base.repo.subscription_url,3484,100.0,0.0,0.0,str
milvus-io_milvus,pulls,base.repo.svn_url,3484,100.0,0.0,0.0,str
milvus-io_milvus,pulls,base.repo.tags_url,3484,100.0,0.0,0.0,str
milvus-io_milvus,pulls,base.repo.teams_url,3484,100.0,0.0,0.0,str
milvus-io_milvus,pulls,base.repo.topics,3484,100.0,0.0,0.0,list
milvus-io_milvus,pulls,base.repo.trees_url,3484,100.0,0.0,0.0,str
milvus-io_milvus,pulls,base.repo.updated_at,3484,100.0,0.0,0.0,str
milvus-io_milvus,pulls,base.repo.url,3484,100.0,0.0,0.0,str
milvus-io_milvus,pulls,base.repo.visibility,3484,100.0,0.0,0.0,str
milvus-io_milvus,pulls,base.repo.watchers,3484,100.0,0.0,0.0,int
milvus-io_milvus,pulls,base.repo.watchers_count,3484,100.0,0.0,0.0,int
milvus-io_milvus,pulls,base.repo.web_commit_signoff_required,3484,100.0,0.0,0.0,bool
milvus-io_milvus,pulls,base.sha,3484,100.0,0.0,0.0,str
milvus-io_milvus,pulls,base.user.avatar_url,3484,100.0,0.0,0.0,str
milvus-io_milvus,pulls,base.user.events_url,3484,100.0,0.0,0.0,str
milvus-io_milvus,pulls,base.user.followers_url,3484,100.0,0.0,0.0,str
milvus-io_milvus,pulls,base.user.following_url,3484,100.0,0.0,0.0,str
milvus-io_milvus,pulls,base.user.gists_url,3484,100.0,0.0,0.0,str
milvus-io_milvus,pulls,base.user.gravatar_id,3484,100.0,0.0,100.0,str
milvus-io_milvus,pulls,base.user.html_url,3484,100.0,0.0,0.0,str
milvus-io_milvus,pulls,base.user.id,3484,100.0,0.0,0.0,int
milvus-io_milvus,pulls,base.user.login,3484,100.0,0.0,0.0,str
milvus-io_milvus,pulls,base.user.node_id,3484,100.0,0.0,0.0,str
milvus-io_milvus,pulls,base.user.organizations_url,3484,100.0,0.0,0.0,str
milvus-io_milvus,pulls,base.user.received_events_url,3484,100.0,0.0,0.0,str
milvus-io_milvus,pulls,base.user.repos_url,3484,100.0,0.0,0.0,str
milvus-io_milvus,pulls,base.user.site_admin,3484,100.0,0.0,0.0,bool
milvus-io_milvus,pulls,base.user.starred_url,3484,100.0,0.0,0.0,str
milvus-io_milvus,pulls,base.user.subscriptions_url,3484,100.0,0.0,0.0,str
milvus-io_milvus,pulls,base.user.type,3484,100.0,0.0,0.0,str
milvus-io_milvus,pulls,base.user.url,3484,100.0,0.0,0.0,str
milvus-io_milvus,pulls,base.user.user_view_type,3484,100.0,0.0,0.0,str
milvus-io_milvus,pulls,body,3484,100.0,1.21,0.0,NoneType|str
milvus-io_milvus,pulls,closed_at,3484,100.0,10.19,0.0,NoneType|str
milvus-io_milvus,pulls,comments_url,3484,100.0,0.0,0.0,str
milvus-io_milvus,pulls,commits_url,3484,100.0,0.0,0.0,str
milvus-io_milvus,pulls,created_at,3484,100.0,0.0,0.0,str
milvus-io_milvus,pulls,diff_url,3484,100.0,0.0,0.0,str
milvus-io_milvus,pulls,draft,3484,100.0,0.0,0.0,bool
milvus-io_milvus,pulls,head.label,3484,100.0,0.0,0.0,str
milvus-io_milvus,pulls,head.ref,3484,100.0,0.0,0.0,str
milvus-io_milvus,pulls,head.repo,3484,0.57,100.0,0.0,NoneType
milvus-io_milvus,pulls,head.repo.allow_forking,3484,99.43,0.0,0.0,bool
milvus-io_milvus,pulls,head.repo.archive_url,3484,99.43,0.0,0.0,str
milvus-io_milvus,pulls,head.repo.archived,3484,99.43,0.0,0.0,bool
milvus-io_milvus,pulls,head.repo.assignees_url,3484,99.43,0.0,0.0,str
milvus-io_milvus,pulls,head.repo.blobs_url,3484,99.43,0.0,0.0,str
milvus-io_milvus,pulls,head.repo.branches_url,3484,99.43,0.0,0.0,str
milvus-io_milvus,pulls,head.repo.clone_url,3484,99.43,0.0,0.0,str
milvus-io_milvus,pulls,head.repo.collaborators_url,3484,99.43,0.0,0.0,str
milvus-io_milvus,pulls,head.repo.comments_url,3484,99.43,0.0,0.0,str
milvus-io_milvus,pulls,head.repo.commits_url,3484,99.43,0.0,0.0,str
milvus-io_milvus,pulls,head.repo.compare_url,3484,99.43,0.0,0.0,str
milvus-io_milvus,pulls,head.repo.contents_url,3484,99.43,0.0,0.0,str
milvus-io_milvus,pulls,head.repo.contributors_url,3484,99.43,0.0,0.0,str
milvus-io_milvus,pulls,head.repo.created_at,3484,99.43,0.0,0.0,str
milvus-io_milvus,pulls,head.repo.default_branch,3484,99.43,0.0,0.0,str
milvus-io_milvus,pulls,head.repo.deployments_url,3484,99.43,0.0,0.0,str
milvus-io_milvus,pulls,head.repo.description,3484,99.43,0.0,0.0,str
milvus-io_milvus,pulls,head.repo.disabled,3484,99.43,0.0,0.0,bool
milvus-io_milvus,pulls,head.repo.downloads_url,3484,99.43,0.0,0.0,str
milvus-io_milvus,pulls,head.repo.events_url,3484,99.43,0.0,0.0,str
milvus-io_milvus,pulls,head.repo.fork,3484,99.43,0.0,0.0,bool
milvus-io_milvus,pulls,head.repo.forks,3484,99.43,0.0,0.0,int
milvus-io_milvus,pulls,head.repo.forks_count,3484,99.43,0.0,0.0,int
milvus-io_milvus,pulls,head.repo.forks_url,3484,99.43,0.0,0.0,str
milvus-io_milvus,pulls,head.repo.full_name,3484,99.43,0.0,0.0,str
milvus-io_milvus,pulls,head.repo.git_commits_url,3484,99.43,0.0,0.0,str
milvus-io_milvus,pulls,head.repo.git_refs_url,3484,99.43,0.0,0.0,str
milvus-io_milvus,pulls,head.repo.git_tags_url,3484,99.43,0.0,0.0,str
milvus-io_milvus,pulls,head.repo.git_url,3484,99.43,0.0,0.0,str
milvus-io_milvus,pulls,head.repo.has_discussions,3484,99.43,0.0,0.0,bool
milvus-io_milvus,pulls,head.repo.has_downloads,3484,99.43,0.0,0.0,bool
milvus-io_milvus,pulls,head.repo.has_issues,3484,99.43,0.0,0.0,bool
milvus-io_milvus,pulls,head.repo.has_pages,3484,99.43,0.0,0.0,bool
milvus-io_milvus,pulls,head.repo.has_projects,3484,99.43,0.0,0.0,bool
milvus-io_milvus,pulls,head.repo.has_pull_requests,3484,99.43,0.0,0.0,bool
milvus-io_milvus,pulls,head.repo.has_wiki,3484,99.43,0.0,0.0,bool
milvus-io_milvus,pulls,head.repo.homepage,3484,99.43,0.0,0.0,str
milvus-io_milvus,pulls,head.repo.hooks_url,3484,99.43,0.0,0.0,str
milvus-io_milvus,pulls,head.repo.html_url,3484,99.43,0.0,0.0,str
milvus-io_milvus,pulls,head.repo.id,3484,99.43,0.0,0.0,int
milvus-io_milvus,pulls,head.repo.is_template,3484,99.43,0.0,0.0,bool
milvus-io_milvus,pulls,head.repo.issue_comment_url,3484,99.43,0.0,0.0,str
milvus-io_milvus,pulls,head.repo.issue_events_url,3484,99.43,0.0,0.0,str
milvus-io_milvus,pulls,head.repo.issues_url,3484,99.43,0.0,0.0,str
milvus-io_milvus,pulls,head.repo.keys_url,3484,99.43,0.0,0.0,str
milvus-io_milvus,pulls,head.repo.labels_url,3484,99.43,0.0,0.0,str
milvus-io_milvus,pulls,head.repo.language,3484,99.43,15.99,0.0,NoneType|str
milvus-io_milvus,pulls,head.repo.languages_url,3484,99.43,0.0,0.0,str
milvus-io_milvus,pulls,head.repo.license.key,3484,99.43,0.0,0.0,str
milvus-io_milvus,pulls,head.repo.license.name,3484,99.43,0.0,0.0,str
milvus-io_milvus,pulls,head.repo.license.node_id,3484,99.43,0.0,0.0,str
milvus-io_milvus,pulls,head.repo.license.spdx_id,3484,99.43,0.0,0.0,str
milvus-io_milvus,pulls,head.repo.license.url,3484,99.43,0.0,0.0,str
milvus-io_milvus,pulls,head.repo.merges_url,3484,99.43,0.0,0.0,str
milvus-io_milvus,pulls,head.repo.milestones_url,3484,99.43,0.0,0.0,str
milvus-io_milvus,pulls,head.repo.mirror_url,3484,99.43,100.0,0.0,NoneType
milvus-io_milvus,pulls,head.repo.name,3484,99.43,0.0,0.0,str
milvus-io_milvus,pulls,head.repo.node_id,3484,99.43,0.0,0.0,str
milvus-io_milvus,pulls,head.repo.notifications_url,3484,99.43,0.0,0.0,str
milvus-io_milvus,pulls,head.repo.open_issues,3484,99.43,0.0,0.0,int
milvus-io_milvus,pulls,head.repo.open_issues_count,3484,99.43,0.0,0.0,int
milvus-io_milvus,pulls,head.repo.owner.avatar_url,3484,99.43,0.0,0.0,str
milvus-io_milvus,pulls,head.repo.owner.events_url,3484,99.43,0.0,0.0,str
milvus-io_milvus,pulls,head.repo.owner.followers_url,3484,99.43,0.0,0.0,str
milvus-io_milvus,pulls,head.repo.owner.following_url,3484,99.43,0.0,0.0,str
milvus-io_milvus,pulls,head.repo.owner.gists_url,3484,99.43,0.0,0.0,str
milvus-io_milvus,pulls,head.repo.owner.gravatar_id,3484,99.43,0.0,100.0,str
milvus-io_milvus,pulls,head.repo.owner.html_url,3484,99.43,0.0,0.0,str
milvus-io_milvus,pulls,head.repo.owner.id,3484,99.43,0.0,0.0,int
milvus-io_milvus,pulls,head.repo.owner.login,3484,99.43,0.0,0.0,str
milvus-io_milvus,pulls,head.repo.owner.node_id,3484,99.43,0.0,0.0,str
milvus-io_milvus,pulls,head.repo.owner.organizations_url,3484,99.43,0.0,0.0,str
milvus-io_milvus,pulls,head.repo.owner.received_events_url,3484,99.43,0.0,0.0,str
milvus-io_milvus,pulls,head.repo.owner.repos_url,3484,99.43,0.0,0.0,str
milvus-io_milvus,pulls,head.repo.owner.site_admin,3484,99.43,0.0,0.0,bool
milvus-io_milvus,pulls,head.repo.owner.starred_url,3484,99.43,0.0,0.0,str
milvus-io_milvus,pulls,head.repo.owner.subscriptions_url,3484,99.43,0.0,0.0,str
milvus-io_milvus,pulls,head.repo.owner.type,3484,99.43,0.0,0.0,str
milvus-io_milvus,pulls,head.repo.owner.url,3484,99.43,0.0,0.0,str
milvus-io_milvus,pulls,head.repo.owner.user_view_type,3484,99.43,0.0,0.0,str
milvus-io_milvus,pulls,head.repo.private,3484,99.43,0.0,0.0,bool
milvus-io_milvus,pulls,head.repo.pull_request_creation_policy,3484,99.43,0.0,0.0,str
milvus-io_milvus,pulls,head.repo.pulls_url,3484,99.43,0.0,0.0,str
milvus-io_milvus,pulls,head.repo.pushed_at,3484,99.43,0.0,0.0,str
milvus-io_milvus,pulls,head.repo.releases_url,3484,99.43,0.0,0.0,str
milvus-io_milvus,pulls,head.repo.size,3484,99.43,0.0,0.0,int
milvus-io_milvus,pulls,head.repo.ssh_url,3484,99.43,0.0,0.0,str
milvus-io_milvus,pulls,head.repo.stargazers_count,3484,99.43,0.0,0.0,int
milvus-io_milvus,pulls,head.repo.stargazers_url,3484,99.43,0.0,0.0,str
milvus-io_milvus,pulls,head.repo.statuses_url,3484,99.43,0.0,0.0,str
milvus-io_milvus,pulls,head.repo.subscribers_url,3484,99.43,0.0,0.0,str
milvus-io_milvus,pulls,head.repo.subscription_url,3484,99.43,0.0,0.0,str
milvus-io_milvus,pulls,head.repo.svn_url,3484,99.43,0.0,0.0,str
milvus-io_milvus,pulls,head.repo.tags_url,3484,99.43,0.0,0.0,str
milvus-io_milvus,pulls,head.repo.teams_url,3484,99.43,0.0,0.0,str
milvus-io_milvus,pulls,head.repo.topics,3484,99.43,0.0,0.0,list
milvus-io_milvus,pulls,head.repo.trees_url,3484,99.43,0.0,0.0,str
milvus-io_milvus,pulls,head.repo.updated_at,3484,99.43,0.0,0.0,str
milvus-io_milvus,pulls,head.repo.url,3484,99.43,0.0,0.0,str
milvus-io_milvus,pulls,head.repo.visibility,3484,99.43,0.0,0.0,str
milvus-io_milvus,pulls,head.repo.watchers,3484,99.43,0.0,0.0,int
milvus-io_milvus,pulls,head.repo.watchers_count,3484,99.43,0.0,0.0,int
milvus-io_milvus,pulls,head.repo.web_commit_signoff_required,3484,99.43,0.0,0.0,bool
milvus-io_milvus,pulls,head.sha,3484,100.0,0.0,0.0,str
milvus-io_milvus,pulls,head.user.avatar_url,3484,100.0,0.0,0.0,str
milvus-io_milvus,pulls,head.user.events_url,3484,100.0,0.0,0.0,str
milvus-io_milvus,pulls,head.user.followers_url,3484,100.0,0.0,0.0,str
milvus-io_milvus,pulls,head.user.following_url,3484,100.0,0.0,0.0,str
milvus-io_milvus,pulls,head.user.gists_url,3484,100.0,0.0,0.0,str
milvus-io_milvus,pulls,head.user.gravatar_id,3484,100.0,0.0,100.0,str
milvus-io_milvus,pulls,head.user.html_url,3484,100.0,0.0,0.0,str
milvus-io_milvus,pulls,head.user.id,3484,100.0,0.0,0.0,int
milvus-io_milvus,pulls,head.user.login,3484,100.0,0.0,0.0,str
milvus-io_milvus,pulls,head.user.node_id,3484,100.0,0.0,0.0,str
milvus-io_milvus,pulls,head.user.organizations_url,3484,100.0,0.0,0.0,str
milvus-io_milvus,pulls,head.user.received_events_url,3484,100.0,0.0,0.0,str
milvus-io_milvus,pulls,head.user.repos_url,3484,100.0,0.0,0.0,str
milvus-io_milvus,pulls,head.user.site_admin,3484,100.0,0.0,0.0,bool
milvus-io_milvus,pulls,head.user.starred_url,3484,100.0,0.0,0.0,str
milvus-io_milvus,pulls,head.user.subscriptions_url,3484,100.0,0.0,0.0,str
milvus-io_milvus,pulls,head.user.type,3484,100.0,0.0,0.0,str
milvus-io_milvus,pulls,head.user.url,3484,100.0,0.0,0.0,str
milvus-io_milvus,pulls,head.user.user_view_type,3484,100.0,0.0,0.0,str
milvus-io_milvus,pulls,html_url,3484,100.0,0.0,0.0,str
milvus-io_milvus,pulls,id,3484,100.0,0.0,0.0,int
milvus-io_milvus,pulls,issue_url,3484,100.0,0.0,0.0,str
milvus-io_milvus,pulls,labels,3484,100.0,0.0,0.0,list
milvus-io_milvus,pulls,locked,3484,100.0,0.0,0.0,bool
milvus-io_milvus,pulls,merge_commit_sha,3484,100.0,11.71,0.0,NoneType|str
milvus-io_milvus,pulls,merged_at,3484,100.0,32.29,0.0,NoneType|str
milvus-io_milvus,pulls,milestone,3484,65.04,100.0,0.0,NoneType
milvus-io_milvus,pulls,milestone.closed_at,3484,34.96,16.09,0.0,NoneType|str
milvus-io_milvus,pulls,milestone.closed_issues,3484,34.96,0.0,0.0,int
milvus-io_milvus,pulls,milestone.created_at,3484,34.96,0.0,0.0,str
milvus-io_milvus,pulls,milestone.creator.avatar_url,3484,34.96,0.0,0.0,str
milvus-io_milvus,pulls,milestone.creator.events_url,3484,34.96,0.0,0.0,str
milvus-io_milvus,pulls,milestone.creator.followers_url,3484,34.96,0.0,0.0,str
milvus-io_milvus,pulls,milestone.creator.following_url,3484,34.96,0.0,0.0,str
milvus-io_milvus,pulls,milestone.creator.gists_url,3484,34.96,0.0,0.0,str
milvus-io_milvus,pulls,milestone.creator.gravatar_id,3484,34.96,0.0,100.0,str
milvus-io_milvus,pulls,milestone.creator.html_url,3484,34.96,0.0,0.0,str
milvus-io_milvus,pulls,milestone.creator.id,3484,34.96,0.0,0.0,int
milvus-io_milvus,pulls,milestone.creator.login,3484,34.96,0.0,0.0,str
milvus-io_milvus,pulls,milestone.creator.node_id,3484,34.96,0.0,0.0,str
milvus-io_milvus,pulls,milestone.creator.organizations_url,3484,34.96,0.0,0.0,str
milvus-io_milvus,pulls,milestone.creator.received_events_url,3484,34.96,0.0,0.0,str
milvus-io_milvus,pulls,milestone.creator.repos_url,3484,34.96,0.0,0.0,str
milvus-io_milvus,pulls,milestone.creator.site_admin,3484,34.96,0.0,0.0,bool
milvus-io_milvus,pulls,milestone.creator.starred_url,3484,34.96,0.0,0.0,str
milvus-io_milvus,pulls,milestone.creator.subscriptions_url,3484,34.96,0.0,0.0,str
milvus-io_milvus,pulls,milestone.creator.type,3484,34.96,0.0,0.0,str
milvus-io_milvus,pulls,milestone.creator.url,3484,34.96,0.0,0.0,str
milvus-io_milvus,pulls,milestone.creator.user_view_type,3484,34.96,0.0,0.0,str
milvus-io_milvus,pulls,milestone.description,3484,34.96,23.89,29.47,NoneType|str
milvus-io_milvus,pulls,milestone.due_on,3484,34.96,49.26,0.0,NoneType|str
milvus-io_milvus,pulls,milestone.html_url,3484,34.96,0.0,0.0,str
milvus-io_milvus,pulls,milestone.id,3484,34.96,0.0,0.0,int
milvus-io_milvus,pulls,milestone.labels_url,3484,34.96,0.0,0.0,str
milvus-io_milvus,pulls,milestone.node_id,3484,34.96,0.0,0.0,str
milvus-io_milvus,pulls,milestone.number,3484,34.96,0.0,0.0,int
milvus-io_milvus,pulls,milestone.open_issues,3484,34.96,0.0,0.0,int
milvus-io_milvus,pulls,milestone.state,3484,34.96,0.0,0.0,str
milvus-io_milvus,pulls,milestone.title,3484,34.96,0.0,0.0,str
milvus-io_milvus,pulls,milestone.updated_at,3484,34.96,0.0,0.0,str
milvus-io_milvus,pulls,milestone.url,3484,34.96,0.0,0.0,str
milvus-io_milvus,pulls,node_id,3484,100.0,0.0,0.0,str
milvus-io_milvus,pulls,number,3484,100.0,0.0,0.0,int
milvus-io_milvus,pulls,patch_url,3484,100.0,0.0,0.0,str
milvus-io_milvus,pulls,requested_reviewers,3484,100.0,0.0,0.0,list
milvus-io_milvus,pulls,requested_teams,3484,100.0,0.0,0.0,list
milvus-io_milvus,pulls,review_comment_url,3484,100.0,0.0,0.0,str
milvus-io_milvus,pulls,review_comments_url,3484,100.0,0.0,0.0,str
milvus-io_milvus,pulls,stack.base.ref,3484,1.32,0.0,0.0,str
milvus-io_milvus,pulls,stack.base.sha,3484,1.32,8.7,0.0,NoneType|str
milvus-io_milvus,pulls,stack.id,3484,1.32,0.0,0.0,int
milvus-io_milvus,pulls,stack.number,3484,1.32,0.0,0.0,int
milvus-io_milvus,pulls,stack.position,3484,1.32,0.0,0.0,int
milvus-io_milvus,pulls,stack.size,3484,1.32,0.0,0.0,int
milvus-io_milvus,pulls,state,3484,100.0,0.0,0.0,str
milvus-io_milvus,pulls,statuses_url,3484,100.0,0.0,0.0,str
milvus-io_milvus,pulls,title,3484,100.0,0.0,0.0,str
milvus-io_milvus,pulls,updated_at,3484,100.0,0.0,0.0,str
milvus-io_milvus,pulls,url,3484,100.0,0.0,0.0,str
milvus-io_milvus,pulls,user.avatar_url,3484,100.0,0.0,0.0,str
milvus-io_milvus,pulls,user.events_url,3484,100.0,0.0,0.0,str
milvus-io_milvus,pulls,user.followers_url,3484,100.0,0.0,0.0,str
milvus-io_milvus,pulls,user.following_url,3484,100.0,0.0,0.0,str
milvus-io_milvus,pulls,user.gists_url,3484,100.0,0.0,0.0,str
milvus-io_milvus,pulls,user.gravatar_id,3484,100.0,0.0,100.0,str
milvus-io_milvus,pulls,user.html_url,3484,100.0,0.0,0.0,str
milvus-io_milvus,pulls,user.id,3484,100.0,0.0,0.0,int
milvus-io_milvus,pulls,user.login,3484,100.0,0.0,0.0,str
milvus-io_milvus,pulls,user.node_id,3484,100.0,0.0,0.0,str
milvus-io_milvus,pulls,user.organizations_url,3484,100.0,0.0,0.0,str
milvus-io_milvus,pulls,user.received_events_url,3484,100.0,0.0,0.0,str
milvus-io_milvus,pulls,user.repos_url,3484,100.0,0.0,0.0,str
milvus-io_milvus,pulls,user.site_admin,3484,100.0,0.0,0.0,bool
milvus-io_milvus,pulls,user.starred_url,3484,100.0,0.0,0.0,str
milvus-io_milvus,pulls,user.subscriptions_url,3484,100.0,0.0,0.0,str
milvus-io_milvus,pulls,user.type,3484,100.0,0.0,0.0,str
milvus-io_milvus,pulls,user.url,3484,100.0,0.0,0.0,str
milvus-io_milvus,pulls,user.user_view_type,3484,100.0,0.0,0.0,str
milvus-io_milvus,releases,assets,176,100.0,0.0,0.0,list
milvus-io_milvus,releases,assets_url,176,100.0,0.0,0.0,str
milvus-io_milvus,releases,author.avatar_url,176,100.0,0.0,0.0,str
milvus-io_milvus,releases,author.events_url,176,100.0,0.0,0.0,str
milvus-io_milvus,releases,author.followers_url,176,100.0,0.0,0.0,str
milvus-io_milvus,releases,author.following_url,176,100.0,0.0,0.0,str
milvus-io_milvus,releases,author.gists_url,176,100.0,0.0,0.0,str
milvus-io_milvus,releases,author.gravatar_id,176,100.0,0.0,100.0,str
milvus-io_milvus,releases,author.html_url,176,100.0,0.0,0.0,str
milvus-io_milvus,releases,author.id,176,100.0,0.0,0.0,int
milvus-io_milvus,releases,author.login,176,100.0,0.0,0.0,str
milvus-io_milvus,releases,author.node_id,176,100.0,0.0,0.0,str
milvus-io_milvus,releases,author.organizations_url,176,100.0,0.0,0.0,str
milvus-io_milvus,releases,author.received_events_url,176,100.0,0.0,0.0,str
milvus-io_milvus,releases,author.repos_url,176,100.0,0.0,0.0,str
milvus-io_milvus,releases,author.site_admin,176,100.0,0.0,0.0,bool
milvus-io_milvus,releases,author.starred_url,176,100.0,0.0,0.0,str
milvus-io_milvus,releases,author.subscriptions_url,176,100.0,0.0,0.0,str
milvus-io_milvus,releases,author.type,176,100.0,0.0,0.0,str
milvus-io_milvus,releases,author.url,176,100.0,0.0,0.0,str
milvus-io_milvus,releases,author.user_view_type,176,100.0,0.0,0.0,str
milvus-io_milvus,releases,body,176,100.0,0.0,0.0,str
milvus-io_milvus,releases,created_at,176,100.0,0.0,0.0,str
milvus-io_milvus,releases,discussion_url,176,0.57,0.0,0.0,str
milvus-io_milvus,releases,draft,176,100.0,0.0,0.0,bool
milvus-io_milvus,releases,html_url,176,100.0,0.0,0.0,str
milvus-io_milvus,releases,id,176,100.0,0.0,0.0,int
milvus-io_milvus,releases,immutable,176,100.0,0.0,0.0,bool
milvus-io_milvus,releases,mentions_count,176,5.68,0.0,0.0,int
milvus-io_milvus,releases,name,176,100.0,0.0,0.0,str
milvus-io_milvus,releases,node_id,176,100.0,0.0,0.0,str
milvus-io_milvus,releases,prerelease,176,100.0,0.0,0.0,bool
milvus-io_milvus,releases,published_at,176,100.0,0.0,0.0,str
milvus-io_milvus,releases,reactions.+1,176,67.61,0.0,0.0,int
milvus-io_milvus,releases,reactions.-1,176,67.61,0.0,0.0,int
milvus-io_milvus,releases,reactions.confused,176,67.61,0.0,0.0,int
milvus-io_milvus,releases,reactions.eyes,176,67.61,0.0,0.0,int
milvus-io_milvus,releases,reactions.heart,176,67.61,0.0,0.0,int
milvus-io_milvus,releases,reactions.hooray,176,67.61,0.0,0.0,int
milvus-io_milvus,releases,reactions.laugh,176,67.61,0.0,0.0,int
milvus-io_milvus,releases,reactions.rocket,176,67.61,0.0,0.0,int
milvus-io_milvus,releases,reactions.total_count,176,67.61,0.0,0.0,int
milvus-io_milvus,releases,reactions.url,176,67.61,0.0,0.0,str
milvus-io_milvus,releases,tag_name,176,100.0,0.0,0.0,str
milvus-io_milvus,releases,tarball_url,176,100.0,0.0,0.0,str
milvus-io_milvus,releases,target_commitish,176,100.0,0.0,0.0,str
milvus-io_milvus,releases,updated_at,176,100.0,0.0,0.0,str
milvus-io_milvus,releases,upload_url,176,100.0,0.0,0.0,str
milvus-io_milvus,releases,url,176,100.0,0.0,0.0,str
milvus-io_milvus,releases,zipball_url,176,100.0,0.0,0.0,str
milvus-io_milvus,repo_metadata,allow_forking,1,100.0,0.0,0.0,bool
milvus-io_milvus,repo_metadata,archive_url,1,100.0,0.0,0.0,str
milvus-io_milvus,repo_metadata,archived,1,100.0,0.0,0.0,bool
milvus-io_milvus,repo_metadata,assignees_url,1,100.0,0.0,0.0,str
milvus-io_milvus,repo_metadata,blobs_url,1,100.0,0.0,0.0,str
milvus-io_milvus,repo_metadata,branches_url,1,100.0,0.0,0.0,str
milvus-io_milvus,repo_metadata,clone_url,1,100.0,0.0,0.0,str
milvus-io_milvus,repo_metadata,collaborators_url,1,100.0,0.0,0.0,str
milvus-io_milvus,repo_metadata,comments_url,1,100.0,0.0,0.0,str
milvus-io_milvus,repo_metadata,commits_url,1,100.0,0.0,0.0,str
milvus-io_milvus,repo_metadata,compare_url,1,100.0,0.0,0.0,str
milvus-io_milvus,repo_metadata,contents_url,1,100.0,0.0,0.0,str
milvus-io_milvus,repo_metadata,contributors_url,1,100.0,0.0,0.0,str
milvus-io_milvus,repo_metadata,created_at,1,100.0,0.0,0.0,str
milvus-io_milvus,repo_metadata,default_branch,1,100.0,0.0,0.0,str
milvus-io_milvus,repo_metadata,deployments_url,1,100.0,0.0,0.0,str
milvus-io_milvus,repo_metadata,description,1,100.0,0.0,0.0,str
milvus-io_milvus,repo_metadata,disabled,1,100.0,0.0,0.0,bool
milvus-io_milvus,repo_metadata,downloads_url,1,100.0,0.0,0.0,str
milvus-io_milvus,repo_metadata,events_url,1,100.0,0.0,0.0,str
milvus-io_milvus,repo_metadata,fork,1,100.0,0.0,0.0,bool
milvus-io_milvus,repo_metadata,forks,1,100.0,0.0,0.0,int
milvus-io_milvus,repo_metadata,forks_count,1,100.0,0.0,0.0,int
milvus-io_milvus,repo_metadata,forks_url,1,100.0,0.0,0.0,str
milvus-io_milvus,repo_metadata,full_name,1,100.0,0.0,0.0,str
milvus-io_milvus,repo_metadata,git_commits_url,1,100.0,0.0,0.0,str
milvus-io_milvus,repo_metadata,git_refs_url,1,100.0,0.0,0.0,str
milvus-io_milvus,repo_metadata,git_tags_url,1,100.0,0.0,0.0,str
milvus-io_milvus,repo_metadata,git_url,1,100.0,0.0,0.0,str
milvus-io_milvus,repo_metadata,has_discussions,1,100.0,0.0,0.0,bool
milvus-io_milvus,repo_metadata,has_downloads,1,100.0,0.0,0.0,bool
milvus-io_milvus,repo_metadata,has_issues,1,100.0,0.0,0.0,bool
milvus-io_milvus,repo_metadata,has_pages,1,100.0,0.0,0.0,bool
milvus-io_milvus,repo_metadata,has_projects,1,100.0,0.0,0.0,bool
milvus-io_milvus,repo_metadata,has_pull_requests,1,100.0,0.0,0.0,bool
milvus-io_milvus,repo_metadata,has_wiki,1,100.0,0.0,0.0,bool
milvus-io_milvus,repo_metadata,homepage,1,100.0,0.0,0.0,str
milvus-io_milvus,repo_metadata,hooks_url,1,100.0,0.0,0.0,str
milvus-io_milvus,repo_metadata,html_url,1,100.0,0.0,0.0,str
milvus-io_milvus,repo_metadata,id,1,100.0,0.0,0.0,int
milvus-io_milvus,repo_metadata,is_template,1,100.0,0.0,0.0,bool
milvus-io_milvus,repo_metadata,issue_comment_url,1,100.0,0.0,0.0,str
milvus-io_milvus,repo_metadata,issue_events_url,1,100.0,0.0,0.0,str
milvus-io_milvus,repo_metadata,issues_url,1,100.0,0.0,0.0,str
milvus-io_milvus,repo_metadata,keys_url,1,100.0,0.0,0.0,str
milvus-io_milvus,repo_metadata,labels_url,1,100.0,0.0,0.0,str
milvus-io_milvus,repo_metadata,language,1,100.0,0.0,0.0,str
milvus-io_milvus,repo_metadata,languages_url,1,100.0,0.0,0.0,str
milvus-io_milvus,repo_metadata,license.key,1,100.0,0.0,0.0,str
milvus-io_milvus,repo_metadata,license.name,1,100.0,0.0,0.0,str
milvus-io_milvus,repo_metadata,license.node_id,1,100.0,0.0,0.0,str
milvus-io_milvus,repo_metadata,license.spdx_id,1,100.0,0.0,0.0,str
milvus-io_milvus,repo_metadata,license.url,1,100.0,0.0,0.0,str
milvus-io_milvus,repo_metadata,merges_url,1,100.0,0.0,0.0,str
milvus-io_milvus,repo_metadata,milestones_url,1,100.0,0.0,0.0,str
milvus-io_milvus,repo_metadata,mirror_url,1,100.0,100.0,0.0,NoneType
milvus-io_milvus,repo_metadata,name,1,100.0,0.0,0.0,str
milvus-io_milvus,repo_metadata,network_count,1,100.0,0.0,0.0,int
milvus-io_milvus,repo_metadata,node_id,1,100.0,0.0,0.0,str
milvus-io_milvus,repo_metadata,notifications_url,1,100.0,0.0,0.0,str
milvus-io_milvus,repo_metadata,open_issues,1,100.0,0.0,0.0,int
milvus-io_milvus,repo_metadata,open_issues_count,1,100.0,0.0,0.0,int
milvus-io_milvus,repo_metadata,organization.avatar_url,1,100.0,0.0,0.0,str
milvus-io_milvus,repo_metadata,organization.events_url,1,100.0,0.0,0.0,str
milvus-io_milvus,repo_metadata,organization.followers_url,1,100.0,0.0,0.0,str
milvus-io_milvus,repo_metadata,organization.following_url,1,100.0,0.0,0.0,str
milvus-io_milvus,repo_metadata,organization.gists_url,1,100.0,0.0,0.0,str
milvus-io_milvus,repo_metadata,organization.gravatar_id,1,100.0,0.0,100.0,str
milvus-io_milvus,repo_metadata,organization.html_url,1,100.0,0.0,0.0,str
milvus-io_milvus,repo_metadata,organization.id,1,100.0,0.0,0.0,int
milvus-io_milvus,repo_metadata,organization.login,1,100.0,0.0,0.0,str
milvus-io_milvus,repo_metadata,organization.node_id,1,100.0,0.0,0.0,str
milvus-io_milvus,repo_metadata,organization.organizations_url,1,100.0,0.0,0.0,str
milvus-io_milvus,repo_metadata,organization.received_events_url,1,100.0,0.0,0.0,str
milvus-io_milvus,repo_metadata,organization.repos_url,1,100.0,0.0,0.0,str
milvus-io_milvus,repo_metadata,organization.site_admin,1,100.0,0.0,0.0,bool
milvus-io_milvus,repo_metadata,organization.starred_url,1,100.0,0.0,0.0,str
milvus-io_milvus,repo_metadata,organization.subscriptions_url,1,100.0,0.0,0.0,str
milvus-io_milvus,repo_metadata,organization.type,1,100.0,0.0,0.0,str
milvus-io_milvus,repo_metadata,organization.url,1,100.0,0.0,0.0,str
milvus-io_milvus,repo_metadata,organization.user_view_type,1,100.0,0.0,0.0,str
milvus-io_milvus,repo_metadata,owner.avatar_url,1,100.0,0.0,0.0,str
milvus-io_milvus,repo_metadata,owner.events_url,1,100.0,0.0,0.0,str
milvus-io_milvus,repo_metadata,owner.followers_url,1,100.0,0.0,0.0,str
milvus-io_milvus,repo_metadata,owner.following_url,1,100.0,0.0,0.0,str
milvus-io_milvus,repo_metadata,owner.gists_url,1,100.0,0.0,0.0,str
milvus-io_milvus,repo_metadata,owner.gravatar_id,1,100.0,0.0,100.0,str
milvus-io_milvus,repo_metadata,owner.html_url,1,100.0,0.0,0.0,str
milvus-io_milvus,repo_metadata,owner.id,1,100.0,0.0,0.0,int
milvus-io_milvus,repo_metadata,owner.login,1,100.0,0.0,0.0,str
milvus-io_milvus,repo_metadata,owner.node_id,1,100.0,0.0,0.0,str
milvus-io_milvus,repo_metadata,owner.organizations_url,1,100.0,0.0,0.0,str
milvus-io_milvus,repo_metadata,owner.received_events_url,1,100.0,0.0,0.0,str
milvus-io_milvus,repo_metadata,owner.repos_url,1,100.0,0.0,0.0,str
milvus-io_milvus,repo_metadata,owner.site_admin,1,100.0,0.0,0.0,bool
milvus-io_milvus,repo_metadata,owner.starred_url,1,100.0,0.0,0.0,str
milvus-io_milvus,repo_metadata,owner.subscriptions_url,1,100.0,0.0,0.0,str
milvus-io_milvus,repo_metadata,owner.type,1,100.0,0.0,0.0,str
milvus-io_milvus,repo_metadata,owner.url,1,100.0,0.0,0.0,str
milvus-io_milvus,repo_metadata,owner.user_view_type,1,100.0,0.0,0.0,str
milvus-io_milvus,repo_metadata,permissions.admin,1,100.0,0.0,0.0,bool
milvus-io_milvus,repo_metadata,permissions.maintain,1,100.0,0.0,0.0,bool
milvus-io_milvus,repo_metadata,permissions.pull,1,100.0,0.0,0.0,bool
milvus-io_milvus,repo_metadata,permissions.push,1,100.0,0.0,0.0,bool
milvus-io_milvus,repo_metadata,permissions.triage,1,100.0,0.0,0.0,bool
milvus-io_milvus,repo_metadata,private,1,100.0,0.0,0.0,bool
milvus-io_milvus,repo_metadata,pull_request_creation_policy,1,100.0,0.0,0.0,str
milvus-io_milvus,repo_metadata,pulls_url,1,100.0,0.0,0.0,str
milvus-io_milvus,repo_metadata,pushed_at,1,100.0,0.0,0.0,str
milvus-io_milvus,repo_metadata,releases_url,1,100.0,0.0,0.0,str
milvus-io_milvus,repo_metadata,size,1,100.0,0.0,0.0,int
milvus-io_milvus,repo_metadata,ssh_url,1,100.0,0.0,0.0,str
milvus-io_milvus,repo_metadata,stargazers_count,1,100.0,0.0,0.0,int
milvus-io_milvus,repo_metadata,stargazers_url,1,100.0,0.0,0.0,str
milvus-io_milvus,repo_metadata,statuses_url,1,100.0,0.0,0.0,str
milvus-io_milvus,repo_metadata,subscribers_count,1,100.0,0.0,0.0,int
milvus-io_milvus,repo_metadata,subscribers_url,1,100.0,0.0,0.0,str
milvus-io_milvus,repo_metadata,subscription_url,1,100.0,0.0,0.0,str
milvus-io_milvus,repo_metadata,svn_url,1,100.0,0.0,0.0,str
milvus-io_milvus,repo_metadata,tags_url,1,100.0,0.0,0.0,str
milvus-io_milvus,repo_metadata,teams_url,1,100.0,0.0,0.0,str
milvus-io_milvus,repo_metadata,temp_clone_token,1,100.0,0.0,100.0,str
milvus-io_milvus,repo_metadata,topics,1,100.0,0.0,0.0,list
milvus-io_milvus,repo_metadata,trees_url,1,100.0,0.0,0.0,str
milvus-io_milvus,repo_metadata,updated_at,1,100.0,0.0,0.0,str
milvus-io_milvus,repo_metadata,url,1,100.0,0.0,0.0,str
milvus-io_milvus,repo_metadata,visibility,1,100.0,0.0,0.0,str
milvus-io_milvus,repo_metadata,watchers,1,100.0,0.0,0.0,int
milvus-io_milvus,repo_metadata,watchers_count,1,100.0,0.0,0.0,int
milvus-io_milvus,repo_metadata,web_commit_signoff_required,1,100.0,0.0,0.0,bool
mongodb_mongo,commits,author,5839,0.02,100.0,0.0,NoneType
mongodb_mongo,commits,author.avatar_url,5839,99.98,0.0,0.0,str
mongodb_mongo,commits,author.events_url,5839,99.98,0.0,0.0,str
mongodb_mongo,commits,author.followers_url,5839,99.98,0.0,0.0,str
mongodb_mongo,commits,author.following_url,5839,99.98,0.0,0.0,str
mongodb_mongo,commits,author.gists_url,5839,99.98,0.0,0.0,str
mongodb_mongo,commits,author.gravatar_id,5839,99.98,0.0,100.0,str
mongodb_mongo,commits,author.html_url,5839,99.98,0.0,0.0,str
mongodb_mongo,commits,author.id,5839,99.98,0.0,0.0,int
mongodb_mongo,commits,author.login,5839,99.98,0.0,0.0,str
mongodb_mongo,commits,author.node_id,5839,99.98,0.0,0.0,str
mongodb_mongo,commits,author.organizations_url,5839,99.98,0.0,0.0,str
mongodb_mongo,commits,author.received_events_url,5839,99.98,0.0,0.0,str
mongodb_mongo,commits,author.repos_url,5839,99.98,0.0,0.0,str
mongodb_mongo,commits,author.site_admin,5839,99.98,0.0,0.0,bool
mongodb_mongo,commits,author.starred_url,5839,99.98,0.0,0.0,str
mongodb_mongo,commits,author.subscriptions_url,5839,99.98,0.0,0.0,str
mongodb_mongo,commits,author.type,5839,99.98,0.0,0.0,str
mongodb_mongo,commits,author.url,5839,99.98,0.0,0.0,str
mongodb_mongo,commits,author.user_view_type,5839,99.98,0.0,0.0,str
mongodb_mongo,commits,comments_url,5839,100.0,0.0,0.0,str
mongodb_mongo,commits,commit.author.date,5839,100.0,0.0,0.0,str
mongodb_mongo,commits,commit.author.email,5839,100.0,0.0,0.0,str
mongodb_mongo,commits,commit.author.name,5839,100.0,0.0,0.0,str
mongodb_mongo,commits,commit.comment_count,5839,100.0,0.0,0.0,int
mongodb_mongo,commits,commit.committer.date,5839,100.0,0.0,0.0,str
mongodb_mongo,commits,commit.committer.email,5839,100.0,0.0,0.0,str
mongodb_mongo,commits,commit.committer.name,5839,100.0,0.0,0.0,str
mongodb_mongo,commits,commit.message,5839,100.0,0.0,0.0,str
mongodb_mongo,commits,commit.tree.sha,5839,100.0,0.0,0.0,str
mongodb_mongo,commits,commit.tree.url,5839,100.0,0.0,0.0,str
mongodb_mongo,commits,commit.url,5839,100.0,0.0,0.0,str
mongodb_mongo,commits,commit.verification.payload,5839,100.0,100.0,0.0,NoneType
mongodb_mongo,commits,commit.verification.reason,5839,100.0,0.0,0.0,str
mongodb_mongo,commits,commit.verification.signature,5839,100.0,100.0,0.0,NoneType
mongodb_mongo,commits,commit.verification.verified,5839,100.0,0.0,0.0,bool
mongodb_mongo,commits,commit.verification.verified_at,5839,100.0,100.0,0.0,NoneType
mongodb_mongo,commits,committer,5839,100.0,100.0,0.0,NoneType
mongodb_mongo,commits,html_url,5839,100.0,0.0,0.0,str
mongodb_mongo,commits,node_id,5839,100.0,0.0,0.0,str
mongodb_mongo,commits,parents,5839,100.0,0.0,0.0,list
mongodb_mongo,commits,sha,5839,100.0,0.0,0.0,str
mongodb_mongo,commits,url,5839,100.0,0.0,0.0,str
mongodb_mongo,issues,active_lock_reason,218,100.0,100.0,0.0,NoneType
mongodb_mongo,issues,assignee,218,97.71,100.0,0.0,NoneType
mongodb_mongo,issues,assignee.avatar_url,218,2.29,0.0,0.0,str
mongodb_mongo,issues,assignee.events_url,218,2.29,0.0,0.0,str
mongodb_mongo,issues,assignee.followers_url,218,2.29,0.0,0.0,str
mongodb_mongo,issues,assignee.following_url,218,2.29,0.0,0.0,str
mongodb_mongo,issues,assignee.gists_url,218,2.29,0.0,0.0,str
mongodb_mongo,issues,assignee.gravatar_id,218,2.29,0.0,100.0,str
mongodb_mongo,issues,assignee.html_url,218,2.29,0.0,0.0,str
mongodb_mongo,issues,assignee.id,218,2.29,0.0,0.0,int
mongodb_mongo,issues,assignee.login,218,2.29,0.0,0.0,str
mongodb_mongo,issues,assignee.node_id,218,2.29,0.0,0.0,str
mongodb_mongo,issues,assignee.organizations_url,218,2.29,0.0,0.0,str
mongodb_mongo,issues,assignee.received_events_url,218,2.29,0.0,0.0,str
mongodb_mongo,issues,assignee.repos_url,218,2.29,0.0,0.0,str
mongodb_mongo,issues,assignee.site_admin,218,2.29,0.0,0.0,bool
mongodb_mongo,issues,assignee.starred_url,218,2.29,0.0,0.0,str
mongodb_mongo,issues,assignee.subscriptions_url,218,2.29,0.0,0.0,str
mongodb_mongo,issues,assignee.type,218,2.29,0.0,0.0,str
mongodb_mongo,issues,assignee.url,218,2.29,0.0,0.0,str
mongodb_mongo,issues,assignee.user_view_type,218,2.29,0.0,0.0,str
mongodb_mongo,issues,assignees,218,100.0,0.0,0.0,list
mongodb_mongo,issues,author_association,218,100.0,0.0,0.0,str
mongodb_mongo,issues,body,218,100.0,0.0,0.46,str
mongodb_mongo,issues,closed_at,218,100.0,15.6,0.0,NoneType|str
mongodb_mongo,issues,closed_by,218,15.6,100.0,0.0,NoneType
mongodb_mongo,issues,closed_by.avatar_url,218,84.4,0.0,0.0,str
mongodb_mongo,issues,closed_by.events_url,218,84.4,0.0,0.0,str
mongodb_mongo,issues,closed_by.followers_url,218,84.4,0.0,0.0,str
mongodb_mongo,issues,closed_by.following_url,218,84.4,0.0,0.0,str
mongodb_mongo,issues,closed_by.gists_url,218,84.4,0.0,0.0,str
mongodb_mongo,issues,closed_by.gravatar_id,218,84.4,0.0,100.0,str
mongodb_mongo,issues,closed_by.html_url,218,84.4,0.0,0.0,str
mongodb_mongo,issues,closed_by.id,218,84.4,0.0,0.0,int
mongodb_mongo,issues,closed_by.login,218,84.4,0.0,0.0,str
mongodb_mongo,issues,closed_by.node_id,218,84.4,0.0,0.0,str
mongodb_mongo,issues,closed_by.organizations_url,218,84.4,0.0,0.0,str
mongodb_mongo,issues,closed_by.received_events_url,218,84.4,0.0,0.0,str
mongodb_mongo,issues,closed_by.repos_url,218,84.4,0.0,0.0,str
mongodb_mongo,issues,closed_by.site_admin,218,84.4,0.0,0.0,bool
mongodb_mongo,issues,closed_by.starred_url,218,84.4,0.0,0.0,str
mongodb_mongo,issues,closed_by.subscriptions_url,218,84.4,0.0,0.0,str
mongodb_mongo,issues,closed_by.type,218,84.4,0.0,0.0,str
mongodb_mongo,issues,closed_by.url,218,84.4,0.0,0.0,str
mongodb_mongo,issues,closed_by.user_view_type,218,84.4,0.0,0.0,str
mongodb_mongo,issues,comments,218,100.0,0.0,0.0,int
mongodb_mongo,issues,comments_url,218,100.0,0.0,0.0,str
mongodb_mongo,issues,created_at,218,100.0,0.0,0.0,str
mongodb_mongo,issues,draft,218,100.0,0.0,0.0,bool
mongodb_mongo,issues,events_url,218,100.0,0.0,0.0,str
mongodb_mongo,issues,html_url,218,100.0,0.0,0.0,str
mongodb_mongo,issues,id,218,100.0,0.0,0.0,int
mongodb_mongo,issues,issue_field_values,218,100.0,0.0,0.0,list
mongodb_mongo,issues,labels,218,100.0,0.0,0.0,list
mongodb_mongo,issues,labels_url,218,100.0,0.0,0.0,str
mongodb_mongo,issues,locked,218,100.0,0.0,0.0,bool
mongodb_mongo,issues,milestone,218,100.0,100.0,0.0,NoneType
mongodb_mongo,issues,node_id,218,100.0,0.0,0.0,str
mongodb_mongo,issues,number,218,100.0,0.0,0.0,int
mongodb_mongo,issues,performed_via_github_app,218,100.0,100.0,0.0,NoneType
mongodb_mongo,issues,pull_request.diff_url,218,100.0,0.0,0.0,str
mongodb_mongo,issues,pull_request.html_url,218,100.0,0.0,0.0,str
mongodb_mongo,issues,pull_request.merged_at,218,100.0,100.0,0.0,NoneType
mongodb_mongo,issues,pull_request.patch_url,218,100.0,0.0,0.0,str
mongodb_mongo,issues,pull_request.url,218,100.0,0.0,0.0,str
mongodb_mongo,issues,reactions.+1,218,100.0,0.0,0.0,int
mongodb_mongo,issues,reactions.-1,218,100.0,0.0,0.0,int
mongodb_mongo,issues,reactions.confused,218,100.0,0.0,0.0,int
mongodb_mongo,issues,reactions.eyes,218,100.0,0.0,0.0,int
mongodb_mongo,issues,reactions.heart,218,100.0,0.0,0.0,int
mongodb_mongo,issues,reactions.hooray,218,100.0,0.0,0.0,int
mongodb_mongo,issues,reactions.laugh,218,100.0,0.0,0.0,int
mongodb_mongo,issues,reactions.rocket,218,100.0,0.0,0.0,int
mongodb_mongo,issues,reactions.total_count,218,100.0,0.0,0.0,int
mongodb_mongo,issues,reactions.url,218,100.0,0.0,0.0,str
mongodb_mongo,issues,repository_url,218,100.0,0.0,0.0,str
mongodb_mongo,issues,state,218,100.0,0.0,0.0,str
mongodb_mongo,issues,state_reason,218,100.0,100.0,0.0,NoneType
mongodb_mongo,issues,timeline_url,218,100.0,0.0,0.0,str
mongodb_mongo,issues,title,218,100.0,0.0,0.0,str
mongodb_mongo,issues,type,218,100.0,100.0,0.0,NoneType
mongodb_mongo,issues,updated_at,218,100.0,0.0,0.0,str
mongodb_mongo,issues,url,218,100.0,0.0,0.0,str
mongodb_mongo,issues,user.avatar_url,218,100.0,0.0,0.0,str
mongodb_mongo,issues,user.events_url,218,100.0,0.0,0.0,str
mongodb_mongo,issues,user.followers_url,218,100.0,0.0,0.0,str
mongodb_mongo,issues,user.following_url,218,100.0,0.0,0.0,str
mongodb_mongo,issues,user.gists_url,218,100.0,0.0,0.0,str
mongodb_mongo,issues,user.gravatar_id,218,100.0,0.0,100.0,str
mongodb_mongo,issues,user.html_url,218,100.0,0.0,0.0,str
mongodb_mongo,issues,user.id,218,100.0,0.0,0.0,int
mongodb_mongo,issues,user.login,218,100.0,0.0,0.0,str
mongodb_mongo,issues,user.node_id,218,100.0,0.0,0.0,str
mongodb_mongo,issues,user.organizations_url,218,100.0,0.0,0.0,str
mongodb_mongo,issues,user.received_events_url,218,100.0,0.0,0.0,str
mongodb_mongo,issues,user.repos_url,218,100.0,0.0,0.0,str
mongodb_mongo,issues,user.site_admin,218,100.0,0.0,0.0,bool
mongodb_mongo,issues,user.starred_url,218,100.0,0.0,0.0,str
mongodb_mongo,issues,user.subscriptions_url,218,100.0,0.0,0.0,str
mongodb_mongo,issues,user.type,218,100.0,0.0,0.0,str
mongodb_mongo,issues,user.url,218,100.0,0.0,0.0,str
mongodb_mongo,issues,user.user_view_type,218,100.0,0.0,0.0,str
mongodb_mongo,pulls,_links.comments.href,189,100.0,0.0,0.0,str
mongodb_mongo,pulls,_links.commits.href,189,100.0,0.0,0.0,str
mongodb_mongo,pulls,_links.html.href,189,100.0,0.0,0.0,str
mongodb_mongo,pulls,_links.issue.href,189,100.0,0.0,0.0,str
mongodb_mongo,pulls,_links.review_comment.href,189,100.0,0.0,0.0,str
mongodb_mongo,pulls,_links.review_comments.href,189,100.0,0.0,0.0,str
mongodb_mongo,pulls,_links.self.href,189,100.0,0.0,0.0,str
mongodb_mongo,pulls,_links.statuses.href,189,100.0,0.0,0.0,str
mongodb_mongo,pulls,active_lock_reason,189,100.0,100.0,0.0,NoneType
mongodb_mongo,pulls,assignee,189,98.94,100.0,0.0,NoneType
mongodb_mongo,pulls,assignee.avatar_url,189,1.06,0.0,0.0,str
mongodb_mongo,pulls,assignee.events_url,189,1.06,0.0,0.0,str
mongodb_mongo,pulls,assignee.followers_url,189,1.06,0.0,0.0,str
mongodb_mongo,pulls,assignee.following_url,189,1.06,0.0,0.0,str
mongodb_mongo,pulls,assignee.gists_url,189,1.06,0.0,0.0,str
mongodb_mongo,pulls,assignee.gravatar_id,189,1.06,0.0,100.0,str
mongodb_mongo,pulls,assignee.html_url,189,1.06,0.0,0.0,str
mongodb_mongo,pulls,assignee.id,189,1.06,0.0,0.0,int
mongodb_mongo,pulls,assignee.login,189,1.06,0.0,0.0,str
mongodb_mongo,pulls,assignee.node_id,189,1.06,0.0,0.0,str
mongodb_mongo,pulls,assignee.organizations_url,189,1.06,0.0,0.0,str
mongodb_mongo,pulls,assignee.received_events_url,189,1.06,0.0,0.0,str
mongodb_mongo,pulls,assignee.repos_url,189,1.06,0.0,0.0,str
mongodb_mongo,pulls,assignee.site_admin,189,1.06,0.0,0.0,bool
mongodb_mongo,pulls,assignee.starred_url,189,1.06,0.0,0.0,str
mongodb_mongo,pulls,assignee.subscriptions_url,189,1.06,0.0,0.0,str
mongodb_mongo,pulls,assignee.type,189,1.06,0.0,0.0,str
mongodb_mongo,pulls,assignee.url,189,1.06,0.0,0.0,str
mongodb_mongo,pulls,assignee.user_view_type,189,1.06,0.0,0.0,str
mongodb_mongo,pulls,assignees,189,100.0,0.0,0.0,list
mongodb_mongo,pulls,author_association,189,100.0,0.0,0.0,str
mongodb_mongo,pulls,auto_merge,189,100.0,100.0,0.0,NoneType
mongodb_mongo,pulls,base.label,189,100.0,0.0,0.0,str
mongodb_mongo,pulls,base.ref,189,100.0,0.0,0.0,str
mongodb_mongo,pulls,base.repo.allow_forking,189,100.0,0.0,0.0,bool
mongodb_mongo,pulls,base.repo.archive_url,189,100.0,0.0,0.0,str
mongodb_mongo,pulls,base.repo.archived,189,100.0,0.0,0.0,bool
mongodb_mongo,pulls,base.repo.assignees_url,189,100.0,0.0,0.0,str
mongodb_mongo,pulls,base.repo.blobs_url,189,100.0,0.0,0.0,str
mongodb_mongo,pulls,base.repo.branches_url,189,100.0,0.0,0.0,str
mongodb_mongo,pulls,base.repo.clone_url,189,100.0,0.0,0.0,str
mongodb_mongo,pulls,base.repo.collaborators_url,189,100.0,0.0,0.0,str
mongodb_mongo,pulls,base.repo.comments_url,189,100.0,0.0,0.0,str
mongodb_mongo,pulls,base.repo.commits_url,189,100.0,0.0,0.0,str
mongodb_mongo,pulls,base.repo.compare_url,189,100.0,0.0,0.0,str
mongodb_mongo,pulls,base.repo.contents_url,189,100.0,0.0,0.0,str
mongodb_mongo,pulls,base.repo.contributors_url,189,100.0,0.0,0.0,str
mongodb_mongo,pulls,base.repo.created_at,189,100.0,0.0,0.0,str
mongodb_mongo,pulls,base.repo.default_branch,189,100.0,0.0,0.0,str
mongodb_mongo,pulls,base.repo.deployments_url,189,100.0,0.0,0.0,str
mongodb_mongo,pulls,base.repo.description,189,100.0,0.0,0.0,str
mongodb_mongo,pulls,base.repo.disabled,189,100.0,0.0,0.0,bool
mongodb_mongo,pulls,base.repo.downloads_url,189,100.0,0.0,0.0,str
mongodb_mongo,pulls,base.repo.events_url,189,100.0,0.0,0.0,str
mongodb_mongo,pulls,base.repo.fork,189,100.0,0.0,0.0,bool
mongodb_mongo,pulls,base.repo.forks,189,100.0,0.0,0.0,int
mongodb_mongo,pulls,base.repo.forks_count,189,100.0,0.0,0.0,int
mongodb_mongo,pulls,base.repo.forks_url,189,100.0,0.0,0.0,str
mongodb_mongo,pulls,base.repo.full_name,189,100.0,0.0,0.0,str
mongodb_mongo,pulls,base.repo.git_commits_url,189,100.0,0.0,0.0,str
mongodb_mongo,pulls,base.repo.git_refs_url,189,100.0,0.0,0.0,str
mongodb_mongo,pulls,base.repo.git_tags_url,189,100.0,0.0,0.0,str
mongodb_mongo,pulls,base.repo.git_url,189,100.0,0.0,0.0,str
mongodb_mongo,pulls,base.repo.has_discussions,189,100.0,0.0,0.0,bool
mongodb_mongo,pulls,base.repo.has_downloads,189,100.0,0.0,0.0,bool
mongodb_mongo,pulls,base.repo.has_issues,189,100.0,0.0,0.0,bool
mongodb_mongo,pulls,base.repo.has_pages,189,100.0,0.0,0.0,bool
mongodb_mongo,pulls,base.repo.has_projects,189,100.0,0.0,0.0,bool
mongodb_mongo,pulls,base.repo.has_pull_requests,189,100.0,0.0,0.0,bool
mongodb_mongo,pulls,base.repo.has_wiki,189,100.0,0.0,0.0,bool
mongodb_mongo,pulls,base.repo.homepage,189,100.0,0.0,0.0,str
mongodb_mongo,pulls,base.repo.hooks_url,189,100.0,0.0,0.0,str
mongodb_mongo,pulls,base.repo.html_url,189,100.0,0.0,0.0,str
mongodb_mongo,pulls,base.repo.id,189,100.0,0.0,0.0,int
mongodb_mongo,pulls,base.repo.is_template,189,100.0,0.0,0.0,bool
mongodb_mongo,pulls,base.repo.issue_comment_url,189,100.0,0.0,0.0,str
mongodb_mongo,pulls,base.repo.issue_events_url,189,100.0,0.0,0.0,str
mongodb_mongo,pulls,base.repo.issues_url,189,100.0,0.0,0.0,str
mongodb_mongo,pulls,base.repo.keys_url,189,100.0,0.0,0.0,str
mongodb_mongo,pulls,base.repo.labels_url,189,100.0,0.0,0.0,str
mongodb_mongo,pulls,base.repo.language,189,100.0,0.0,0.0,str
mongodb_mongo,pulls,base.repo.languages_url,189,100.0,0.0,0.0,str
mongodb_mongo,pulls,base.repo.license.key,189,100.0,0.0,0.0,str
mongodb_mongo,pulls,base.repo.license.name,189,100.0,0.0,0.0,str
mongodb_mongo,pulls,base.repo.license.node_id,189,100.0,0.0,0.0,str
mongodb_mongo,pulls,base.repo.license.spdx_id,189,100.0,0.0,0.0,str
mongodb_mongo,pulls,base.repo.license.url,189,100.0,100.0,0.0,NoneType
mongodb_mongo,pulls,base.repo.merges_url,189,100.0,0.0,0.0,str
mongodb_mongo,pulls,base.repo.milestones_url,189,100.0,0.0,0.0,str
mongodb_mongo,pulls,base.repo.mirror_url,189,100.0,100.0,0.0,NoneType
mongodb_mongo,pulls,base.repo.name,189,100.0,0.0,0.0,str
mongodb_mongo,pulls,base.repo.node_id,189,100.0,0.0,0.0,str
mongodb_mongo,pulls,base.repo.notifications_url,189,100.0,0.0,0.0,str
mongodb_mongo,pulls,base.repo.open_issues,189,100.0,0.0,0.0,int
mongodb_mongo,pulls,base.repo.open_issues_count,189,100.0,0.0,0.0,int
mongodb_mongo,pulls,base.repo.owner.avatar_url,189,100.0,0.0,0.0,str
mongodb_mongo,pulls,base.repo.owner.events_url,189,100.0,0.0,0.0,str
mongodb_mongo,pulls,base.repo.owner.followers_url,189,100.0,0.0,0.0,str
mongodb_mongo,pulls,base.repo.owner.following_url,189,100.0,0.0,0.0,str
mongodb_mongo,pulls,base.repo.owner.gists_url,189,100.0,0.0,0.0,str
mongodb_mongo,pulls,base.repo.owner.gravatar_id,189,100.0,0.0,100.0,str
mongodb_mongo,pulls,base.repo.owner.html_url,189,100.0,0.0,0.0,str
mongodb_mongo,pulls,base.repo.owner.id,189,100.0,0.0,0.0,int
mongodb_mongo,pulls,base.repo.owner.login,189,100.0,0.0,0.0,str
mongodb_mongo,pulls,base.repo.owner.node_id,189,100.0,0.0,0.0,str
mongodb_mongo,pulls,base.repo.owner.organizations_url,189,100.0,0.0,0.0,str
mongodb_mongo,pulls,base.repo.owner.received_events_url,189,100.0,0.0,0.0,str
mongodb_mongo,pulls,base.repo.owner.repos_url,189,100.0,0.0,0.0,str
mongodb_mongo,pulls,base.repo.owner.site_admin,189,100.0,0.0,0.0,bool
mongodb_mongo,pulls,base.repo.owner.starred_url,189,100.0,0.0,0.0,str
mongodb_mongo,pulls,base.repo.owner.subscriptions_url,189,100.0,0.0,0.0,str
mongodb_mongo,pulls,base.repo.owner.type,189,100.0,0.0,0.0,str
mongodb_mongo,pulls,base.repo.owner.url,189,100.0,0.0,0.0,str
mongodb_mongo,pulls,base.repo.owner.user_view_type,189,100.0,0.0,0.0,str
mongodb_mongo,pulls,base.repo.private,189,100.0,0.0,0.0,bool
mongodb_mongo,pulls,base.repo.pull_request_creation_policy,189,100.0,0.0,0.0,str
mongodb_mongo,pulls,base.repo.pulls_url,189,100.0,0.0,0.0,str
mongodb_mongo,pulls,base.repo.pushed_at,189,100.0,0.0,0.0,str
mongodb_mongo,pulls,base.repo.releases_url,189,100.0,0.0,0.0,str
mongodb_mongo,pulls,base.repo.size,189,100.0,0.0,0.0,int
mongodb_mongo,pulls,base.repo.ssh_url,189,100.0,0.0,0.0,str
mongodb_mongo,pulls,base.repo.stargazers_count,189,100.0,0.0,0.0,int
mongodb_mongo,pulls,base.repo.stargazers_url,189,100.0,0.0,0.0,str
mongodb_mongo,pulls,base.repo.statuses_url,189,100.0,0.0,0.0,str
mongodb_mongo,pulls,base.repo.subscribers_url,189,100.0,0.0,0.0,str
mongodb_mongo,pulls,base.repo.subscription_url,189,100.0,0.0,0.0,str
mongodb_mongo,pulls,base.repo.svn_url,189,100.0,0.0,0.0,str
mongodb_mongo,pulls,base.repo.tags_url,189,100.0,0.0,0.0,str
mongodb_mongo,pulls,base.repo.teams_url,189,100.0,0.0,0.0,str
mongodb_mongo,pulls,base.repo.topics,189,100.0,0.0,0.0,list
mongodb_mongo,pulls,base.repo.trees_url,189,100.0,0.0,0.0,str
mongodb_mongo,pulls,base.repo.updated_at,189,100.0,0.0,0.0,str
mongodb_mongo,pulls,base.repo.url,189,100.0,0.0,0.0,str
mongodb_mongo,pulls,base.repo.visibility,189,100.0,0.0,0.0,str
mongodb_mongo,pulls,base.repo.watchers,189,100.0,0.0,0.0,int
mongodb_mongo,pulls,base.repo.watchers_count,189,100.0,0.0,0.0,int
mongodb_mongo,pulls,base.repo.web_commit_signoff_required,189,100.0,0.0,0.0,bool
mongodb_mongo,pulls,base.sha,189,100.0,0.0,0.0,str
mongodb_mongo,pulls,base.user.avatar_url,189,100.0,0.0,0.0,str
mongodb_mongo,pulls,base.user.events_url,189,100.0,0.0,0.0,str
mongodb_mongo,pulls,base.user.followers_url,189,100.0,0.0,0.0,str
mongodb_mongo,pulls,base.user.following_url,189,100.0,0.0,0.0,str
mongodb_mongo,pulls,base.user.gists_url,189,100.0,0.0,0.0,str
mongodb_mongo,pulls,base.user.gravatar_id,189,100.0,0.0,100.0,str
mongodb_mongo,pulls,base.user.html_url,189,100.0,0.0,0.0,str
mongodb_mongo,pulls,base.user.id,189,100.0,0.0,0.0,int
mongodb_mongo,pulls,base.user.login,189,100.0,0.0,0.0,str
mongodb_mongo,pulls,base.user.node_id,189,100.0,0.0,0.0,str
mongodb_mongo,pulls,base.user.organizations_url,189,100.0,0.0,0.0,str
mongodb_mongo,pulls,base.user.received_events_url,189,100.0,0.0,0.0,str
mongodb_mongo,pulls,base.user.repos_url,189,100.0,0.0,0.0,str
mongodb_mongo,pulls,base.user.site_admin,189,100.0,0.0,0.0,bool
mongodb_mongo,pulls,base.user.starred_url,189,100.0,0.0,0.0,str
mongodb_mongo,pulls,base.user.subscriptions_url,189,100.0,0.0,0.0,str
mongodb_mongo,pulls,base.user.type,189,100.0,0.0,0.0,str
mongodb_mongo,pulls,base.user.url,189,100.0,0.0,0.0,str
mongodb_mongo,pulls,base.user.user_view_type,189,100.0,0.0,0.0,str
mongodb_mongo,pulls,body,189,100.0,0.0,0.0,str
mongodb_mongo,pulls,closed_at,189,100.0,6.88,0.0,NoneType|str
mongodb_mongo,pulls,comments_url,189,100.0,0.0,0.0,str
mongodb_mongo,pulls,commits_url,189,100.0,0.0,0.0,str
mongodb_mongo,pulls,created_at,189,100.0,0.0,0.0,str
mongodb_mongo,pulls,diff_url,189,100.0,0.0,0.0,str
mongodb_mongo,pulls,draft,189,100.0,0.0,0.0,bool
mongodb_mongo,pulls,head.label,189,100.0,0.0,0.0,str
mongodb_mongo,pulls,head.ref,189,100.0,0.0,0.0,str
mongodb_mongo,pulls,head.repo,189,92.59,100.0,0.0,NoneType
mongodb_mongo,pulls,head.repo.allow_forking,189,7.41,0.0,0.0,bool
mongodb_mongo,pulls,head.repo.archive_url,189,7.41,0.0,0.0,str
mongodb_mongo,pulls,head.repo.archived,189,7.41,0.0,0.0,bool
mongodb_mongo,pulls,head.repo.assignees_url,189,7.41,0.0,0.0,str
mongodb_mongo,pulls,head.repo.blobs_url,189,7.41,0.0,0.0,str
mongodb_mongo,pulls,head.repo.branches_url,189,7.41,0.0,0.0,str
mongodb_mongo,pulls,head.repo.clone_url,189,7.41,0.0,0.0,str
mongodb_mongo,pulls,head.repo.collaborators_url,189,7.41,0.0,0.0,str
mongodb_mongo,pulls,head.repo.comments_url,189,7.41,0.0,0.0,str
mongodb_mongo,pulls,head.repo.commits_url,189,7.41,0.0,0.0,str
mongodb_mongo,pulls,head.repo.compare_url,189,7.41,0.0,0.0,str
mongodb_mongo,pulls,head.repo.contents_url,189,7.41,0.0,0.0,str
mongodb_mongo,pulls,head.repo.contributors_url,189,7.41,0.0,0.0,str
mongodb_mongo,pulls,head.repo.created_at,189,7.41,0.0,0.0,str
mongodb_mongo,pulls,head.repo.default_branch,189,7.41,0.0,0.0,str
mongodb_mongo,pulls,head.repo.deployments_url,189,7.41,0.0,0.0,str
mongodb_mongo,pulls,head.repo.description,189,7.41,0.0,0.0,str
mongodb_mongo,pulls,head.repo.disabled,189,7.41,0.0,0.0,bool
mongodb_mongo,pulls,head.repo.downloads_url,189,7.41,0.0,0.0,str
mongodb_mongo,pulls,head.repo.events_url,189,7.41,0.0,0.0,str
mongodb_mongo,pulls,head.repo.fork,189,7.41,0.0,0.0,bool
mongodb_mongo,pulls,head.repo.forks,189,7.41,0.0,0.0,int
mongodb_mongo,pulls,head.repo.forks_count,189,7.41,0.0,0.0,int
mongodb_mongo,pulls,head.repo.forks_url,189,7.41,0.0,0.0,str
mongodb_mongo,pulls,head.repo.full_name,189,7.41,0.0,0.0,str
mongodb_mongo,pulls,head.repo.git_commits_url,189,7.41,0.0,0.0,str
mongodb_mongo,pulls,head.repo.git_refs_url,189,7.41,0.0,0.0,str
mongodb_mongo,pulls,head.repo.git_tags_url,189,7.41,0.0,0.0,str
mongodb_mongo,pulls,head.repo.git_url,189,7.41,0.0,0.0,str
mongodb_mongo,pulls,head.repo.has_discussions,189,7.41,0.0,0.0,bool
mongodb_mongo,pulls,head.repo.has_downloads,189,7.41,0.0,0.0,bool
mongodb_mongo,pulls,head.repo.has_issues,189,7.41,0.0,0.0,bool
mongodb_mongo,pulls,head.repo.has_pages,189,7.41,0.0,0.0,bool
mongodb_mongo,pulls,head.repo.has_projects,189,7.41,0.0,0.0,bool
mongodb_mongo,pulls,head.repo.has_pull_requests,189,7.41,0.0,0.0,bool
mongodb_mongo,pulls,head.repo.has_wiki,189,7.41,0.0,0.0,bool
mongodb_mongo,pulls,head.repo.homepage,189,7.41,0.0,0.0,str
mongodb_mongo,pulls,head.repo.hooks_url,189,7.41,0.0,0.0,str
mongodb_mongo,pulls,head.repo.html_url,189,7.41,0.0,0.0,str
mongodb_mongo,pulls,head.repo.id,189,7.41,0.0,0.0,int
mongodb_mongo,pulls,head.repo.is_template,189,7.41,0.0,0.0,bool
mongodb_mongo,pulls,head.repo.issue_comment_url,189,7.41,0.0,0.0,str
mongodb_mongo,pulls,head.repo.issue_events_url,189,7.41,0.0,0.0,str
mongodb_mongo,pulls,head.repo.issues_url,189,7.41,0.0,0.0,str
mongodb_mongo,pulls,head.repo.keys_url,189,7.41,0.0,0.0,str
mongodb_mongo,pulls,head.repo.labels_url,189,7.41,0.0,0.0,str
mongodb_mongo,pulls,head.repo.language,189,7.41,50.0,0.0,NoneType|str
mongodb_mongo,pulls,head.repo.languages_url,189,7.41,0.0,0.0,str
mongodb_mongo,pulls,head.repo.license.key,189,7.41,0.0,0.0,str
mongodb_mongo,pulls,head.repo.license.name,189,7.41,0.0,0.0,str
mongodb_mongo,pulls,head.repo.license.node_id,189,7.41,0.0,0.0,str
mongodb_mongo,pulls,head.repo.license.spdx_id,189,7.41,0.0,0.0,str
mongodb_mongo,pulls,head.repo.license.url,189,7.41,100.0,0.0,NoneType
mongodb_mongo,pulls,head.repo.merges_url,189,7.41,0.0,0.0,str
mongodb_mongo,pulls,head.repo.milestones_url,189,7.41,0.0,0.0,str
mongodb_mongo,pulls,head.repo.mirror_url,189,7.41,100.0,0.0,NoneType
mongodb_mongo,pulls,head.repo.name,189,7.41,0.0,0.0,str
mongodb_mongo,pulls,head.repo.node_id,189,7.41,0.0,0.0,str
mongodb_mongo,pulls,head.repo.notifications_url,189,7.41,0.0,0.0,str
mongodb_mongo,pulls,head.repo.open_issues,189,7.41,0.0,0.0,int
mongodb_mongo,pulls,head.repo.open_issues_count,189,7.41,0.0,0.0,int
mongodb_mongo,pulls,head.repo.owner.avatar_url,189,7.41,0.0,0.0,str
mongodb_mongo,pulls,head.repo.owner.events_url,189,7.41,0.0,0.0,str
mongodb_mongo,pulls,head.repo.owner.followers_url,189,7.41,0.0,0.0,str
mongodb_mongo,pulls,head.repo.owner.following_url,189,7.41,0.0,0.0,str
mongodb_mongo,pulls,head.repo.owner.gists_url,189,7.41,0.0,0.0,str
mongodb_mongo,pulls,head.repo.owner.gravatar_id,189,7.41,0.0,100.0,str
mongodb_mongo,pulls,head.repo.owner.html_url,189,7.41,0.0,0.0,str
mongodb_mongo,pulls,head.repo.owner.id,189,7.41,0.0,0.0,int
mongodb_mongo,pulls,head.repo.owner.login,189,7.41,0.0,0.0,str
mongodb_mongo,pulls,head.repo.owner.node_id,189,7.41,0.0,0.0,str
mongodb_mongo,pulls,head.repo.owner.organizations_url,189,7.41,0.0,0.0,str
mongodb_mongo,pulls,head.repo.owner.received_events_url,189,7.41,0.0,0.0,str
mongodb_mongo,pulls,head.repo.owner.repos_url,189,7.41,0.0,0.0,str
mongodb_mongo,pulls,head.repo.owner.site_admin,189,7.41,0.0,0.0,bool
mongodb_mongo,pulls,head.repo.owner.starred_url,189,7.41,0.0,0.0,str
mongodb_mongo,pulls,head.repo.owner.subscriptions_url,189,7.41,0.0,0.0,str
mongodb_mongo,pulls,head.repo.owner.type,189,7.41,0.0,0.0,str
mongodb_mongo,pulls,head.repo.owner.url,189,7.41,0.0,0.0,str
mongodb_mongo,pulls,head.repo.owner.user_view_type,189,7.41,0.0,0.0,str
mongodb_mongo,pulls,head.repo.private,189,7.41,0.0,0.0,bool
mongodb_mongo,pulls,head.repo.pull_request_creation_policy,189,7.41,0.0,0.0,str
mongodb_mongo,pulls,head.repo.pulls_url,189,7.41,0.0,0.0,str
mongodb_mongo,pulls,head.repo.pushed_at,189,7.41,0.0,0.0,str
mongodb_mongo,pulls,head.repo.releases_url,189,7.41,0.0,0.0,str
mongodb_mongo,pulls,head.repo.size,189,7.41,0.0,0.0,int
mongodb_mongo,pulls,head.repo.ssh_url,189,7.41,0.0,0.0,str
mongodb_mongo,pulls,head.repo.stargazers_count,189,7.41,0.0,0.0,int
mongodb_mongo,pulls,head.repo.stargazers_url,189,7.41,0.0,0.0,str
mongodb_mongo,pulls,head.repo.statuses_url,189,7.41,0.0,0.0,str
mongodb_mongo,pulls,head.repo.subscribers_url,189,7.41,0.0,0.0,str
mongodb_mongo,pulls,head.repo.subscription_url,189,7.41,0.0,0.0,str
mongodb_mongo,pulls,head.repo.svn_url,189,7.41,0.0,0.0,str
mongodb_mongo,pulls,head.repo.tags_url,189,7.41,0.0,0.0,str
mongodb_mongo,pulls,head.repo.teams_url,189,7.41,0.0,0.0,str
mongodb_mongo,pulls,head.repo.topics,189,7.41,0.0,0.0,list
mongodb_mongo,pulls,head.repo.trees_url,189,7.41,0.0,0.0,str
mongodb_mongo,pulls,head.repo.updated_at,189,7.41,0.0,0.0,str
mongodb_mongo,pulls,head.repo.url,189,7.41,0.0,0.0,str
mongodb_mongo,pulls,head.repo.visibility,189,7.41,0.0,0.0,str
mongodb_mongo,pulls,head.repo.watchers,189,7.41,0.0,0.0,int
mongodb_mongo,pulls,head.repo.watchers_count,189,7.41,0.0,0.0,int
mongodb_mongo,pulls,head.repo.web_commit_signoff_required,189,7.41,0.0,0.0,bool
mongodb_mongo,pulls,head.sha,189,100.0,0.0,0.0,str
mongodb_mongo,pulls,head.user.avatar_url,189,100.0,0.0,0.0,str
mongodb_mongo,pulls,head.user.events_url,189,100.0,0.0,0.0,str
mongodb_mongo,pulls,head.user.followers_url,189,100.0,0.0,0.0,str
mongodb_mongo,pulls,head.user.following_url,189,100.0,0.0,0.0,str
mongodb_mongo,pulls,head.user.gists_url,189,100.0,0.0,0.0,str
mongodb_mongo,pulls,head.user.gravatar_id,189,100.0,0.0,100.0,str
mongodb_mongo,pulls,head.user.html_url,189,100.0,0.0,0.0,str
mongodb_mongo,pulls,head.user.id,189,100.0,0.0,0.0,int
mongodb_mongo,pulls,head.user.login,189,100.0,0.0,0.0,str
mongodb_mongo,pulls,head.user.node_id,189,100.0,0.0,0.0,str
mongodb_mongo,pulls,head.user.organizations_url,189,100.0,0.0,0.0,str
mongodb_mongo,pulls,head.user.received_events_url,189,100.0,0.0,0.0,str
mongodb_mongo,pulls,head.user.repos_url,189,100.0,0.0,0.0,str
mongodb_mongo,pulls,head.user.site_admin,189,100.0,0.0,0.0,bool
mongodb_mongo,pulls,head.user.starred_url,189,100.0,0.0,0.0,str
mongodb_mongo,pulls,head.user.subscriptions_url,189,100.0,0.0,0.0,str
mongodb_mongo,pulls,head.user.type,189,100.0,0.0,0.0,str
mongodb_mongo,pulls,head.user.url,189,100.0,0.0,0.0,str
mongodb_mongo,pulls,head.user.user_view_type,189,100.0,0.0,0.0,str
mongodb_mongo,pulls,html_url,189,100.0,0.0,0.0,str
mongodb_mongo,pulls,id,189,100.0,0.0,0.0,int
mongodb_mongo,pulls,issue_url,189,100.0,0.0,0.0,str
mongodb_mongo,pulls,labels,189,100.0,0.0,0.0,list
mongodb_mongo,pulls,locked,189,100.0,0.0,0.0,bool
mongodb_mongo,pulls,merge_commit_sha,189,100.0,2.12,0.0,NoneType|str
mongodb_mongo,pulls,merged_at,189,100.0,100.0,0.0,NoneType
mongodb_mongo,pulls,milestone,189,100.0,100.0,0.0,NoneType
mongodb_mongo,pulls,node_id,189,100.0,0.0,0.0,str
mongodb_mongo,pulls,number,189,100.0,0.0,0.0,int
mongodb_mongo,pulls,patch_url,189,100.0,0.0,0.0,str
mongodb_mongo,pulls,requested_reviewers,189,100.0,0.0,0.0,list
mongodb_mongo,pulls,requested_teams,189,100.0,0.0,0.0,list
mongodb_mongo,pulls,review_comment_url,189,100.0,0.0,0.0,str
mongodb_mongo,pulls,review_comments_url,189,100.0,0.0,0.0,str
mongodb_mongo,pulls,state,189,100.0,0.0,0.0,str
mongodb_mongo,pulls,statuses_url,189,100.0,0.0,0.0,str
mongodb_mongo,pulls,title,189,100.0,0.0,0.0,str
mongodb_mongo,pulls,updated_at,189,100.0,0.0,0.0,str
mongodb_mongo,pulls,url,189,100.0,0.0,0.0,str
mongodb_mongo,pulls,user.avatar_url,189,100.0,0.0,0.0,str
mongodb_mongo,pulls,user.events_url,189,100.0,0.0,0.0,str
mongodb_mongo,pulls,user.followers_url,189,100.0,0.0,0.0,str
mongodb_mongo,pulls,user.following_url,189,100.0,0.0,0.0,str
mongodb_mongo,pulls,user.gists_url,189,100.0,0.0,0.0,str
mongodb_mongo,pulls,user.gravatar_id,189,100.0,0.0,100.0,str
mongodb_mongo,pulls,user.html_url,189,100.0,0.0,0.0,str
mongodb_mongo,pulls,user.id,189,100.0,0.0,0.0,int
mongodb_mongo,pulls,user.login,189,100.0,0.0,0.0,str
mongodb_mongo,pulls,user.node_id,189,100.0,0.0,0.0,str
mongodb_mongo,pulls,user.organizations_url,189,100.0,0.0,0.0,str
mongodb_mongo,pulls,user.received_events_url,189,100.0,0.0,0.0,str
mongodb_mongo,pulls,user.repos_url,189,100.0,0.0,0.0,str
mongodb_mongo,pulls,user.site_admin,189,100.0,0.0,0.0,bool
mongodb_mongo,pulls,user.starred_url,189,100.0,0.0,0.0,str
mongodb_mongo,pulls,user.subscriptions_url,189,100.0,0.0,0.0,str
mongodb_mongo,pulls,user.type,189,100.0,0.0,0.0,str
mongodb_mongo,pulls,user.url,189,100.0,0.0,0.0,str
mongodb_mongo,pulls,user.user_view_type,189,100.0,0.0,0.0,str
mongodb_mongo,repo_metadata,allow_forking,1,100.0,0.0,0.0,bool
mongodb_mongo,repo_metadata,archive_url,1,100.0,0.0,0.0,str
mongodb_mongo,repo_metadata,archived,1,100.0,0.0,0.0,bool
mongodb_mongo,repo_metadata,assignees_url,1,100.0,0.0,0.0,str
mongodb_mongo,repo_metadata,blobs_url,1,100.0,0.0,0.0,str
mongodb_mongo,repo_metadata,branches_url,1,100.0,0.0,0.0,str
mongodb_mongo,repo_metadata,clone_url,1,100.0,0.0,0.0,str
mongodb_mongo,repo_metadata,collaborators_url,1,100.0,0.0,0.0,str
mongodb_mongo,repo_metadata,comments_url,1,100.0,0.0,0.0,str
mongodb_mongo,repo_metadata,commits_url,1,100.0,0.0,0.0,str
mongodb_mongo,repo_metadata,compare_url,1,100.0,0.0,0.0,str
mongodb_mongo,repo_metadata,contents_url,1,100.0,0.0,0.0,str
mongodb_mongo,repo_metadata,contributors_url,1,100.0,0.0,0.0,str
mongodb_mongo,repo_metadata,created_at,1,100.0,0.0,0.0,str
mongodb_mongo,repo_metadata,custom_properties.BusinessUnit,1,100.0,0.0,0.0,str
mongodb_mongo,repo_metadata,custom_properties.Department,1,100.0,0.0,0.0,str
mongodb_mongo,repo_metadata,custom_properties.Division,1,100.0,0.0,0.0,str
mongodb_mongo,repo_metadata,custom_properties.Team,1,100.0,0.0,0.0,str
mongodb_mongo,repo_metadata,default_branch,1,100.0,0.0,0.0,str
mongodb_mongo,repo_metadata,deployments_url,1,100.0,0.0,0.0,str
mongodb_mongo,repo_metadata,description,1,100.0,0.0,0.0,str
mongodb_mongo,repo_metadata,disabled,1,100.0,0.0,0.0,bool
mongodb_mongo,repo_metadata,downloads_url,1,100.0,0.0,0.0,str
mongodb_mongo,repo_metadata,events_url,1,100.0,0.0,0.0,str
mongodb_mongo,repo_metadata,fork,1,100.0,0.0,0.0,bool
mongodb_mongo,repo_metadata,forks,1,100.0,0.0,0.0,int
mongodb_mongo,repo_metadata,forks_count,1,100.0,0.0,0.0,int
mongodb_mongo,repo_metadata,forks_url,1,100.0,0.0,0.0,str
mongodb_mongo,repo_metadata,full_name,1,100.0,0.0,0.0,str
mongodb_mongo,repo_metadata,git_commits_url,1,100.0,0.0,0.0,str
mongodb_mongo,repo_metadata,git_refs_url,1,100.0,0.0,0.0,str
mongodb_mongo,repo_metadata,git_tags_url,1,100.0,0.0,0.0,str
mongodb_mongo,repo_metadata,git_url,1,100.0,0.0,0.0,str
mongodb_mongo,repo_metadata,has_discussions,1,100.0,0.0,0.0,bool
mongodb_mongo,repo_metadata,has_downloads,1,100.0,0.0,0.0,bool
mongodb_mongo,repo_metadata,has_issues,1,100.0,0.0,0.0,bool
mongodb_mongo,repo_metadata,has_pages,1,100.0,0.0,0.0,bool
mongodb_mongo,repo_metadata,has_projects,1,100.0,0.0,0.0,bool
mongodb_mongo,repo_metadata,has_pull_requests,1,100.0,0.0,0.0,bool
mongodb_mongo,repo_metadata,has_wiki,1,100.0,0.0,0.0,bool
mongodb_mongo,repo_metadata,homepage,1,100.0,0.0,0.0,str
mongodb_mongo,repo_metadata,hooks_url,1,100.0,0.0,0.0,str
mongodb_mongo,repo_metadata,html_url,1,100.0,0.0,0.0,str
mongodb_mongo,repo_metadata,id,1,100.0,0.0,0.0,int
mongodb_mongo,repo_metadata,is_template,1,100.0,0.0,0.0,bool
mongodb_mongo,repo_metadata,issue_comment_url,1,100.0,0.0,0.0,str
mongodb_mongo,repo_metadata,issue_events_url,1,100.0,0.0,0.0,str
mongodb_mongo,repo_metadata,issues_url,1,100.0,0.0,0.0,str
mongodb_mongo,repo_metadata,keys_url,1,100.0,0.0,0.0,str
mongodb_mongo,repo_metadata,labels_url,1,100.0,0.0,0.0,str
mongodb_mongo,repo_metadata,language,1,100.0,0.0,0.0,str
mongodb_mongo,repo_metadata,languages_url,1,100.0,0.0,0.0,str
mongodb_mongo,repo_metadata,license.key,1,100.0,0.0,0.0,str
mongodb_mongo,repo_metadata,license.name,1,100.0,0.0,0.0,str
mongodb_mongo,repo_metadata,license.node_id,1,100.0,0.0,0.0,str
mongodb_mongo,repo_metadata,license.spdx_id,1,100.0,0.0,0.0,str
mongodb_mongo,repo_metadata,license.url,1,100.0,100.0,0.0,NoneType
mongodb_mongo,repo_metadata,merges_url,1,100.0,0.0,0.0,str
mongodb_mongo,repo_metadata,milestones_url,1,100.0,0.0,0.0,str
mongodb_mongo,repo_metadata,mirror_url,1,100.0,100.0,0.0,NoneType
mongodb_mongo,repo_metadata,name,1,100.0,0.0,0.0,str
mongodb_mongo,repo_metadata,network_count,1,100.0,0.0,0.0,int
mongodb_mongo,repo_metadata,node_id,1,100.0,0.0,0.0,str
mongodb_mongo,repo_metadata,notifications_url,1,100.0,0.0,0.0,str
mongodb_mongo,repo_metadata,open_issues,1,100.0,0.0,0.0,int
mongodb_mongo,repo_metadata,open_issues_count,1,100.0,0.0,0.0,int
mongodb_mongo,repo_metadata,organization.avatar_url,1,100.0,0.0,0.0,str
mongodb_mongo,repo_metadata,organization.events_url,1,100.0,0.0,0.0,str
mongodb_mongo,repo_metadata,organization.followers_url,1,100.0,0.0,0.0,str
mongodb_mongo,repo_metadata,organization.following_url,1,100.0,0.0,0.0,str
mongodb_mongo,repo_metadata,organization.gists_url,1,100.0,0.0,0.0,str
mongodb_mongo,repo_metadata,organization.gravatar_id,1,100.0,0.0,100.0,str
mongodb_mongo,repo_metadata,organization.html_url,1,100.0,0.0,0.0,str
mongodb_mongo,repo_metadata,organization.id,1,100.0,0.0,0.0,int
mongodb_mongo,repo_metadata,organization.login,1,100.0,0.0,0.0,str
mongodb_mongo,repo_metadata,organization.node_id,1,100.0,0.0,0.0,str
mongodb_mongo,repo_metadata,organization.organizations_url,1,100.0,0.0,0.0,str
mongodb_mongo,repo_metadata,organization.received_events_url,1,100.0,0.0,0.0,str
mongodb_mongo,repo_metadata,organization.repos_url,1,100.0,0.0,0.0,str
mongodb_mongo,repo_metadata,organization.site_admin,1,100.0,0.0,0.0,bool
mongodb_mongo,repo_metadata,organization.starred_url,1,100.0,0.0,0.0,str
mongodb_mongo,repo_metadata,organization.subscriptions_url,1,100.0,0.0,0.0,str
mongodb_mongo,repo_metadata,organization.type,1,100.0,0.0,0.0,str
mongodb_mongo,repo_metadata,organization.url,1,100.0,0.0,0.0,str
mongodb_mongo,repo_metadata,organization.user_view_type,1,100.0,0.0,0.0,str
mongodb_mongo,repo_metadata,owner.avatar_url,1,100.0,0.0,0.0,str
mongodb_mongo,repo_metadata,owner.events_url,1,100.0,0.0,0.0,str
mongodb_mongo,repo_metadata,owner.followers_url,1,100.0,0.0,0.0,str
mongodb_mongo,repo_metadata,owner.following_url,1,100.0,0.0,0.0,str
mongodb_mongo,repo_metadata,owner.gists_url,1,100.0,0.0,0.0,str
mongodb_mongo,repo_metadata,owner.gravatar_id,1,100.0,0.0,100.0,str
mongodb_mongo,repo_metadata,owner.html_url,1,100.0,0.0,0.0,str
mongodb_mongo,repo_metadata,owner.id,1,100.0,0.0,0.0,int
mongodb_mongo,repo_metadata,owner.login,1,100.0,0.0,0.0,str
mongodb_mongo,repo_metadata,owner.node_id,1,100.0,0.0,0.0,str
mongodb_mongo,repo_metadata,owner.organizations_url,1,100.0,0.0,0.0,str
mongodb_mongo,repo_metadata,owner.received_events_url,1,100.0,0.0,0.0,str
mongodb_mongo,repo_metadata,owner.repos_url,1,100.0,0.0,0.0,str
mongodb_mongo,repo_metadata,owner.site_admin,1,100.0,0.0,0.0,bool
mongodb_mongo,repo_metadata,owner.starred_url,1,100.0,0.0,0.0,str
mongodb_mongo,repo_metadata,owner.subscriptions_url,1,100.0,0.0,0.0,str
mongodb_mongo,repo_metadata,owner.type,1,100.0,0.0,0.0,str
mongodb_mongo,repo_metadata,owner.url,1,100.0,0.0,0.0,str
mongodb_mongo,repo_metadata,owner.user_view_type,1,100.0,0.0,0.0,str
mongodb_mongo,repo_metadata,permissions.admin,1,100.0,0.0,0.0,bool
mongodb_mongo,repo_metadata,permissions.maintain,1,100.0,0.0,0.0,bool
mongodb_mongo,repo_metadata,permissions.pull,1,100.0,0.0,0.0,bool
mongodb_mongo,repo_metadata,permissions.push,1,100.0,0.0,0.0,bool
mongodb_mongo,repo_metadata,permissions.triage,1,100.0,0.0,0.0,bool
mongodb_mongo,repo_metadata,private,1,100.0,0.0,0.0,bool
mongodb_mongo,repo_metadata,pull_request_creation_policy,1,100.0,0.0,0.0,str
mongodb_mongo,repo_metadata,pulls_url,1,100.0,0.0,0.0,str
mongodb_mongo,repo_metadata,pushed_at,1,100.0,0.0,0.0,str
mongodb_mongo,repo_metadata,releases_url,1,100.0,0.0,0.0,str
mongodb_mongo,repo_metadata,size,1,100.0,0.0,0.0,int
mongodb_mongo,repo_metadata,ssh_url,1,100.0,0.0,0.0,str
mongodb_mongo,repo_metadata,stargazers_count,1,100.0,0.0,0.0,int
mongodb_mongo,repo_metadata,stargazers_url,1,100.0,0.0,0.0,str
mongodb_mongo,repo_metadata,statuses_url,1,100.0,0.0,0.0,str
mongodb_mongo,repo_metadata,subscribers_count,1,100.0,0.0,0.0,int
mongodb_mongo,repo_metadata,subscribers_url,1,100.0,0.0,0.0,str
mongodb_mongo,repo_metadata,subscription_url,1,100.0,0.0,0.0,str
mongodb_mongo,repo_metadata,svn_url,1,100.0,0.0,0.0,str
mongodb_mongo,repo_metadata,tags_url,1,100.0,0.0,0.0,str
mongodb_mongo,repo_metadata,teams_url,1,100.0,0.0,0.0,str
mongodb_mongo,repo_metadata,temp_clone_token,1,100.0,0.0,100.0,str
mongodb_mongo,repo_metadata,topics,1,100.0,0.0,0.0,list
mongodb_mongo,repo_metadata,trees_url,1,100.0,0.0,0.0,str
mongodb_mongo,repo_metadata,updated_at,1,100.0,0.0,0.0,str
mongodb_mongo,repo_metadata,url,1,100.0,0.0,0.0,str
mongodb_mongo,repo_metadata,visibility,1,100.0,0.0,0.0,str
mongodb_mongo,repo_metadata,watchers,1,100.0,0.0,0.0,int
mongodb_mongo,repo_metadata,watchers_count,1,100.0,0.0,0.0,int
mongodb_mongo,repo_metadata,web_commit_signoff_required,1,100.0,0.0,0.0,bool
postgres_postgres,commits,author,1674,7.77,100.0,0.0,NoneType
postgres_postgres,commits,author.avatar_url,1674,92.23,0.0,0.0,str
postgres_postgres,commits,author.events_url,1674,92.23,0.0,0.0,str
postgres_postgres,commits,author.followers_url,1674,92.23,0.0,0.0,str
postgres_postgres,commits,author.following_url,1674,92.23,0.0,0.0,str
postgres_postgres,commits,author.gists_url,1674,92.23,0.0,0.0,str
postgres_postgres,commits,author.gravatar_id,1674,92.23,0.0,100.0,str
postgres_postgres,commits,author.html_url,1674,92.23,0.0,0.0,str
postgres_postgres,commits,author.id,1674,92.23,0.0,0.0,int
postgres_postgres,commits,author.login,1674,92.23,0.0,0.0,str
postgres_postgres,commits,author.node_id,1674,92.23,0.0,0.0,str
postgres_postgres,commits,author.organizations_url,1674,92.23,0.0,0.0,str
postgres_postgres,commits,author.received_events_url,1674,92.23,0.0,0.0,str
postgres_postgres,commits,author.repos_url,1674,92.23,0.0,0.0,str
postgres_postgres,commits,author.site_admin,1674,92.23,0.0,0.0,bool
postgres_postgres,commits,author.starred_url,1674,92.23,0.0,0.0,str
postgres_postgres,commits,author.subscriptions_url,1674,92.23,0.0,0.0,str
postgres_postgres,commits,author.type,1674,92.23,0.0,0.0,str
postgres_postgres,commits,author.url,1674,92.23,0.0,0.0,str
postgres_postgres,commits,author.user_view_type,1674,92.23,0.0,0.0,str
postgres_postgres,commits,comments_url,1674,100.0,0.0,0.0,str
postgres_postgres,commits,commit.author.date,1674,100.0,0.0,0.0,str
postgres_postgres,commits,commit.author.email,1674,100.0,0.0,0.0,str
postgres_postgres,commits,commit.author.name,1674,100.0,0.0,0.0,str
postgres_postgres,commits,commit.comment_count,1674,100.0,0.0,0.0,int
postgres_postgres,commits,commit.committer.date,1674,100.0,0.0,0.0,str
postgres_postgres,commits,commit.committer.email,1674,100.0,0.0,0.0,str
postgres_postgres,commits,commit.committer.name,1674,100.0,0.0,0.0,str
postgres_postgres,commits,commit.message,1674,100.0,0.0,0.0,str
postgres_postgres,commits,commit.tree.sha,1674,100.0,0.0,0.0,str
postgres_postgres,commits,commit.tree.url,1674,100.0,0.0,0.0,str
postgres_postgres,commits,commit.url,1674,100.0,0.0,0.0,str
postgres_postgres,commits,commit.verification.payload,1674,100.0,95.46,0.0,NoneType|str
postgres_postgres,commits,commit.verification.reason,1674,100.0,0.0,0.0,str
postgres_postgres,commits,commit.verification.signature,1674,100.0,95.46,0.0,NoneType|str
postgres_postgres,commits,commit.verification.verified,1674,100.0,0.0,0.0,bool
postgres_postgres,commits,commit.verification.verified_at,1674,100.0,95.46,0.0,NoneType|str
postgres_postgres,commits,committer,1674,7.77,100.0,0.0,NoneType
postgres_postgres,commits,committer.avatar_url,1674,92.23,0.0,0.0,str
postgres_postgres,commits,committer.events_url,1674,92.23,0.0,0.0,str
postgres_postgres,commits,committer.followers_url,1674,92.23,0.0,0.0,str
postgres_postgres,commits,committer.following_url,1674,92.23,0.0,0.0,str
postgres_postgres,commits,committer.gists_url,1674,92.23,0.0,0.0,str
postgres_postgres,commits,committer.gravatar_id,1674,92.23,0.0,100.0,str
postgres_postgres,commits,committer.html_url,1674,92.23,0.0,0.0,str
postgres_postgres,commits,committer.id,1674,92.23,0.0,0.0,int
postgres_postgres,commits,committer.login,1674,92.23,0.0,0.0,str
postgres_postgres,commits,committer.node_id,1674,92.23,0.0,0.0,str
postgres_postgres,commits,committer.organizations_url,1674,92.23,0.0,0.0,str
postgres_postgres,commits,committer.received_events_url,1674,92.23,0.0,0.0,str
postgres_postgres,commits,committer.repos_url,1674,92.23,0.0,0.0,str
postgres_postgres,commits,committer.site_admin,1674,92.23,0.0,0.0,bool
postgres_postgres,commits,committer.starred_url,1674,92.23,0.0,0.0,str
postgres_postgres,commits,committer.subscriptions_url,1674,92.23,0.0,0.0,str
postgres_postgres,commits,committer.type,1674,92.23,0.0,0.0,str
postgres_postgres,commits,committer.url,1674,92.23,0.0,0.0,str
postgres_postgres,commits,committer.user_view_type,1674,92.23,0.0,0.0,str
postgres_postgres,commits,html_url,1674,100.0,0.0,0.0,str
postgres_postgres,commits,node_id,1674,100.0,0.0,0.0,str
postgres_postgres,commits,parents,1674,100.0,0.0,0.0,list
postgres_postgres,commits,sha,1674,100.0,0.0,0.0,str
postgres_postgres,commits,url,1674,100.0,0.0,0.0,str
postgres_postgres,repo_metadata,allow_forking,1,100.0,0.0,0.0,bool
postgres_postgres,repo_metadata,archive_url,1,100.0,0.0,0.0,str
postgres_postgres,repo_metadata,archived,1,100.0,0.0,0.0,bool
postgres_postgres,repo_metadata,assignees_url,1,100.0,0.0,0.0,str
postgres_postgres,repo_metadata,blobs_url,1,100.0,0.0,0.0,str
postgres_postgres,repo_metadata,branches_url,1,100.0,0.0,0.0,str
postgres_postgres,repo_metadata,clone_url,1,100.0,0.0,0.0,str
postgres_postgres,repo_metadata,collaborators_url,1,100.0,0.0,0.0,str
postgres_postgres,repo_metadata,comments_url,1,100.0,0.0,0.0,str
postgres_postgres,repo_metadata,commits_url,1,100.0,0.0,0.0,str
postgres_postgres,repo_metadata,compare_url,1,100.0,0.0,0.0,str
postgres_postgres,repo_metadata,contents_url,1,100.0,0.0,0.0,str
postgres_postgres,repo_metadata,contributors_url,1,100.0,0.0,0.0,str
postgres_postgres,repo_metadata,created_at,1,100.0,0.0,0.0,str
postgres_postgres,repo_metadata,default_branch,1,100.0,0.0,0.0,str
postgres_postgres,repo_metadata,deployments_url,1,100.0,0.0,0.0,str
postgres_postgres,repo_metadata,description,1,100.0,0.0,0.0,str
postgres_postgres,repo_metadata,disabled,1,100.0,0.0,0.0,bool
postgres_postgres,repo_metadata,downloads_url,1,100.0,0.0,0.0,str
postgres_postgres,repo_metadata,events_url,1,100.0,0.0,0.0,str
postgres_postgres,repo_metadata,fork,1,100.0,0.0,0.0,bool
postgres_postgres,repo_metadata,forks,1,100.0,0.0,0.0,int
postgres_postgres,repo_metadata,forks_count,1,100.0,0.0,0.0,int
postgres_postgres,repo_metadata,forks_url,1,100.0,0.0,0.0,str
postgres_postgres,repo_metadata,full_name,1,100.0,0.0,0.0,str
postgres_postgres,repo_metadata,git_commits_url,1,100.0,0.0,0.0,str
postgres_postgres,repo_metadata,git_refs_url,1,100.0,0.0,0.0,str
postgres_postgres,repo_metadata,git_tags_url,1,100.0,0.0,0.0,str
postgres_postgres,repo_metadata,git_url,1,100.0,0.0,0.0,str
postgres_postgres,repo_metadata,has_discussions,1,100.0,0.0,0.0,bool
postgres_postgres,repo_metadata,has_downloads,1,100.0,0.0,0.0,bool
postgres_postgres,repo_metadata,has_issues,1,100.0,0.0,0.0,bool
postgres_postgres,repo_metadata,has_pages,1,100.0,0.0,0.0,bool
postgres_postgres,repo_metadata,has_projects,1,100.0,0.0,0.0,bool
postgres_postgres,repo_metadata,has_pull_requests,1,100.0,0.0,0.0,bool
postgres_postgres,repo_metadata,has_wiki,1,100.0,0.0,0.0,bool
postgres_postgres,repo_metadata,homepage,1,100.0,0.0,0.0,str
postgres_postgres,repo_metadata,hooks_url,1,100.0,0.0,0.0,str
postgres_postgres,repo_metadata,html_url,1,100.0,0.0,0.0,str
postgres_postgres,repo_metadata,id,1,100.0,0.0,0.0,int
postgres_postgres,repo_metadata,is_template,1,100.0,0.0,0.0,bool
postgres_postgres,repo_metadata,issue_comment_url,1,100.0,0.0,0.0,str
postgres_postgres,repo_metadata,issue_events_url,1,100.0,0.0,0.0,str
postgres_postgres,repo_metadata,issues_url,1,100.0,0.0,0.0,str
postgres_postgres,repo_metadata,keys_url,1,100.0,0.0,0.0,str
postgres_postgres,repo_metadata,labels_url,1,100.0,0.0,0.0,str
postgres_postgres,repo_metadata,language,1,100.0,0.0,0.0,str
postgres_postgres,repo_metadata,languages_url,1,100.0,0.0,0.0,str
postgres_postgres,repo_metadata,license.key,1,100.0,0.0,0.0,str
postgres_postgres,repo_metadata,license.name,1,100.0,0.0,0.0,str
postgres_postgres,repo_metadata,license.node_id,1,100.0,0.0,0.0,str
postgres_postgres,repo_metadata,license.spdx_id,1,100.0,0.0,0.0,str
postgres_postgres,repo_metadata,license.url,1,100.0,100.0,0.0,NoneType
postgres_postgres,repo_metadata,merges_url,1,100.0,0.0,0.0,str
postgres_postgres,repo_metadata,milestones_url,1,100.0,0.0,0.0,str
postgres_postgres,repo_metadata,mirror_url,1,100.0,100.0,0.0,NoneType
postgres_postgres,repo_metadata,name,1,100.0,0.0,0.0,str
postgres_postgres,repo_metadata,network_count,1,100.0,0.0,0.0,int
postgres_postgres,repo_metadata,node_id,1,100.0,0.0,0.0,str
postgres_postgres,repo_metadata,notifications_url,1,100.0,0.0,0.0,str
postgres_postgres,repo_metadata,open_issues,1,100.0,0.0,0.0,int
postgres_postgres,repo_metadata,open_issues_count,1,100.0,0.0,0.0,int
postgres_postgres,repo_metadata,organization.avatar_url,1,100.0,0.0,0.0,str
postgres_postgres,repo_metadata,organization.events_url,1,100.0,0.0,0.0,str
postgres_postgres,repo_metadata,organization.followers_url,1,100.0,0.0,0.0,str
postgres_postgres,repo_metadata,organization.following_url,1,100.0,0.0,0.0,str
postgres_postgres,repo_metadata,organization.gists_url,1,100.0,0.0,0.0,str
postgres_postgres,repo_metadata,organization.gravatar_id,1,100.0,0.0,100.0,str
postgres_postgres,repo_metadata,organization.html_url,1,100.0,0.0,0.0,str
postgres_postgres,repo_metadata,organization.id,1,100.0,0.0,0.0,int
postgres_postgres,repo_metadata,organization.login,1,100.0,0.0,0.0,str
postgres_postgres,repo_metadata,organization.node_id,1,100.0,0.0,0.0,str
postgres_postgres,repo_metadata,organization.organizations_url,1,100.0,0.0,0.0,str
postgres_postgres,repo_metadata,organization.received_events_url,1,100.0,0.0,0.0,str
postgres_postgres,repo_metadata,organization.repos_url,1,100.0,0.0,0.0,str
postgres_postgres,repo_metadata,organization.site_admin,1,100.0,0.0,0.0,bool
postgres_postgres,repo_metadata,organization.starred_url,1,100.0,0.0,0.0,str
postgres_postgres,repo_metadata,organization.subscriptions_url,1,100.0,0.0,0.0,str
postgres_postgres,repo_metadata,organization.type,1,100.0,0.0,0.0,str
postgres_postgres,repo_metadata,organization.url,1,100.0,0.0,0.0,str
postgres_postgres,repo_metadata,organization.user_view_type,1,100.0,0.0,0.0,str
postgres_postgres,repo_metadata,owner.avatar_url,1,100.0,0.0,0.0,str
postgres_postgres,repo_metadata,owner.events_url,1,100.0,0.0,0.0,str
postgres_postgres,repo_metadata,owner.followers_url,1,100.0,0.0,0.0,str
postgres_postgres,repo_metadata,owner.following_url,1,100.0,0.0,0.0,str
postgres_postgres,repo_metadata,owner.gists_url,1,100.0,0.0,0.0,str
postgres_postgres,repo_metadata,owner.gravatar_id,1,100.0,0.0,100.0,str
postgres_postgres,repo_metadata,owner.html_url,1,100.0,0.0,0.0,str
postgres_postgres,repo_metadata,owner.id,1,100.0,0.0,0.0,int
postgres_postgres,repo_metadata,owner.login,1,100.0,0.0,0.0,str
postgres_postgres,repo_metadata,owner.node_id,1,100.0,0.0,0.0,str
postgres_postgres,repo_metadata,owner.organizations_url,1,100.0,0.0,0.0,str
postgres_postgres,repo_metadata,owner.received_events_url,1,100.0,0.0,0.0,str
postgres_postgres,repo_metadata,owner.repos_url,1,100.0,0.0,0.0,str
postgres_postgres,repo_metadata,owner.site_admin,1,100.0,0.0,0.0,bool
postgres_postgres,repo_metadata,owner.starred_url,1,100.0,0.0,0.0,str
postgres_postgres,repo_metadata,owner.subscriptions_url,1,100.0,0.0,0.0,str
postgres_postgres,repo_metadata,owner.type,1,100.0,0.0,0.0,str
postgres_postgres,repo_metadata,owner.url,1,100.0,0.0,0.0,str
postgres_postgres,repo_metadata,owner.user_view_type,1,100.0,0.0,0.0,str
postgres_postgres,repo_metadata,permissions.admin,1,100.0,0.0,0.0,bool
postgres_postgres,repo_metadata,permissions.maintain,1,100.0,0.0,0.0,bool
postgres_postgres,repo_metadata,permissions.pull,1,100.0,0.0,0.0,bool
postgres_postgres,repo_metadata,permissions.push,1,100.0,0.0,0.0,bool
postgres_postgres,repo_metadata,permissions.triage,1,100.0,0.0,0.0,bool
postgres_postgres,repo_metadata,private,1,100.0,0.0,0.0,bool
postgres_postgres,repo_metadata,pull_request_creation_policy,1,100.0,0.0,0.0,str
postgres_postgres,repo_metadata,pulls_url,1,100.0,0.0,0.0,str
postgres_postgres,repo_metadata,pushed_at,1,100.0,0.0,0.0,str
postgres_postgres,repo_metadata,releases_url,1,100.0,0.0,0.0,str
postgres_postgres,repo_metadata,size,1,100.0,0.0,0.0,int
postgres_postgres,repo_metadata,ssh_url,1,100.0,0.0,0.0,str
postgres_postgres,repo_metadata,stargazers_count,1,100.0,0.0,0.0,int
postgres_postgres,repo_metadata,stargazers_url,1,100.0,0.0,0.0,str
postgres_postgres,repo_metadata,statuses_url,1,100.0,0.0,0.0,str
postgres_postgres,repo_metadata,subscribers_count,1,100.0,0.0,0.0,int
postgres_postgres,repo_metadata,subscribers_url,1,100.0,0.0,0.0,str
postgres_postgres,repo_metadata,subscription_url,1,100.0,0.0,0.0,str
postgres_postgres,repo_metadata,svn_url,1,100.0,0.0,0.0,str
postgres_postgres,repo_metadata,tags_url,1,100.0,0.0,0.0,str
postgres_postgres,repo_metadata,teams_url,1,100.0,0.0,0.0,str
postgres_postgres,repo_metadata,temp_clone_token,1,100.0,0.0,100.0,str
postgres_postgres,repo_metadata,topics,1,100.0,0.0,0.0,list
postgres_postgres,repo_metadata,trees_url,1,100.0,0.0,0.0,str
postgres_postgres,repo_metadata,updated_at,1,100.0,0.0,0.0,str
postgres_postgres,repo_metadata,url,1,100.0,0.0,0.0,str
postgres_postgres,repo_metadata,visibility,1,100.0,0.0,0.0,str
postgres_postgres,repo_metadata,watchers,1,100.0,0.0,0.0,int
postgres_postgres,repo_metadata,watchers_count,1,100.0,0.0,0.0,int
postgres_postgres,repo_metadata,web_commit_signoff_required,1,100.0,0.0,0.0,bool
qdrant_qdrant,commits,author,1271,0.31,100.0,0.0,NoneType
qdrant_qdrant,commits,author.avatar_url,1271,99.69,0.0,0.0,str
qdrant_qdrant,commits,author.events_url,1271,99.69,0.0,0.0,str
qdrant_qdrant,commits,author.followers_url,1271,99.69,0.0,0.0,str
qdrant_qdrant,commits,author.following_url,1271,99.69,0.0,0.0,str
qdrant_qdrant,commits,author.gists_url,1271,99.69,0.0,0.0,str
qdrant_qdrant,commits,author.gravatar_id,1271,99.69,0.0,100.0,str
qdrant_qdrant,commits,author.html_url,1271,99.69,0.0,0.0,str
qdrant_qdrant,commits,author.id,1271,99.69,0.0,0.0,int
qdrant_qdrant,commits,author.login,1271,99.69,0.0,0.0,str
qdrant_qdrant,commits,author.node_id,1271,99.69,0.0,0.0,str
qdrant_qdrant,commits,author.organizations_url,1271,99.69,0.0,0.0,str
qdrant_qdrant,commits,author.received_events_url,1271,99.69,0.0,0.0,str
qdrant_qdrant,commits,author.repos_url,1271,99.69,0.0,0.0,str
qdrant_qdrant,commits,author.site_admin,1271,99.69,0.0,0.0,bool
qdrant_qdrant,commits,author.starred_url,1271,99.69,0.0,0.0,str
qdrant_qdrant,commits,author.subscriptions_url,1271,99.69,0.0,0.0,str
qdrant_qdrant,commits,author.type,1271,99.69,0.0,0.0,str
qdrant_qdrant,commits,author.url,1271,99.69,0.0,0.0,str
qdrant_qdrant,commits,author.user_view_type,1271,99.69,0.0,0.0,str
qdrant_qdrant,commits,comments_url,1271,100.0,0.0,0.0,str
qdrant_qdrant,commits,commit.author.date,1271,100.0,0.0,0.0,str
qdrant_qdrant,commits,commit.author.email,1271,100.0,0.0,0.0,str
qdrant_qdrant,commits,commit.author.name,1271,100.0,0.0,0.0,str
qdrant_qdrant,commits,commit.comment_count,1271,100.0,0.0,0.0,int
qdrant_qdrant,commits,commit.committer.date,1271,100.0,0.0,0.0,str
qdrant_qdrant,commits,commit.committer.email,1271,100.0,0.0,0.0,str
qdrant_qdrant,commits,commit.committer.name,1271,100.0,0.0,0.0,str
qdrant_qdrant,commits,commit.message,1271,100.0,0.0,0.0,str
qdrant_qdrant,commits,commit.tree.sha,1271,100.0,0.0,0.0,str
qdrant_qdrant,commits,commit.tree.url,1271,100.0,0.0,0.0,str
qdrant_qdrant,commits,commit.url,1271,100.0,0.0,0.0,str
qdrant_qdrant,commits,commit.verification.payload,1271,100.0,0.0,0.0,str
qdrant_qdrant,commits,commit.verification.reason,1271,100.0,0.0,0.0,str
qdrant_qdrant,commits,commit.verification.signature,1271,100.0,0.0,0.0,str
qdrant_qdrant,commits,commit.verification.verified,1271,100.0,0.0,0.0,bool
qdrant_qdrant,commits,commit.verification.verified_at,1271,100.0,0.0,0.0,str
qdrant_qdrant,commits,committer.avatar_url,1271,100.0,0.0,0.0,str
qdrant_qdrant,commits,committer.events_url,1271,100.0,0.0,0.0,str
qdrant_qdrant,commits,committer.followers_url,1271,100.0,0.0,0.0,str
qdrant_qdrant,commits,committer.following_url,1271,100.0,0.0,0.0,str
qdrant_qdrant,commits,committer.gists_url,1271,100.0,0.0,0.0,str
qdrant_qdrant,commits,committer.gravatar_id,1271,100.0,0.0,100.0,str
qdrant_qdrant,commits,committer.html_url,1271,100.0,0.0,0.0,str
qdrant_qdrant,commits,committer.id,1271,100.0,0.0,0.0,int
qdrant_qdrant,commits,committer.login,1271,100.0,0.0,0.0,str
qdrant_qdrant,commits,committer.node_id,1271,100.0,0.0,0.0,str
qdrant_qdrant,commits,committer.organizations_url,1271,100.0,0.0,0.0,str
qdrant_qdrant,commits,committer.received_events_url,1271,100.0,0.0,0.0,str
qdrant_qdrant,commits,committer.repos_url,1271,100.0,0.0,0.0,str
qdrant_qdrant,commits,committer.site_admin,1271,100.0,0.0,0.0,bool
qdrant_qdrant,commits,committer.starred_url,1271,100.0,0.0,0.0,str
qdrant_qdrant,commits,committer.subscriptions_url,1271,100.0,0.0,0.0,str
qdrant_qdrant,commits,committer.type,1271,100.0,0.0,0.0,str
qdrant_qdrant,commits,committer.url,1271,100.0,0.0,0.0,str
qdrant_qdrant,commits,committer.user_view_type,1271,100.0,0.0,0.0,str
qdrant_qdrant,commits,html_url,1271,100.0,0.0,0.0,str
qdrant_qdrant,commits,node_id,1271,100.0,0.0,0.0,str
qdrant_qdrant,commits,parents,1271,100.0,0.0,0.0,list
qdrant_qdrant,commits,sha,1271,100.0,0.0,0.0,str
qdrant_qdrant,commits,url,1271,100.0,0.0,0.0,str
qdrant_qdrant,issues,active_lock_reason,2678,100.0,99.85,0.0,NoneType|str
qdrant_qdrant,issues,assignee,2678,97.91,100.0,0.0,NoneType
qdrant_qdrant,issues,assignee.avatar_url,2678,2.09,0.0,0.0,str
qdrant_qdrant,issues,assignee.events_url,2678,2.09,0.0,0.0,str
qdrant_qdrant,issues,assignee.followers_url,2678,2.09,0.0,0.0,str
qdrant_qdrant,issues,assignee.following_url,2678,2.09,0.0,0.0,str
qdrant_qdrant,issues,assignee.gists_url,2678,2.09,0.0,0.0,str
qdrant_qdrant,issues,assignee.gravatar_id,2678,2.09,0.0,100.0,str
qdrant_qdrant,issues,assignee.html_url,2678,2.09,0.0,0.0,str
qdrant_qdrant,issues,assignee.id,2678,2.09,0.0,0.0,int
qdrant_qdrant,issues,assignee.login,2678,2.09,0.0,0.0,str
qdrant_qdrant,issues,assignee.node_id,2678,2.09,0.0,0.0,str
qdrant_qdrant,issues,assignee.organizations_url,2678,2.09,0.0,0.0,str
qdrant_qdrant,issues,assignee.received_events_url,2678,2.09,0.0,0.0,str
qdrant_qdrant,issues,assignee.repos_url,2678,2.09,0.0,0.0,str
qdrant_qdrant,issues,assignee.site_admin,2678,2.09,0.0,0.0,bool
qdrant_qdrant,issues,assignee.starred_url,2678,2.09,0.0,0.0,str
qdrant_qdrant,issues,assignee.subscriptions_url,2678,2.09,0.0,0.0,str
qdrant_qdrant,issues,assignee.type,2678,2.09,0.0,0.0,str
qdrant_qdrant,issues,assignee.url,2678,2.09,0.0,0.0,str
qdrant_qdrant,issues,assignee.user_view_type,2678,2.09,0.0,0.0,str
qdrant_qdrant,issues,assignees,2678,100.0,0.0,0.0,list
qdrant_qdrant,issues,author_association,2678,100.0,0.0,0.0,str
qdrant_qdrant,issues,body,2678,100.0,0.86,0.0,NoneType|str
qdrant_qdrant,issues,closed_at,2678,100.0,15.57,0.0,NoneType|str
qdrant_qdrant,issues,closed_by,2678,15.65,100.0,0.0,NoneType
qdrant_qdrant,issues,closed_by.avatar_url,2678,84.35,0.0,0.0,str
qdrant_qdrant,issues,closed_by.events_url,2678,84.35,0.0,0.0,str
qdrant_qdrant,issues,closed_by.followers_url,2678,84.35,0.0,0.0,str
qdrant_qdrant,issues,closed_by.following_url,2678,84.35,0.0,0.0,str
qdrant_qdrant,issues,closed_by.gists_url,2678,84.35,0.0,0.0,str
qdrant_qdrant,issues,closed_by.gravatar_id,2678,84.35,0.0,100.0,str
qdrant_qdrant,issues,closed_by.html_url,2678,84.35,0.0,0.0,str
qdrant_qdrant,issues,closed_by.id,2678,84.35,0.0,0.0,int
qdrant_qdrant,issues,closed_by.login,2678,84.35,0.0,0.0,str
qdrant_qdrant,issues,closed_by.node_id,2678,84.35,0.0,0.0,str
qdrant_qdrant,issues,closed_by.organizations_url,2678,84.35,0.0,0.0,str
qdrant_qdrant,issues,closed_by.received_events_url,2678,84.35,0.0,0.0,str
qdrant_qdrant,issues,closed_by.repos_url,2678,84.35,0.0,0.0,str
qdrant_qdrant,issues,closed_by.site_admin,2678,84.35,0.0,0.0,bool
qdrant_qdrant,issues,closed_by.starred_url,2678,84.35,0.0,0.0,str
qdrant_qdrant,issues,closed_by.subscriptions_url,2678,84.35,0.0,0.0,str
qdrant_qdrant,issues,closed_by.type,2678,84.35,0.0,0.0,str
qdrant_qdrant,issues,closed_by.url,2678,84.35,0.0,0.0,str
qdrant_qdrant,issues,closed_by.user_view_type,2678,84.35,0.0,0.0,str
qdrant_qdrant,issues,comments,2678,100.0,0.0,0.0,int
qdrant_qdrant,issues,comments_url,2678,100.0,0.0,0.0,str
qdrant_qdrant,issues,created_at,2678,100.0,0.0,0.0,str
qdrant_qdrant,issues,draft,2678,83.61,0.0,0.0,bool
qdrant_qdrant,issues,events_url,2678,100.0,0.0,0.0,str
qdrant_qdrant,issues,html_url,2678,100.0,0.0,0.0,str
qdrant_qdrant,issues,id,2678,100.0,0.0,0.0,int
qdrant_qdrant,issues,issue_dependencies_summary.blocked_by,2678,16.39,0.0,0.0,int
qdrant_qdrant,issues,issue_dependencies_summary.blocking,2678,16.39,0.0,0.0,int
qdrant_qdrant,issues,issue_dependencies_summary.total_blocked_by,2678,16.39,0.0,0.0,int
qdrant_qdrant,issues,issue_dependencies_summary.total_blocking,2678,16.39,0.0,0.0,int
qdrant_qdrant,issues,issue_field_values,2678,100.0,0.0,0.0,list
qdrant_qdrant,issues,labels,2678,100.0,0.0,0.0,list
qdrant_qdrant,issues,labels_url,2678,100.0,0.0,0.0,str
qdrant_qdrant,issues,locked,2678,100.0,0.0,0.0,bool
qdrant_qdrant,issues,milestone,2678,89.25,100.0,0.0,NoneType
qdrant_qdrant,issues,milestone.closed_at,2678,10.75,79.86,0.0,NoneType|str
qdrant_qdrant,issues,milestone.closed_issues,2678,10.75,0.0,0.0,int
qdrant_qdrant,issues,milestone.created_at,2678,10.75,0.0,0.0,str
qdrant_qdrant,issues,milestone.creator.avatar_url,2678,10.75,0.0,0.0,str
qdrant_qdrant,issues,milestone.creator.events_url,2678,10.75,0.0,0.0,str
qdrant_qdrant,issues,milestone.creator.followers_url,2678,10.75,0.0,0.0,str
qdrant_qdrant,issues,milestone.creator.following_url,2678,10.75,0.0,0.0,str
qdrant_qdrant,issues,milestone.creator.gists_url,2678,10.75,0.0,0.0,str
qdrant_qdrant,issues,milestone.creator.gravatar_id,2678,10.75,0.0,100.0,str
qdrant_qdrant,issues,milestone.creator.html_url,2678,10.75,0.0,0.0,str
qdrant_qdrant,issues,milestone.creator.id,2678,10.75,0.0,0.0,int
qdrant_qdrant,issues,milestone.creator.login,2678,10.75,0.0,0.0,str
qdrant_qdrant,issues,milestone.creator.node_id,2678,10.75,0.0,0.0,str
qdrant_qdrant,issues,milestone.creator.organizations_url,2678,10.75,0.0,0.0,str
qdrant_qdrant,issues,milestone.creator.received_events_url,2678,10.75,0.0,0.0,str
qdrant_qdrant,issues,milestone.creator.repos_url,2678,10.75,0.0,0.0,str
qdrant_qdrant,issues,milestone.creator.site_admin,2678,10.75,0.0,0.0,bool
qdrant_qdrant,issues,milestone.creator.starred_url,2678,10.75,0.0,0.0,str
qdrant_qdrant,issues,milestone.creator.subscriptions_url,2678,10.75,0.0,0.0,str
qdrant_qdrant,issues,milestone.creator.type,2678,10.75,0.0,0.0,str
qdrant_qdrant,issues,milestone.creator.url,2678,10.75,0.0,0.0,str
qdrant_qdrant,issues,milestone.creator.user_view_type,2678,10.75,0.0,0.0,str
qdrant_qdrant,issues,milestone.description,2678,10.75,75.0,13.19,NoneType|str
qdrant_qdrant,issues,milestone.due_on,2678,10.75,100.0,0.0,NoneType
qdrant_qdrant,issues,milestone.html_url,2678,10.75,0.0,0.0,str
qdrant_qdrant,issues,milestone.id,2678,10.75,0.0,0.0,int
qdrant_qdrant,issues,milestone.labels_url,2678,10.75,0.0,0.0,str
qdrant_qdrant,issues,milestone.node_id,2678,10.75,0.0,0.0,str
qdrant_qdrant,issues,milestone.number,2678,10.75,0.0,0.0,int
qdrant_qdrant,issues,milestone.open_issues,2678,10.75,0.0,0.0,int
qdrant_qdrant,issues,milestone.state,2678,10.75,0.0,0.0,str
qdrant_qdrant,issues,milestone.title,2678,10.75,0.0,0.0,str
qdrant_qdrant,issues,milestone.updated_at,2678,10.75,0.0,0.0,str
qdrant_qdrant,issues,milestone.url,2678,10.75,0.0,0.0,str
qdrant_qdrant,issues,node_id,2678,100.0,0.0,0.0,str
qdrant_qdrant,issues,number,2678,100.0,0.0,0.0,int
qdrant_qdrant,issues,performed_via_github_app,2678,100.0,100.0,0.0,NoneType
qdrant_qdrant,issues,pinned_comment,2678,16.39,100.0,0.0,NoneType
qdrant_qdrant,issues,pull_request.diff_url,2678,83.61,0.0,0.0,str
qdrant_qdrant,issues,pull_request.html_url,2678,83.61,0.0,0.0,str
qdrant_qdrant,issues,pull_request.merged_at,2678,83.61,34.61,0.0,NoneType|str
qdrant_qdrant,issues,pull_request.patch_url,2678,83.61,0.0,0.0,str
qdrant_qdrant,issues,pull_request.url,2678,83.61,0.0,0.0,str
qdrant_qdrant,issues,reactions.+1,2678,100.0,0.0,0.0,int
qdrant_qdrant,issues,reactions.-1,2678,100.0,0.0,0.0,int
qdrant_qdrant,issues,reactions.confused,2678,100.0,0.0,0.0,int
qdrant_qdrant,issues,reactions.eyes,2678,100.0,0.0,0.0,int
qdrant_qdrant,issues,reactions.heart,2678,100.0,0.0,0.0,int
qdrant_qdrant,issues,reactions.hooray,2678,100.0,0.0,0.0,int
qdrant_qdrant,issues,reactions.laugh,2678,100.0,0.0,0.0,int
qdrant_qdrant,issues,reactions.rocket,2678,100.0,0.0,0.0,int
qdrant_qdrant,issues,reactions.total_count,2678,100.0,0.0,0.0,int
qdrant_qdrant,issues,reactions.url,2678,100.0,0.0,0.0,str
qdrant_qdrant,issues,repository_url,2678,100.0,0.0,0.0,str
qdrant_qdrant,issues,state,2678,100.0,0.0,0.0,str
qdrant_qdrant,issues,state_reason,2678,100.0,91.41,0.0,NoneType|str
qdrant_qdrant,issues,sub_issues_summary.completed,2678,16.39,0.0,0.0,int
qdrant_qdrant,issues,sub_issues_summary.percent_completed,2678,16.39,0.0,0.0,int
qdrant_qdrant,issues,sub_issues_summary.total,2678,16.39,0.0,0.0,int
qdrant_qdrant,issues,timeline_url,2678,100.0,0.0,0.0,str
qdrant_qdrant,issues,title,2678,100.0,0.0,0.0,str
qdrant_qdrant,issues,type,2678,99.7,100.0,0.0,NoneType
qdrant_qdrant,issues,type.color,2678,0.3,0.0,0.0,str
qdrant_qdrant,issues,type.created_at,2678,0.3,0.0,0.0,str
qdrant_qdrant,issues,type.description,2678,0.3,0.0,0.0,str
qdrant_qdrant,issues,type.id,2678,0.3,0.0,0.0,int
qdrant_qdrant,issues,type.is_enabled,2678,0.3,0.0,0.0,bool
qdrant_qdrant,issues,type.name,2678,0.3,0.0,0.0,str
qdrant_qdrant,issues,type.node_id,2678,0.3,0.0,0.0,str
qdrant_qdrant,issues,type.updated_at,2678,0.3,0.0,0.0,str
qdrant_qdrant,issues,updated_at,2678,100.0,0.0,0.0,str
qdrant_qdrant,issues,url,2678,100.0,0.0,0.0,str
qdrant_qdrant,issues,user.avatar_url,2678,100.0,0.0,0.0,str
qdrant_qdrant,issues,user.events_url,2678,100.0,0.0,0.0,str
qdrant_qdrant,issues,user.followers_url,2678,100.0,0.0,0.0,str
qdrant_qdrant,issues,user.following_url,2678,100.0,0.0,0.0,str
qdrant_qdrant,issues,user.gists_url,2678,100.0,0.0,0.0,str
qdrant_qdrant,issues,user.gravatar_id,2678,100.0,0.0,100.0,str
qdrant_qdrant,issues,user.html_url,2678,100.0,0.0,0.0,str
qdrant_qdrant,issues,user.id,2678,100.0,0.0,0.0,int
qdrant_qdrant,issues,user.login,2678,100.0,0.0,0.0,str
qdrant_qdrant,issues,user.node_id,2678,100.0,0.0,0.0,str
qdrant_qdrant,issues,user.organizations_url,2678,100.0,0.0,0.0,str
qdrant_qdrant,issues,user.received_events_url,2678,100.0,0.0,0.0,str
qdrant_qdrant,issues,user.repos_url,2678,100.0,0.0,0.0,str
qdrant_qdrant,issues,user.site_admin,2678,100.0,0.0,0.0,bool
qdrant_qdrant,issues,user.starred_url,2678,100.0,0.0,0.0,str
qdrant_qdrant,issues,user.subscriptions_url,2678,100.0,0.0,0.0,str
qdrant_qdrant,issues,user.type,2678,100.0,0.0,0.0,str
qdrant_qdrant,issues,user.url,2678,100.0,0.0,0.0,str
qdrant_qdrant,issues,user.user_view_type,2678,100.0,0.0,0.0,str
qdrant_qdrant,pulls,_links.comments.href,1892,100.0,0.0,0.0,str
qdrant_qdrant,pulls,_links.commits.href,1892,100.0,0.0,0.0,str
qdrant_qdrant,pulls,_links.html.href,1892,100.0,0.0,0.0,str
qdrant_qdrant,pulls,_links.issue.href,1892,100.0,0.0,0.0,str
qdrant_qdrant,pulls,_links.review_comment.href,1892,100.0,0.0,0.0,str
qdrant_qdrant,pulls,_links.review_comments.href,1892,100.0,0.0,0.0,str
qdrant_qdrant,pulls,_links.self.href,1892,100.0,0.0,0.0,str
qdrant_qdrant,pulls,_links.statuses.href,1892,100.0,0.0,0.0,str
qdrant_qdrant,pulls,active_lock_reason,1892,100.0,99.95,0.0,NoneType|str
qdrant_qdrant,pulls,assignee,1892,99.0,100.0,0.0,NoneType
qdrant_qdrant,pulls,assignee.avatar_url,1892,1.0,0.0,0.0,str
qdrant_qdrant,pulls,assignee.events_url,1892,1.0,0.0,0.0,str
qdrant_qdrant,pulls,assignee.followers_url,1892,1.0,0.0,0.0,str
qdrant_qdrant,pulls,assignee.following_url,1892,1.0,0.0,0.0,str
qdrant_qdrant,pulls,assignee.gists_url,1892,1.0,0.0,0.0,str
qdrant_qdrant,pulls,assignee.gravatar_id,1892,1.0,0.0,100.0,str
qdrant_qdrant,pulls,assignee.html_url,1892,1.0,0.0,0.0,str
qdrant_qdrant,pulls,assignee.id,1892,1.0,0.0,0.0,int
qdrant_qdrant,pulls,assignee.login,1892,1.0,0.0,0.0,str
qdrant_qdrant,pulls,assignee.node_id,1892,1.0,0.0,0.0,str
qdrant_qdrant,pulls,assignee.organizations_url,1892,1.0,0.0,0.0,str
qdrant_qdrant,pulls,assignee.received_events_url,1892,1.0,0.0,0.0,str
qdrant_qdrant,pulls,assignee.repos_url,1892,1.0,0.0,0.0,str
qdrant_qdrant,pulls,assignee.site_admin,1892,1.0,0.0,0.0,bool
qdrant_qdrant,pulls,assignee.starred_url,1892,1.0,0.0,0.0,str
qdrant_qdrant,pulls,assignee.subscriptions_url,1892,1.0,0.0,0.0,str
qdrant_qdrant,pulls,assignee.type,1892,1.0,0.0,0.0,str
qdrant_qdrant,pulls,assignee.url,1892,1.0,0.0,0.0,str
qdrant_qdrant,pulls,assignee.user_view_type,1892,1.0,0.0,0.0,str
qdrant_qdrant,pulls,assignees,1892,100.0,0.0,0.0,list
qdrant_qdrant,pulls,author_association,1892,100.0,0.0,0.0,str
qdrant_qdrant,pulls,auto_merge,1892,100.0,100.0,0.0,NoneType
qdrant_qdrant,pulls,base.label,1892,100.0,0.0,0.0,str
qdrant_qdrant,pulls,base.ref,1892,100.0,0.0,0.0,str
qdrant_qdrant,pulls,base.repo.allow_forking,1892,100.0,0.0,0.0,bool
qdrant_qdrant,pulls,base.repo.archive_url,1892,100.0,0.0,0.0,str
qdrant_qdrant,pulls,base.repo.archived,1892,100.0,0.0,0.0,bool
qdrant_qdrant,pulls,base.repo.assignees_url,1892,100.0,0.0,0.0,str
qdrant_qdrant,pulls,base.repo.blobs_url,1892,100.0,0.0,0.0,str
qdrant_qdrant,pulls,base.repo.branches_url,1892,100.0,0.0,0.0,str
qdrant_qdrant,pulls,base.repo.clone_url,1892,100.0,0.0,0.0,str
qdrant_qdrant,pulls,base.repo.collaborators_url,1892,100.0,0.0,0.0,str
qdrant_qdrant,pulls,base.repo.comments_url,1892,100.0,0.0,0.0,str
qdrant_qdrant,pulls,base.repo.commits_url,1892,100.0,0.0,0.0,str
qdrant_qdrant,pulls,base.repo.compare_url,1892,100.0,0.0,0.0,str
qdrant_qdrant,pulls,base.repo.contents_url,1892,100.0,0.0,0.0,str
qdrant_qdrant,pulls,base.repo.contributors_url,1892,100.0,0.0,0.0,str
qdrant_qdrant,pulls,base.repo.created_at,1892,100.0,0.0,0.0,str
qdrant_qdrant,pulls,base.repo.default_branch,1892,100.0,0.0,0.0,str
qdrant_qdrant,pulls,base.repo.deployments_url,1892,100.0,0.0,0.0,str
qdrant_qdrant,pulls,base.repo.description,1892,100.0,0.0,0.0,str
qdrant_qdrant,pulls,base.repo.disabled,1892,100.0,0.0,0.0,bool
qdrant_qdrant,pulls,base.repo.downloads_url,1892,100.0,0.0,0.0,str
qdrant_qdrant,pulls,base.repo.events_url,1892,100.0,0.0,0.0,str
qdrant_qdrant,pulls,base.repo.fork,1892,100.0,0.0,0.0,bool
qdrant_qdrant,pulls,base.repo.forks,1892,100.0,0.0,0.0,int
qdrant_qdrant,pulls,base.repo.forks_count,1892,100.0,0.0,0.0,int
qdrant_qdrant,pulls,base.repo.forks_url,1892,100.0,0.0,0.0,str
qdrant_qdrant,pulls,base.repo.full_name,1892,100.0,0.0,0.0,str
qdrant_qdrant,pulls,base.repo.git_commits_url,1892,100.0,0.0,0.0,str
qdrant_qdrant,pulls,base.repo.git_refs_url,1892,100.0,0.0,0.0,str
qdrant_qdrant,pulls,base.repo.git_tags_url,1892,100.0,0.0,0.0,str
qdrant_qdrant,pulls,base.repo.git_url,1892,100.0,0.0,0.0,str
qdrant_qdrant,pulls,base.repo.has_discussions,1892,100.0,0.0,0.0,bool
qdrant_qdrant,pulls,base.repo.has_downloads,1892,100.0,0.0,0.0,bool
qdrant_qdrant,pulls,base.repo.has_issues,1892,100.0,0.0,0.0,bool
qdrant_qdrant,pulls,base.repo.has_pages,1892,100.0,0.0,0.0,bool
qdrant_qdrant,pulls,base.repo.has_projects,1892,100.0,0.0,0.0,bool
qdrant_qdrant,pulls,base.repo.has_pull_requests,1892,100.0,0.0,0.0,bool
qdrant_qdrant,pulls,base.repo.has_wiki,1892,100.0,0.0,0.0,bool
qdrant_qdrant,pulls,base.repo.homepage,1892,100.0,0.0,0.0,str
qdrant_qdrant,pulls,base.repo.hooks_url,1892,100.0,0.0,0.0,str
qdrant_qdrant,pulls,base.repo.html_url,1892,100.0,0.0,0.0,str
qdrant_qdrant,pulls,base.repo.id,1892,100.0,0.0,0.0,int
qdrant_qdrant,pulls,base.repo.is_template,1892,100.0,0.0,0.0,bool
qdrant_qdrant,pulls,base.repo.issue_comment_url,1892,100.0,0.0,0.0,str
qdrant_qdrant,pulls,base.repo.issue_events_url,1892,100.0,0.0,0.0,str
qdrant_qdrant,pulls,base.repo.issues_url,1892,100.0,0.0,0.0,str
qdrant_qdrant,pulls,base.repo.keys_url,1892,100.0,0.0,0.0,str
qdrant_qdrant,pulls,base.repo.labels_url,1892,100.0,0.0,0.0,str
qdrant_qdrant,pulls,base.repo.language,1892,100.0,0.0,0.0,str
qdrant_qdrant,pulls,base.repo.languages_url,1892,100.0,0.0,0.0,str
qdrant_qdrant,pulls,base.repo.license.key,1892,100.0,0.0,0.0,str
qdrant_qdrant,pulls,base.repo.license.name,1892,100.0,0.0,0.0,str
qdrant_qdrant,pulls,base.repo.license.node_id,1892,100.0,0.0,0.0,str
qdrant_qdrant,pulls,base.repo.license.spdx_id,1892,100.0,0.0,0.0,str
qdrant_qdrant,pulls,base.repo.license.url,1892,100.0,0.0,0.0,str
qdrant_qdrant,pulls,base.repo.merges_url,1892,100.0,0.0,0.0,str
qdrant_qdrant,pulls,base.repo.milestones_url,1892,100.0,0.0,0.0,str
qdrant_qdrant,pulls,base.repo.mirror_url,1892,100.0,100.0,0.0,NoneType
qdrant_qdrant,pulls,base.repo.name,1892,100.0,0.0,0.0,str
qdrant_qdrant,pulls,base.repo.node_id,1892,100.0,0.0,0.0,str
qdrant_qdrant,pulls,base.repo.notifications_url,1892,100.0,0.0,0.0,str
qdrant_qdrant,pulls,base.repo.open_issues,1892,100.0,0.0,0.0,int
qdrant_qdrant,pulls,base.repo.open_issues_count,1892,100.0,0.0,0.0,int
qdrant_qdrant,pulls,base.repo.owner.avatar_url,1892,100.0,0.0,0.0,str
qdrant_qdrant,pulls,base.repo.owner.events_url,1892,100.0,0.0,0.0,str
qdrant_qdrant,pulls,base.repo.owner.followers_url,1892,100.0,0.0,0.0,str
qdrant_qdrant,pulls,base.repo.owner.following_url,1892,100.0,0.0,0.0,str
qdrant_qdrant,pulls,base.repo.owner.gists_url,1892,100.0,0.0,0.0,str
qdrant_qdrant,pulls,base.repo.owner.gravatar_id,1892,100.0,0.0,100.0,str
qdrant_qdrant,pulls,base.repo.owner.html_url,1892,100.0,0.0,0.0,str
qdrant_qdrant,pulls,base.repo.owner.id,1892,100.0,0.0,0.0,int
qdrant_qdrant,pulls,base.repo.owner.login,1892,100.0,0.0,0.0,str
qdrant_qdrant,pulls,base.repo.owner.node_id,1892,100.0,0.0,0.0,str
qdrant_qdrant,pulls,base.repo.owner.organizations_url,1892,100.0,0.0,0.0,str
qdrant_qdrant,pulls,base.repo.owner.received_events_url,1892,100.0,0.0,0.0,str
qdrant_qdrant,pulls,base.repo.owner.repos_url,1892,100.0,0.0,0.0,str
qdrant_qdrant,pulls,base.repo.owner.site_admin,1892,100.0,0.0,0.0,bool
qdrant_qdrant,pulls,base.repo.owner.starred_url,1892,100.0,0.0,0.0,str
qdrant_qdrant,pulls,base.repo.owner.subscriptions_url,1892,100.0,0.0,0.0,str
qdrant_qdrant,pulls,base.repo.owner.type,1892,100.0,0.0,0.0,str
qdrant_qdrant,pulls,base.repo.owner.url,1892,100.0,0.0,0.0,str
qdrant_qdrant,pulls,base.repo.owner.user_view_type,1892,100.0,0.0,0.0,str
qdrant_qdrant,pulls,base.repo.private,1892,100.0,0.0,0.0,bool
qdrant_qdrant,pulls,base.repo.pull_request_creation_policy,1892,100.0,0.0,0.0,str
qdrant_qdrant,pulls,base.repo.pulls_url,1892,100.0,0.0,0.0,str
qdrant_qdrant,pulls,base.repo.pushed_at,1892,100.0,0.0,0.0,str
qdrant_qdrant,pulls,base.repo.releases_url,1892,100.0,0.0,0.0,str
qdrant_qdrant,pulls,base.repo.size,1892,100.0,0.0,0.0,int
qdrant_qdrant,pulls,base.repo.ssh_url,1892,100.0,0.0,0.0,str
qdrant_qdrant,pulls,base.repo.stargazers_count,1892,100.0,0.0,0.0,int
qdrant_qdrant,pulls,base.repo.stargazers_url,1892,100.0,0.0,0.0,str
qdrant_qdrant,pulls,base.repo.statuses_url,1892,100.0,0.0,0.0,str
qdrant_qdrant,pulls,base.repo.subscribers_url,1892,100.0,0.0,0.0,str
qdrant_qdrant,pulls,base.repo.subscription_url,1892,100.0,0.0,0.0,str
qdrant_qdrant,pulls,base.repo.svn_url,1892,100.0,0.0,0.0,str
qdrant_qdrant,pulls,base.repo.tags_url,1892,100.0,0.0,0.0,str
qdrant_qdrant,pulls,base.repo.teams_url,1892,100.0,0.0,0.0,str
qdrant_qdrant,pulls,base.repo.topics,1892,100.0,0.0,0.0,list
qdrant_qdrant,pulls,base.repo.trees_url,1892,100.0,0.0,0.0,str
qdrant_qdrant,pulls,base.repo.updated_at,1892,100.0,0.0,0.0,str
qdrant_qdrant,pulls,base.repo.url,1892,100.0,0.0,0.0,str
qdrant_qdrant,pulls,base.repo.visibility,1892,100.0,0.0,0.0,str
qdrant_qdrant,pulls,base.repo.watchers,1892,100.0,0.0,0.0,int
qdrant_qdrant,pulls,base.repo.watchers_count,1892,100.0,0.0,0.0,int
qdrant_qdrant,pulls,base.repo.web_commit_signoff_required,1892,100.0,0.0,0.0,bool
qdrant_qdrant,pulls,base.sha,1892,100.0,0.0,0.0,str
qdrant_qdrant,pulls,base.user.avatar_url,1892,100.0,0.0,0.0,str
qdrant_qdrant,pulls,base.user.events_url,1892,100.0,0.0,0.0,str
qdrant_qdrant,pulls,base.user.followers_url,1892,100.0,0.0,0.0,str
qdrant_qdrant,pulls,base.user.following_url,1892,100.0,0.0,0.0,str
qdrant_qdrant,pulls,base.user.gists_url,1892,100.0,0.0,0.0,str
qdrant_qdrant,pulls,base.user.gravatar_id,1892,100.0,0.0,100.0,str
qdrant_qdrant,pulls,base.user.html_url,1892,100.0,0.0,0.0,str
qdrant_qdrant,pulls,base.user.id,1892,100.0,0.0,0.0,int
qdrant_qdrant,pulls,base.user.login,1892,100.0,0.0,0.0,str
qdrant_qdrant,pulls,base.user.node_id,1892,100.0,0.0,0.0,str
qdrant_qdrant,pulls,base.user.organizations_url,1892,100.0,0.0,0.0,str
qdrant_qdrant,pulls,base.user.received_events_url,1892,100.0,0.0,0.0,str
qdrant_qdrant,pulls,base.user.repos_url,1892,100.0,0.0,0.0,str
qdrant_qdrant,pulls,base.user.site_admin,1892,100.0,0.0,0.0,bool
qdrant_qdrant,pulls,base.user.starred_url,1892,100.0,0.0,0.0,str
qdrant_qdrant,pulls,base.user.subscriptions_url,1892,100.0,0.0,0.0,str
qdrant_qdrant,pulls,base.user.type,1892,100.0,0.0,0.0,str
qdrant_qdrant,pulls,base.user.url,1892,100.0,0.0,0.0,str
qdrant_qdrant,pulls,base.user.user_view_type,1892,100.0,0.0,0.0,str
qdrant_qdrant,pulls,body,1892,100.0,0.74,0.0,NoneType|str
qdrant_qdrant,pulls,closed_at,1892,100.0,10.31,0.0,NoneType|str
qdrant_qdrant,pulls,comments_url,1892,100.0,0.0,0.0,str
qdrant_qdrant,pulls,commits_url,1892,100.0,0.0,0.0,str
qdrant_qdrant,pulls,created_at,1892,100.0,0.0,0.0,str
qdrant_qdrant,pulls,diff_url,1892,100.0,0.0,0.0,str
qdrant_qdrant,pulls,draft,1892,100.0,0.0,0.0,bool
qdrant_qdrant,pulls,head.label,1892,100.0,0.05,0.0,NoneType|str
qdrant_qdrant,pulls,head.ref,1892,100.0,0.0,0.0,str
qdrant_qdrant,pulls,head.repo,1892,0.9,100.0,0.0,NoneType
qdrant_qdrant,pulls,head.repo.allow_forking,1892,99.1,0.0,0.0,bool
qdrant_qdrant,pulls,head.repo.archive_url,1892,99.1,0.0,0.0,str
qdrant_qdrant,pulls,head.repo.archived,1892,99.1,0.0,0.0,bool
qdrant_qdrant,pulls,head.repo.assignees_url,1892,99.1,0.0,0.0,str
qdrant_qdrant,pulls,head.repo.blobs_url,1892,99.1,0.0,0.0,str
qdrant_qdrant,pulls,head.repo.branches_url,1892,99.1,0.0,0.0,str
qdrant_qdrant,pulls,head.repo.clone_url,1892,99.1,0.0,0.0,str
qdrant_qdrant,pulls,head.repo.collaborators_url,1892,99.1,0.0,0.0,str
qdrant_qdrant,pulls,head.repo.comments_url,1892,99.1,0.0,0.0,str
qdrant_qdrant,pulls,head.repo.commits_url,1892,99.1,0.0,0.0,str
qdrant_qdrant,pulls,head.repo.compare_url,1892,99.1,0.0,0.0,str
qdrant_qdrant,pulls,head.repo.contents_url,1892,99.1,0.0,0.0,str
qdrant_qdrant,pulls,head.repo.contributors_url,1892,99.1,0.0,0.0,str
qdrant_qdrant,pulls,head.repo.created_at,1892,99.1,0.0,0.0,str
qdrant_qdrant,pulls,head.repo.default_branch,1892,99.1,0.0,0.0,str
qdrant_qdrant,pulls,head.repo.deployments_url,1892,99.1,0.0,0.0,str
qdrant_qdrant,pulls,head.repo.description,1892,99.1,0.0,0.0,str
qdrant_qdrant,pulls,head.repo.disabled,1892,99.1,0.0,0.0,bool
qdrant_qdrant,pulls,head.repo.downloads_url,1892,99.1,0.0,0.0,str
qdrant_qdrant,pulls,head.repo.events_url,1892,99.1,0.0,0.0,str
qdrant_qdrant,pulls,head.repo.fork,1892,99.1,0.0,0.0,bool
qdrant_qdrant,pulls,head.repo.forks,1892,99.1,0.0,0.0,int
qdrant_qdrant,pulls,head.repo.forks_count,1892,99.1,0.0,0.0,int
qdrant_qdrant,pulls,head.repo.forks_url,1892,99.1,0.0,0.0,str
qdrant_qdrant,pulls,head.repo.full_name,1892,99.1,0.0,0.0,str
qdrant_qdrant,pulls,head.repo.git_commits_url,1892,99.1,0.0,0.0,str
qdrant_qdrant,pulls,head.repo.git_refs_url,1892,99.1,0.0,0.0,str
qdrant_qdrant,pulls,head.repo.git_tags_url,1892,99.1,0.0,0.0,str
qdrant_qdrant,pulls,head.repo.git_url,1892,99.1,0.0,0.0,str
qdrant_qdrant,pulls,head.repo.has_discussions,1892,99.1,0.0,0.0,bool
qdrant_qdrant,pulls,head.repo.has_downloads,1892,99.1,0.0,0.0,bool
qdrant_qdrant,pulls,head.repo.has_issues,1892,99.1,0.0,0.0,bool
qdrant_qdrant,pulls,head.repo.has_pages,1892,99.1,0.0,0.0,bool
qdrant_qdrant,pulls,head.repo.has_projects,1892,99.1,0.0,0.0,bool
qdrant_qdrant,pulls,head.repo.has_pull_requests,1892,99.1,0.0,0.0,bool
qdrant_qdrant,pulls,head.repo.has_wiki,1892,99.1,0.0,0.0,bool
qdrant_qdrant,pulls,head.repo.homepage,1892,99.1,0.0,0.0,str
qdrant_qdrant,pulls,head.repo.hooks_url,1892,99.1,0.0,0.0,str
qdrant_qdrant,pulls,head.repo.html_url,1892,99.1,0.0,0.0,str
qdrant_qdrant,pulls,head.repo.id,1892,99.1,0.0,0.0,int
qdrant_qdrant,pulls,head.repo.is_template,1892,99.1,0.0,0.0,bool
qdrant_qdrant,pulls,head.repo.issue_comment_url,1892,99.1,0.0,0.0,str
qdrant_qdrant,pulls,head.repo.issue_events_url,1892,99.1,0.0,0.0,str
qdrant_qdrant,pulls,head.repo.issues_url,1892,99.1,0.0,0.0,str
qdrant_qdrant,pulls,head.repo.keys_url,1892,99.1,0.0,0.0,str
qdrant_qdrant,pulls,head.repo.labels_url,1892,99.1,0.0,0.0,str
qdrant_qdrant,pulls,head.repo.language,1892,99.1,11.73,0.0,NoneType|str
qdrant_qdrant,pulls,head.repo.languages_url,1892,99.1,0.0,0.0,str
qdrant_qdrant,pulls,head.repo.license.key,1892,99.1,0.0,0.0,str
qdrant_qdrant,pulls,head.repo.license.name,1892,99.1,0.0,0.0,str
qdrant_qdrant,pulls,head.repo.license.node_id,1892,99.1,0.0,0.0,str
qdrant_qdrant,pulls,head.repo.license.spdx_id,1892,99.1,0.0,0.0,str
qdrant_qdrant,pulls,head.repo.license.url,1892,99.1,0.0,0.0,str
qdrant_qdrant,pulls,head.repo.merges_url,1892,99.1,0.0,0.0,str
qdrant_qdrant,pulls,head.repo.milestones_url,1892,99.1,0.0,0.0,str
qdrant_qdrant,pulls,head.repo.mirror_url,1892,99.1,100.0,0.0,NoneType
qdrant_qdrant,pulls,head.repo.name,1892,99.1,0.0,0.0,str
qdrant_qdrant,pulls,head.repo.node_id,1892,99.1,0.0,0.0,str
qdrant_qdrant,pulls,head.repo.notifications_url,1892,99.1,0.0,0.0,str
qdrant_qdrant,pulls,head.repo.open_issues,1892,99.1,0.0,0.0,int
qdrant_qdrant,pulls,head.repo.open_issues_count,1892,99.1,0.0,0.0,int
qdrant_qdrant,pulls,head.repo.owner.avatar_url,1892,99.1,0.0,0.0,str
qdrant_qdrant,pulls,head.repo.owner.events_url,1892,99.1,0.0,0.0,str
qdrant_qdrant,pulls,head.repo.owner.followers_url,1892,99.1,0.0,0.0,str
qdrant_qdrant,pulls,head.repo.owner.following_url,1892,99.1,0.0,0.0,str
qdrant_qdrant,pulls,head.repo.owner.gists_url,1892,99.1,0.0,0.0,str
qdrant_qdrant,pulls,head.repo.owner.gravatar_id,1892,99.1,0.0,100.0,str
qdrant_qdrant,pulls,head.repo.owner.html_url,1892,99.1,0.0,0.0,str
qdrant_qdrant,pulls,head.repo.owner.id,1892,99.1,0.0,0.0,int
qdrant_qdrant,pulls,head.repo.owner.login,1892,99.1,0.0,0.0,str
qdrant_qdrant,pulls,head.repo.owner.node_id,1892,99.1,0.0,0.0,str
qdrant_qdrant,pulls,head.repo.owner.organizations_url,1892,99.1,0.0,0.0,str
qdrant_qdrant,pulls,head.repo.owner.received_events_url,1892,99.1,0.0,0.0,str
qdrant_qdrant,pulls,head.repo.owner.repos_url,1892,99.1,0.0,0.0,str
qdrant_qdrant,pulls,head.repo.owner.site_admin,1892,99.1,0.0,0.0,bool
qdrant_qdrant,pulls,head.repo.owner.starred_url,1892,99.1,0.0,0.0,str
qdrant_qdrant,pulls,head.repo.owner.subscriptions_url,1892,99.1,0.0,0.0,str
qdrant_qdrant,pulls,head.repo.owner.type,1892,99.1,0.0,0.0,str
qdrant_qdrant,pulls,head.repo.owner.url,1892,99.1,0.0,0.0,str
qdrant_qdrant,pulls,head.repo.owner.user_view_type,1892,99.1,0.0,0.0,str
qdrant_qdrant,pulls,head.repo.private,1892,99.1,0.0,0.0,bool
qdrant_qdrant,pulls,head.repo.pull_request_creation_policy,1892,99.1,0.0,0.0,str
qdrant_qdrant,pulls,head.repo.pulls_url,1892,99.1,0.0,0.0,str
qdrant_qdrant,pulls,head.repo.pushed_at,1892,99.1,0.0,0.0,str
qdrant_qdrant,pulls,head.repo.releases_url,1892,99.1,0.0,0.0,str
qdrant_qdrant,pulls,head.repo.size,1892,99.1,0.0,0.0,int
qdrant_qdrant,pulls,head.repo.ssh_url,1892,99.1,0.0,0.0,str
qdrant_qdrant,pulls,head.repo.stargazers_count,1892,99.1,0.0,0.0,int
qdrant_qdrant,pulls,head.repo.stargazers_url,1892,99.1,0.0,0.0,str
qdrant_qdrant,pulls,head.repo.statuses_url,1892,99.1,0.0,0.0,str
qdrant_qdrant,pulls,head.repo.subscribers_url,1892,99.1,0.0,0.0,str
qdrant_qdrant,pulls,head.repo.subscription_url,1892,99.1,0.0,0.0,str
qdrant_qdrant,pulls,head.repo.svn_url,1892,99.1,0.0,0.0,str
qdrant_qdrant,pulls,head.repo.tags_url,1892,99.1,0.0,0.0,str
qdrant_qdrant,pulls,head.repo.teams_url,1892,99.1,0.0,0.0,str
qdrant_qdrant,pulls,head.repo.topics,1892,99.1,0.0,0.0,list
qdrant_qdrant,pulls,head.repo.trees_url,1892,99.1,0.0,0.0,str
qdrant_qdrant,pulls,head.repo.updated_at,1892,99.1,0.0,0.0,str
qdrant_qdrant,pulls,head.repo.url,1892,99.1,0.0,0.0,str
qdrant_qdrant,pulls,head.repo.visibility,1892,99.1,0.0,0.0,str
qdrant_qdrant,pulls,head.repo.watchers,1892,99.1,0.0,0.0,int
qdrant_qdrant,pulls,head.repo.watchers_count,1892,99.1,0.0,0.0,int
qdrant_qdrant,pulls,head.repo.web_commit_signoff_required,1892,99.1,0.0,0.0,bool
qdrant_qdrant,pulls,head.sha,1892,100.0,0.0,0.0,str
qdrant_qdrant,pulls,head.user,1892,0.05,100.0,0.0,NoneType
qdrant_qdrant,pulls,head.user.avatar_url,1892,99.95,0.0,0.0,str
qdrant_qdrant,pulls,head.user.events_url,1892,99.95,0.0,0.0,str
qdrant_qdrant,pulls,head.user.followers_url,1892,99.95,0.0,0.0,str
qdrant_qdrant,pulls,head.user.following_url,1892,99.95,0.0,0.0,str
qdrant_qdrant,pulls,head.user.gists_url,1892,99.95,0.0,0.0,str
qdrant_qdrant,pulls,head.user.gravatar_id,1892,99.95,0.0,100.0,str
qdrant_qdrant,pulls,head.user.html_url,1892,99.95,0.0,0.0,str
qdrant_qdrant,pulls,head.user.id,1892,99.95,0.0,0.0,int
qdrant_qdrant,pulls,head.user.login,1892,99.95,0.0,0.0,str
qdrant_qdrant,pulls,head.user.node_id,1892,99.95,0.0,0.0,str
qdrant_qdrant,pulls,head.user.organizations_url,1892,99.95,0.0,0.0,str
qdrant_qdrant,pulls,head.user.received_events_url,1892,99.95,0.0,0.0,str
qdrant_qdrant,pulls,head.user.repos_url,1892,99.95,0.0,0.0,str
qdrant_qdrant,pulls,head.user.site_admin,1892,99.95,0.0,0.0,bool
qdrant_qdrant,pulls,head.user.starred_url,1892,99.95,0.0,0.0,str
qdrant_qdrant,pulls,head.user.subscriptions_url,1892,99.95,0.0,0.0,str
qdrant_qdrant,pulls,head.user.type,1892,99.95,0.0,0.0,str
qdrant_qdrant,pulls,head.user.url,1892,99.95,0.0,0.0,str
qdrant_qdrant,pulls,head.user.user_view_type,1892,99.95,0.0,0.0,str
qdrant_qdrant,pulls,html_url,1892,100.0,0.0,0.0,str
qdrant_qdrant,pulls,id,1892,100.0,0.0,0.0,int
qdrant_qdrant,pulls,issue_url,1892,100.0,0.0,0.0,str
qdrant_qdrant,pulls,labels,1892,100.0,0.0,0.0,list
qdrant_qdrant,pulls,locked,1892,100.0,0.0,0.0,bool
qdrant_qdrant,pulls,merge_commit_sha,1892,100.0,6.77,0.0,NoneType|str
qdrant_qdrant,pulls,merged_at,1892,100.0,24.26,0.0,NoneType|str
qdrant_qdrant,pulls,milestone,1892,86.79,100.0,0.0,NoneType
qdrant_qdrant,pulls,milestone.closed_at,1892,13.21,86.4,0.0,NoneType|str
qdrant_qdrant,pulls,milestone.closed_issues,1892,13.21,0.0,0.0,int
qdrant_qdrant,pulls,milestone.created_at,1892,13.21,0.0,0.0,str
qdrant_qdrant,pulls,milestone.creator.avatar_url,1892,13.21,0.0,0.0,str
qdrant_qdrant,pulls,milestone.creator.events_url,1892,13.21,0.0,0.0,str
qdrant_qdrant,pulls,milestone.creator.followers_url,1892,13.21,0.0,0.0,str
qdrant_qdrant,pulls,milestone.creator.following_url,1892,13.21,0.0,0.0,str
qdrant_qdrant,pulls,milestone.creator.gists_url,1892,13.21,0.0,0.0,str
qdrant_qdrant,pulls,milestone.creator.gravatar_id,1892,13.21,0.0,100.0,str
qdrant_qdrant,pulls,milestone.creator.html_url,1892,13.21,0.0,0.0,str
qdrant_qdrant,pulls,milestone.creator.id,1892,13.21,0.0,0.0,int
qdrant_qdrant,pulls,milestone.creator.login,1892,13.21,0.0,0.0,str
qdrant_qdrant,pulls,milestone.creator.node_id,1892,13.21,0.0,0.0,str
qdrant_qdrant,pulls,milestone.creator.organizations_url,1892,13.21,0.0,0.0,str
qdrant_qdrant,pulls,milestone.creator.received_events_url,1892,13.21,0.0,0.0,str
qdrant_qdrant,pulls,milestone.creator.repos_url,1892,13.21,0.0,0.0,str
qdrant_qdrant,pulls,milestone.creator.site_admin,1892,13.21,0.0,0.0,bool
qdrant_qdrant,pulls,milestone.creator.starred_url,1892,13.21,0.0,0.0,str
qdrant_qdrant,pulls,milestone.creator.subscriptions_url,1892,13.21,0.0,0.0,str
qdrant_qdrant,pulls,milestone.creator.type,1892,13.21,0.0,0.0,str
qdrant_qdrant,pulls,milestone.creator.url,1892,13.21,0.0,0.0,str
qdrant_qdrant,pulls,milestone.creator.user_view_type,1892,13.21,0.0,0.0,str
qdrant_qdrant,pulls,milestone.description,1892,13.21,78.8,12.8,NoneType|str
qdrant_qdrant,pulls,milestone.due_on,1892,13.21,100.0,0.0,NoneType
qdrant_qdrant,pulls,milestone.html_url,1892,13.21,0.0,0.0,str
qdrant_qdrant,pulls,milestone.id,1892,13.21,0.0,0.0,int
qdrant_qdrant,pulls,milestone.labels_url,1892,13.21,0.0,0.0,str
qdrant_qdrant,pulls,milestone.node_id,1892,13.21,0.0,0.0,str
qdrant_qdrant,pulls,milestone.number,1892,13.21,0.0,0.0,int
qdrant_qdrant,pulls,milestone.open_issues,1892,13.21,0.0,0.0,int
qdrant_qdrant,pulls,milestone.state,1892,13.21,0.0,0.0,str
qdrant_qdrant,pulls,milestone.title,1892,13.21,0.0,0.0,str
qdrant_qdrant,pulls,milestone.updated_at,1892,13.21,0.0,0.0,str
qdrant_qdrant,pulls,milestone.url,1892,13.21,0.0,0.0,str
qdrant_qdrant,pulls,node_id,1892,100.0,0.0,0.0,str
qdrant_qdrant,pulls,number,1892,100.0,0.0,0.0,int
qdrant_qdrant,pulls,patch_url,1892,100.0,0.0,0.0,str
qdrant_qdrant,pulls,requested_reviewers,1892,100.0,0.0,0.0,list
qdrant_qdrant,pulls,requested_teams,1892,100.0,0.0,0.0,list
qdrant_qdrant,pulls,review_comment_url,1892,100.0,0.0,0.0,str
qdrant_qdrant,pulls,review_comments_url,1892,100.0,0.0,0.0,str
qdrant_qdrant,pulls,stack.base.ref,1892,6.92,0.0,0.0,str
qdrant_qdrant,pulls,stack.base.sha,1892,6.92,66.41,0.0,NoneType|str
qdrant_qdrant,pulls,stack.id,1892,6.92,0.0,0.0,int
qdrant_qdrant,pulls,stack.number,1892,6.92,0.0,0.0,int
qdrant_qdrant,pulls,stack.position,1892,6.92,0.0,0.0,int
qdrant_qdrant,pulls,stack.size,1892,6.92,0.0,0.0,int
qdrant_qdrant,pulls,state,1892,100.0,0.0,0.0,str
qdrant_qdrant,pulls,statuses_url,1892,100.0,0.0,0.0,str
qdrant_qdrant,pulls,title,1892,100.0,0.0,0.0,str
qdrant_qdrant,pulls,updated_at,1892,100.0,0.0,0.0,str
qdrant_qdrant,pulls,url,1892,100.0,0.0,0.0,str
qdrant_qdrant,pulls,user.avatar_url,1892,100.0,0.0,0.0,str
qdrant_qdrant,pulls,user.events_url,1892,100.0,0.0,0.0,str
qdrant_qdrant,pulls,user.followers_url,1892,100.0,0.0,0.0,str
qdrant_qdrant,pulls,user.following_url,1892,100.0,0.0,0.0,str
qdrant_qdrant,pulls,user.gists_url,1892,100.0,0.0,0.0,str
qdrant_qdrant,pulls,user.gravatar_id,1892,100.0,0.0,100.0,str
qdrant_qdrant,pulls,user.html_url,1892,100.0,0.0,0.0,str
qdrant_qdrant,pulls,user.id,1892,100.0,0.0,0.0,int
qdrant_qdrant,pulls,user.login,1892,100.0,0.0,0.0,str
qdrant_qdrant,pulls,user.node_id,1892,100.0,0.0,0.0,str
qdrant_qdrant,pulls,user.organizations_url,1892,100.0,0.0,0.0,str
qdrant_qdrant,pulls,user.received_events_url,1892,100.0,0.0,0.0,str
qdrant_qdrant,pulls,user.repos_url,1892,100.0,0.0,0.0,str
qdrant_qdrant,pulls,user.site_admin,1892,100.0,0.0,0.0,bool
qdrant_qdrant,pulls,user.starred_url,1892,100.0,0.0,0.0,str
qdrant_qdrant,pulls,user.subscriptions_url,1892,100.0,0.0,0.0,str
qdrant_qdrant,pulls,user.type,1892,100.0,0.0,0.0,str
qdrant_qdrant,pulls,user.url,1892,100.0,0.0,0.0,str
qdrant_qdrant,pulls,user.user_view_type,1892,100.0,0.0,0.0,str
qdrant_qdrant,releases,assets,117,100.0,0.0,0.0,list
qdrant_qdrant,releases,assets_url,117,100.0,0.0,0.0,str
qdrant_qdrant,releases,author.avatar_url,117,100.0,0.0,0.0,str
qdrant_qdrant,releases,author.events_url,117,100.0,0.0,0.0,str
qdrant_qdrant,releases,author.followers_url,117,100.0,0.0,0.0,str
qdrant_qdrant,releases,author.following_url,117,100.0,0.0,0.0,str
qdrant_qdrant,releases,author.gists_url,117,100.0,0.0,0.0,str
qdrant_qdrant,releases,author.gravatar_id,117,100.0,0.0,100.0,str
qdrant_qdrant,releases,author.html_url,117,100.0,0.0,0.0,str
qdrant_qdrant,releases,author.id,117,100.0,0.0,0.0,int
qdrant_qdrant,releases,author.login,117,100.0,0.0,0.0,str
qdrant_qdrant,releases,author.node_id,117,100.0,0.0,0.0,str
qdrant_qdrant,releases,author.organizations_url,117,100.0,0.0,0.0,str
qdrant_qdrant,releases,author.received_events_url,117,100.0,0.0,0.0,str
qdrant_qdrant,releases,author.repos_url,117,100.0,0.0,0.0,str
qdrant_qdrant,releases,author.site_admin,117,100.0,0.0,0.0,bool
qdrant_qdrant,releases,author.starred_url,117,100.0,0.0,0.0,str
qdrant_qdrant,releases,author.subscriptions_url,117,100.0,0.0,0.0,str
qdrant_qdrant,releases,author.type,117,100.0,0.0,0.0,str
qdrant_qdrant,releases,author.url,117,100.0,0.0,0.0,str
qdrant_qdrant,releases,author.user_view_type,117,100.0,0.0,0.0,str
qdrant_qdrant,releases,body,117,100.0,0.0,0.0,str
qdrant_qdrant,releases,created_at,117,100.0,0.0,0.0,str
qdrant_qdrant,releases,discussion_url,117,4.27,0.0,0.0,str
qdrant_qdrant,releases,draft,117,100.0,0.0,0.0,bool
qdrant_qdrant,releases,html_url,117,100.0,0.0,0.0,str
qdrant_qdrant,releases,id,117,100.0,0.0,0.0,int
qdrant_qdrant,releases,immutable,117,100.0,0.0,0.0,bool
qdrant_qdrant,releases,mentions_count,117,16.24,0.0,0.0,int
qdrant_qdrant,releases,name,117,100.0,0.0,0.85,str
qdrant_qdrant,releases,node_id,117,100.0,0.0,0.0,str
qdrant_qdrant,releases,prerelease,117,100.0,0.0,0.0,bool
qdrant_qdrant,releases,published_at,117,100.0,0.0,0.0,str
qdrant_qdrant,releases,reactions.+1,117,96.58,0.0,0.0,int
qdrant_qdrant,releases,reactions.-1,117,96.58,0.0,0.0,int
qdrant_qdrant,releases,reactions.confused,117,96.58,0.0,0.0,int
qdrant_qdrant,releases,reactions.eyes,117,96.58,0.0,0.0,int
qdrant_qdrant,releases,reactions.heart,117,96.58,0.0,0.0,int
qdrant_qdrant,releases,reactions.hooray,117,96.58,0.0,0.0,int
qdrant_qdrant,releases,reactions.laugh,117,96.58,0.0,0.0,int
qdrant_qdrant,releases,reactions.rocket,117,96.58,0.0,0.0,int
qdrant_qdrant,releases,reactions.total_count,117,96.58,0.0,0.0,int
qdrant_qdrant,releases,reactions.url,117,96.58,0.0,0.0,str
qdrant_qdrant,releases,tag_name,117,100.0,0.0,0.0,str
qdrant_qdrant,releases,tarball_url,117,100.0,0.0,0.0,str
qdrant_qdrant,releases,target_commitish,117,100.0,0.0,0.0,str
qdrant_qdrant,releases,updated_at,117,100.0,0.0,0.0,str
qdrant_qdrant,releases,upload_url,117,100.0,0.0,0.0,str
qdrant_qdrant,releases,url,117,100.0,0.0,0.0,str
qdrant_qdrant,releases,zipball_url,117,100.0,0.0,0.0,str
qdrant_qdrant,repo_metadata,allow_forking,1,100.0,0.0,0.0,bool
qdrant_qdrant,repo_metadata,archive_url,1,100.0,0.0,0.0,str
qdrant_qdrant,repo_metadata,archived,1,100.0,0.0,0.0,bool
qdrant_qdrant,repo_metadata,assignees_url,1,100.0,0.0,0.0,str
qdrant_qdrant,repo_metadata,blobs_url,1,100.0,0.0,0.0,str
qdrant_qdrant,repo_metadata,branches_url,1,100.0,0.0,0.0,str
qdrant_qdrant,repo_metadata,clone_url,1,100.0,0.0,0.0,str
qdrant_qdrant,repo_metadata,collaborators_url,1,100.0,0.0,0.0,str
qdrant_qdrant,repo_metadata,comments_url,1,100.0,0.0,0.0,str
qdrant_qdrant,repo_metadata,commits_url,1,100.0,0.0,0.0,str
qdrant_qdrant,repo_metadata,compare_url,1,100.0,0.0,0.0,str
qdrant_qdrant,repo_metadata,contents_url,1,100.0,0.0,0.0,str
qdrant_qdrant,repo_metadata,contributors_url,1,100.0,0.0,0.0,str
qdrant_qdrant,repo_metadata,created_at,1,100.0,0.0,0.0,str
qdrant_qdrant,repo_metadata,default_branch,1,100.0,0.0,0.0,str
qdrant_qdrant,repo_metadata,deployments_url,1,100.0,0.0,0.0,str
qdrant_qdrant,repo_metadata,description,1,100.0,0.0,0.0,str
qdrant_qdrant,repo_metadata,disabled,1,100.0,0.0,0.0,bool
qdrant_qdrant,repo_metadata,downloads_url,1,100.0,0.0,0.0,str
qdrant_qdrant,repo_metadata,events_url,1,100.0,0.0,0.0,str
qdrant_qdrant,repo_metadata,fork,1,100.0,0.0,0.0,bool
qdrant_qdrant,repo_metadata,forks,1,100.0,0.0,0.0,int
qdrant_qdrant,repo_metadata,forks_count,1,100.0,0.0,0.0,int
qdrant_qdrant,repo_metadata,forks_url,1,100.0,0.0,0.0,str
qdrant_qdrant,repo_metadata,full_name,1,100.0,0.0,0.0,str
qdrant_qdrant,repo_metadata,git_commits_url,1,100.0,0.0,0.0,str
qdrant_qdrant,repo_metadata,git_refs_url,1,100.0,0.0,0.0,str
qdrant_qdrant,repo_metadata,git_tags_url,1,100.0,0.0,0.0,str
qdrant_qdrant,repo_metadata,git_url,1,100.0,0.0,0.0,str
qdrant_qdrant,repo_metadata,has_discussions,1,100.0,0.0,0.0,bool
qdrant_qdrant,repo_metadata,has_downloads,1,100.0,0.0,0.0,bool
qdrant_qdrant,repo_metadata,has_issues,1,100.0,0.0,0.0,bool
qdrant_qdrant,repo_metadata,has_pages,1,100.0,0.0,0.0,bool
qdrant_qdrant,repo_metadata,has_projects,1,100.0,0.0,0.0,bool
qdrant_qdrant,repo_metadata,has_pull_requests,1,100.0,0.0,0.0,bool
qdrant_qdrant,repo_metadata,has_wiki,1,100.0,0.0,0.0,bool
qdrant_qdrant,repo_metadata,homepage,1,100.0,0.0,0.0,str
qdrant_qdrant,repo_metadata,hooks_url,1,100.0,0.0,0.0,str
qdrant_qdrant,repo_metadata,html_url,1,100.0,0.0,0.0,str
qdrant_qdrant,repo_metadata,id,1,100.0,0.0,0.0,int
qdrant_qdrant,repo_metadata,is_template,1,100.0,0.0,0.0,bool
qdrant_qdrant,repo_metadata,issue_comment_url,1,100.0,0.0,0.0,str
qdrant_qdrant,repo_metadata,issue_events_url,1,100.0,0.0,0.0,str
qdrant_qdrant,repo_metadata,issues_url,1,100.0,0.0,0.0,str
qdrant_qdrant,repo_metadata,keys_url,1,100.0,0.0,0.0,str
qdrant_qdrant,repo_metadata,labels_url,1,100.0,0.0,0.0,str
qdrant_qdrant,repo_metadata,language,1,100.0,0.0,0.0,str
qdrant_qdrant,repo_metadata,languages_url,1,100.0,0.0,0.0,str
qdrant_qdrant,repo_metadata,license.key,1,100.0,0.0,0.0,str
qdrant_qdrant,repo_metadata,license.name,1,100.0,0.0,0.0,str
qdrant_qdrant,repo_metadata,license.node_id,1,100.0,0.0,0.0,str
qdrant_qdrant,repo_metadata,license.spdx_id,1,100.0,0.0,0.0,str
qdrant_qdrant,repo_metadata,license.url,1,100.0,0.0,0.0,str
qdrant_qdrant,repo_metadata,merges_url,1,100.0,0.0,0.0,str
qdrant_qdrant,repo_metadata,milestones_url,1,100.0,0.0,0.0,str
qdrant_qdrant,repo_metadata,mirror_url,1,100.0,100.0,0.0,NoneType
qdrant_qdrant,repo_metadata,name,1,100.0,0.0,0.0,str
qdrant_qdrant,repo_metadata,network_count,1,100.0,0.0,0.0,int
qdrant_qdrant,repo_metadata,node_id,1,100.0,0.0,0.0,str
qdrant_qdrant,repo_metadata,notifications_url,1,100.0,0.0,0.0,str
qdrant_qdrant,repo_metadata,open_issues,1,100.0,0.0,0.0,int
qdrant_qdrant,repo_metadata,open_issues_count,1,100.0,0.0,0.0,int
qdrant_qdrant,repo_metadata,organization.avatar_url,1,100.0,0.0,0.0,str
qdrant_qdrant,repo_metadata,organization.events_url,1,100.0,0.0,0.0,str
qdrant_qdrant,repo_metadata,organization.followers_url,1,100.0,0.0,0.0,str
qdrant_qdrant,repo_metadata,organization.following_url,1,100.0,0.0,0.0,str
qdrant_qdrant,repo_metadata,organization.gists_url,1,100.0,0.0,0.0,str
qdrant_qdrant,repo_metadata,organization.gravatar_id,1,100.0,0.0,100.0,str
qdrant_qdrant,repo_metadata,organization.html_url,1,100.0,0.0,0.0,str
qdrant_qdrant,repo_metadata,organization.id,1,100.0,0.0,0.0,int
qdrant_qdrant,repo_metadata,organization.login,1,100.0,0.0,0.0,str
qdrant_qdrant,repo_metadata,organization.node_id,1,100.0,0.0,0.0,str
qdrant_qdrant,repo_metadata,organization.organizations_url,1,100.0,0.0,0.0,str
qdrant_qdrant,repo_metadata,organization.received_events_url,1,100.0,0.0,0.0,str
qdrant_qdrant,repo_metadata,organization.repos_url,1,100.0,0.0,0.0,str
qdrant_qdrant,repo_metadata,organization.site_admin,1,100.0,0.0,0.0,bool
qdrant_qdrant,repo_metadata,organization.starred_url,1,100.0,0.0,0.0,str
qdrant_qdrant,repo_metadata,organization.subscriptions_url,1,100.0,0.0,0.0,str
qdrant_qdrant,repo_metadata,organization.type,1,100.0,0.0,0.0,str
qdrant_qdrant,repo_metadata,organization.url,1,100.0,0.0,0.0,str
qdrant_qdrant,repo_metadata,organization.user_view_type,1,100.0,0.0,0.0,str
qdrant_qdrant,repo_metadata,owner.avatar_url,1,100.0,0.0,0.0,str
qdrant_qdrant,repo_metadata,owner.events_url,1,100.0,0.0,0.0,str
qdrant_qdrant,repo_metadata,owner.followers_url,1,100.0,0.0,0.0,str
qdrant_qdrant,repo_metadata,owner.following_url,1,100.0,0.0,0.0,str
qdrant_qdrant,repo_metadata,owner.gists_url,1,100.0,0.0,0.0,str
qdrant_qdrant,repo_metadata,owner.gravatar_id,1,100.0,0.0,100.0,str
qdrant_qdrant,repo_metadata,owner.html_url,1,100.0,0.0,0.0,str
qdrant_qdrant,repo_metadata,owner.id,1,100.0,0.0,0.0,int
qdrant_qdrant,repo_metadata,owner.login,1,100.0,0.0,0.0,str
qdrant_qdrant,repo_metadata,owner.node_id,1,100.0,0.0,0.0,str
qdrant_qdrant,repo_metadata,owner.organizations_url,1,100.0,0.0,0.0,str
qdrant_qdrant,repo_metadata,owner.received_events_url,1,100.0,0.0,0.0,str
qdrant_qdrant,repo_metadata,owner.repos_url,1,100.0,0.0,0.0,str
qdrant_qdrant,repo_metadata,owner.site_admin,1,100.0,0.0,0.0,bool
qdrant_qdrant,repo_metadata,owner.starred_url,1,100.0,0.0,0.0,str
qdrant_qdrant,repo_metadata,owner.subscriptions_url,1,100.0,0.0,0.0,str
qdrant_qdrant,repo_metadata,owner.type,1,100.0,0.0,0.0,str
qdrant_qdrant,repo_metadata,owner.url,1,100.0,0.0,0.0,str
qdrant_qdrant,repo_metadata,owner.user_view_type,1,100.0,0.0,0.0,str
qdrant_qdrant,repo_metadata,permissions.admin,1,100.0,0.0,0.0,bool
qdrant_qdrant,repo_metadata,permissions.maintain,1,100.0,0.0,0.0,bool
qdrant_qdrant,repo_metadata,permissions.pull,1,100.0,0.0,0.0,bool
qdrant_qdrant,repo_metadata,permissions.push,1,100.0,0.0,0.0,bool
qdrant_qdrant,repo_metadata,permissions.triage,1,100.0,0.0,0.0,bool
qdrant_qdrant,repo_metadata,private,1,100.0,0.0,0.0,bool
qdrant_qdrant,repo_metadata,pull_request_creation_policy,1,100.0,0.0,0.0,str
qdrant_qdrant,repo_metadata,pulls_url,1,100.0,0.0,0.0,str
qdrant_qdrant,repo_metadata,pushed_at,1,100.0,0.0,0.0,str
qdrant_qdrant,repo_metadata,releases_url,1,100.0,0.0,0.0,str
qdrant_qdrant,repo_metadata,size,1,100.0,0.0,0.0,int
qdrant_qdrant,repo_metadata,ssh_url,1,100.0,0.0,0.0,str
qdrant_qdrant,repo_metadata,stargazers_count,1,100.0,0.0,0.0,int
qdrant_qdrant,repo_metadata,stargazers_url,1,100.0,0.0,0.0,str
qdrant_qdrant,repo_metadata,statuses_url,1,100.0,0.0,0.0,str
qdrant_qdrant,repo_metadata,subscribers_count,1,100.0,0.0,0.0,int
qdrant_qdrant,repo_metadata,subscribers_url,1,100.0,0.0,0.0,str
qdrant_qdrant,repo_metadata,subscription_url,1,100.0,0.0,0.0,str
qdrant_qdrant,repo_metadata,svn_url,1,100.0,0.0,0.0,str
qdrant_qdrant,repo_metadata,tags_url,1,100.0,0.0,0.0,str
qdrant_qdrant,repo_metadata,teams_url,1,100.0,0.0,0.0,str
qdrant_qdrant,repo_metadata,temp_clone_token,1,100.0,0.0,100.0,str
qdrant_qdrant,repo_metadata,topics,1,100.0,0.0,0.0,list
qdrant_qdrant,repo_metadata,trees_url,1,100.0,0.0,0.0,str
qdrant_qdrant,repo_metadata,updated_at,1,100.0,0.0,0.0,str
qdrant_qdrant,repo_metadata,url,1,100.0,0.0,0.0,str
qdrant_qdrant,repo_metadata,visibility,1,100.0,0.0,0.0,str
qdrant_qdrant,repo_metadata,watchers,1,100.0,0.0,0.0,int
qdrant_qdrant,repo_metadata,watchers_count,1,100.0,0.0,0.0,int
qdrant_qdrant,repo_metadata,web_commit_signoff_required,1,100.0,0.0,0.0,bool
redis_redis,commits,author.avatar_url,313,100.0,0.0,0.0,str
redis_redis,commits,author.events_url,313,100.0,0.0,0.0,str
redis_redis,commits,author.followers_url,313,100.0,0.0,0.0,str
redis_redis,commits,author.following_url,313,100.0,0.0,0.0,str
redis_redis,commits,author.gists_url,313,100.0,0.0,0.0,str
redis_redis,commits,author.gravatar_id,313,100.0,0.0,100.0,str
redis_redis,commits,author.html_url,313,100.0,0.0,0.0,str
redis_redis,commits,author.id,313,100.0,0.0,0.0,int
redis_redis,commits,author.login,313,100.0,0.0,0.0,str
redis_redis,commits,author.node_id,313,100.0,0.0,0.0,str
redis_redis,commits,author.organizations_url,313,100.0,0.0,0.0,str
redis_redis,commits,author.received_events_url,313,100.0,0.0,0.0,str
redis_redis,commits,author.repos_url,313,100.0,0.0,0.0,str
redis_redis,commits,author.site_admin,313,100.0,0.0,0.0,bool
redis_redis,commits,author.starred_url,313,100.0,0.0,0.0,str
redis_redis,commits,author.subscriptions_url,313,100.0,0.0,0.0,str
redis_redis,commits,author.type,313,100.0,0.0,0.0,str
redis_redis,commits,author.url,313,100.0,0.0,0.0,str
redis_redis,commits,author.user_view_type,313,100.0,0.0,0.0,str
redis_redis,commits,comments_url,313,100.0,0.0,0.0,str
redis_redis,commits,commit.author.date,313,100.0,0.0,0.0,str
redis_redis,commits,commit.author.email,313,100.0,0.0,0.0,str
redis_redis,commits,commit.author.name,313,100.0,0.0,0.0,str
redis_redis,commits,commit.comment_count,313,100.0,0.0,0.0,int
redis_redis,commits,commit.committer.date,313,100.0,0.0,0.0,str
redis_redis,commits,commit.committer.email,313,100.0,0.0,0.0,str
redis_redis,commits,commit.committer.name,313,100.0,0.0,0.0,str
redis_redis,commits,commit.message,313,100.0,0.0,0.0,str
redis_redis,commits,commit.tree.sha,313,100.0,0.0,0.0,str
redis_redis,commits,commit.tree.url,313,100.0,0.0,0.0,str
redis_redis,commits,commit.url,313,100.0,0.0,0.0,str
redis_redis,commits,commit.verification.payload,313,100.0,6.07,0.0,NoneType|str
redis_redis,commits,commit.verification.reason,313,100.0,0.0,0.0,str
redis_redis,commits,commit.verification.signature,313,100.0,6.07,0.0,NoneType|str
redis_redis,commits,commit.verification.verified,313,100.0,0.0,0.0,bool
redis_redis,commits,commit.verification.verified_at,313,100.0,6.07,0.0,NoneType|str
redis_redis,commits,committer.avatar_url,313,100.0,0.0,0.0,str
redis_redis,commits,committer.events_url,313,100.0,0.0,0.0,str
redis_redis,commits,committer.followers_url,313,100.0,0.0,0.0,str
redis_redis,commits,committer.following_url,313,100.0,0.0,0.0,str
redis_redis,commits,committer.gists_url,313,100.0,0.0,0.0,str
redis_redis,commits,committer.gravatar_id,313,100.0,0.0,100.0,str
redis_redis,commits,committer.html_url,313,100.0,0.0,0.0,str
redis_redis,commits,committer.id,313,100.0,0.0,0.0,int
redis_redis,commits,committer.login,313,100.0,0.0,0.0,str
redis_redis,commits,committer.node_id,313,100.0,0.0,0.0,str
redis_redis,commits,committer.organizations_url,313,100.0,0.0,0.0,str
redis_redis,commits,committer.received_events_url,313,100.0,0.0,0.0,str
redis_redis,commits,committer.repos_url,313,100.0,0.0,0.0,str
redis_redis,commits,committer.site_admin,313,100.0,0.0,0.0,bool
redis_redis,commits,committer.starred_url,313,100.0,0.0,0.0,str
redis_redis,commits,committer.subscriptions_url,313,100.0,0.0,0.0,str
redis_redis,commits,committer.type,313,100.0,0.0,0.0,str
redis_redis,commits,committer.url,313,100.0,0.0,0.0,str
redis_redis,commits,committer.user_view_type,313,100.0,0.0,0.0,str
redis_redis,commits,html_url,313,100.0,0.0,0.0,str
redis_redis,commits,node_id,313,100.0,0.0,0.0,str
redis_redis,commits,parents,313,100.0,0.0,0.0,list
redis_redis,commits,sha,313,100.0,0.0,0.0,str
redis_redis,commits,url,313,100.0,0.0,0.0,str
redis_redis,issues,active_lock_reason,1110,100.0,100.0,0.0,NoneType
redis_redis,issues,assignee,1110,96.49,100.0,0.0,NoneType
redis_redis,issues,assignee.avatar_url,1110,3.51,0.0,0.0,str
redis_redis,issues,assignee.events_url,1110,3.51,0.0,0.0,str
redis_redis,issues,assignee.followers_url,1110,3.51,0.0,0.0,str
redis_redis,issues,assignee.following_url,1110,3.51,0.0,0.0,str
redis_redis,issues,assignee.gists_url,1110,3.51,0.0,0.0,str
redis_redis,issues,assignee.gravatar_id,1110,3.51,0.0,100.0,str
redis_redis,issues,assignee.html_url,1110,3.51,0.0,0.0,str
redis_redis,issues,assignee.id,1110,3.51,0.0,0.0,int
redis_redis,issues,assignee.login,1110,3.51,0.0,0.0,str
redis_redis,issues,assignee.node_id,1110,3.51,0.0,0.0,str
redis_redis,issues,assignee.organizations_url,1110,3.51,0.0,0.0,str
redis_redis,issues,assignee.received_events_url,1110,3.51,0.0,0.0,str
redis_redis,issues,assignee.repos_url,1110,3.51,0.0,0.0,str
redis_redis,issues,assignee.site_admin,1110,3.51,0.0,0.0,bool
redis_redis,issues,assignee.starred_url,1110,3.51,0.0,0.0,str
redis_redis,issues,assignee.subscriptions_url,1110,3.51,0.0,0.0,str
redis_redis,issues,assignee.type,1110,3.51,0.0,0.0,str
redis_redis,issues,assignee.url,1110,3.51,0.0,0.0,str
redis_redis,issues,assignee.user_view_type,1110,3.51,0.0,0.0,str
redis_redis,issues,assignees,1110,100.0,0.0,0.0,list
redis_redis,issues,author_association,1110,100.0,0.0,0.0,str
redis_redis,issues,body,1110,100.0,0.99,0.27,NoneType|str
redis_redis,issues,closed_at,1110,100.0,36.04,0.0,NoneType|str
redis_redis,issues,closed_by,1110,36.13,100.0,0.0,NoneType
redis_redis,issues,closed_by.avatar_url,1110,63.87,0.0,0.0,str
redis_redis,issues,closed_by.events_url,1110,63.87,0.0,0.0,str
redis_redis,issues,closed_by.followers_url,1110,63.87,0.0,0.0,str
redis_redis,issues,closed_by.following_url,1110,63.87,0.0,0.0,str
redis_redis,issues,closed_by.gists_url,1110,63.87,0.0,0.0,str
redis_redis,issues,closed_by.gravatar_id,1110,63.87,0.0,100.0,str
redis_redis,issues,closed_by.html_url,1110,63.87,0.0,0.0,str
redis_redis,issues,closed_by.id,1110,63.87,0.0,0.0,int
redis_redis,issues,closed_by.login,1110,63.87,0.0,0.0,str
redis_redis,issues,closed_by.node_id,1110,63.87,0.0,0.0,str
redis_redis,issues,closed_by.organizations_url,1110,63.87,0.0,0.0,str
redis_redis,issues,closed_by.received_events_url,1110,63.87,0.0,0.0,str
redis_redis,issues,closed_by.repos_url,1110,63.87,0.0,0.0,str
redis_redis,issues,closed_by.site_admin,1110,63.87,0.0,0.0,bool
redis_redis,issues,closed_by.starred_url,1110,63.87,0.0,0.0,str
redis_redis,issues,closed_by.subscriptions_url,1110,63.87,0.0,0.0,str
redis_redis,issues,closed_by.type,1110,63.87,0.0,0.0,str
redis_redis,issues,closed_by.url,1110,63.87,0.0,0.0,str
redis_redis,issues,closed_by.user_view_type,1110,63.87,0.0,0.0,str
redis_redis,issues,comments,1110,100.0,0.0,0.0,int
redis_redis,issues,comments_url,1110,100.0,0.0,0.0,str
redis_redis,issues,created_at,1110,100.0,0.0,0.0,str
redis_redis,issues,draft,1110,79.01,0.0,0.0,bool
redis_redis,issues,events_url,1110,100.0,0.0,0.0,str
redis_redis,issues,html_url,1110,100.0,0.0,0.0,str
redis_redis,issues,id,1110,100.0,0.0,0.0,int
redis_redis,issues,issue_dependencies_summary.blocked_by,1110,20.99,0.0,0.0,int
redis_redis,issues,issue_dependencies_summary.blocking,1110,20.99,0.0,0.0,int
redis_redis,issues,issue_dependencies_summary.total_blocked_by,1110,20.99,0.0,0.0,int
redis_redis,issues,issue_dependencies_summary.total_blocking,1110,20.99,0.0,0.0,int
redis_redis,issues,issue_field_values,1110,100.0,0.0,0.0,list
redis_redis,issues,labels,1110,100.0,0.0,0.0,list
redis_redis,issues,labels_url,1110,100.0,0.0,0.0,str
redis_redis,issues,locked,1110,100.0,0.0,0.0,bool
redis_redis,issues,milestone,1110,99.37,100.0,0.0,NoneType
redis_redis,issues,milestone.closed_at,1110,0.63,100.0,0.0,NoneType
redis_redis,issues,milestone.closed_issues,1110,0.63,0.0,0.0,int
redis_redis,issues,milestone.created_at,1110,0.63,0.0,0.0,str
redis_redis,issues,milestone.creator.avatar_url,1110,0.63,0.0,0.0,str
redis_redis,issues,milestone.creator.events_url,1110,0.63,0.0,0.0,str
redis_redis,issues,milestone.creator.followers_url,1110,0.63,0.0,0.0,str
redis_redis,issues,milestone.creator.following_url,1110,0.63,0.0,0.0,str
redis_redis,issues,milestone.creator.gists_url,1110,0.63,0.0,0.0,str
redis_redis,issues,milestone.creator.gravatar_id,1110,0.63,0.0,100.0,str
redis_redis,issues,milestone.creator.html_url,1110,0.63,0.0,0.0,str
redis_redis,issues,milestone.creator.id,1110,0.63,0.0,0.0,int
redis_redis,issues,milestone.creator.login,1110,0.63,0.0,0.0,str
redis_redis,issues,milestone.creator.node_id,1110,0.63,0.0,0.0,str
redis_redis,issues,milestone.creator.organizations_url,1110,0.63,0.0,0.0,str
redis_redis,issues,milestone.creator.received_events_url,1110,0.63,0.0,0.0,str
redis_redis,issues,milestone.creator.repos_url,1110,0.63,0.0,0.0,str
redis_redis,issues,milestone.creator.site_admin,1110,0.63,0.0,0.0,bool
redis_redis,issues,milestone.creator.starred_url,1110,0.63,0.0,0.0,str
redis_redis,issues,milestone.creator.subscriptions_url,1110,0.63,0.0,0.0,str
redis_redis,issues,milestone.creator.type,1110,0.63,0.0,0.0,str
redis_redis,issues,milestone.creator.url,1110,0.63,0.0,0.0,str
redis_redis,issues,milestone.creator.user_view_type,1110,0.63,0.0,0.0,str
redis_redis,issues,milestone.description,1110,0.63,0.0,85.71,str
redis_redis,issues,milestone.due_on,1110,0.63,100.0,0.0,NoneType
redis_redis,issues,milestone.html_url,1110,0.63,0.0,0.0,str
redis_redis,issues,milestone.id,1110,0.63,0.0,0.0,int
redis_redis,issues,milestone.labels_url,1110,0.63,0.0,0.0,str
redis_redis,issues,milestone.node_id,1110,0.63,0.0,0.0,str
redis_redis,issues,milestone.number,1110,0.63,0.0,0.0,int
redis_redis,issues,milestone.open_issues,1110,0.63,0.0,0.0,int
redis_redis,issues,milestone.state,1110,0.63,0.0,0.0,str
redis_redis,issues,milestone.title,1110,0.63,0.0,0.0,str
redis_redis,issues,milestone.updated_at,1110,0.63,0.0,0.0,str
redis_redis,issues,milestone.url,1110,0.63,0.0,0.0,str
redis_redis,issues,node_id,1110,100.0,0.0,0.0,str
redis_redis,issues,number,1110,100.0,0.0,0.0,int
redis_redis,issues,performed_via_github_app,1110,100.0,100.0,0.0,NoneType
redis_redis,issues,pinned_comment,1110,20.99,100.0,0.0,NoneType
redis_redis,issues,pull_request.diff_url,1110,79.01,0.0,0.0,str
redis_redis,issues,pull_request.html_url,1110,79.01,0.0,0.0,str
redis_redis,issues,pull_request.merged_at,1110,79.01,55.99,0.0,NoneType|str
redis_redis,issues,pull_request.patch_url,1110,79.01,0.0,0.0,str
redis_redis,issues,pull_request.url,1110,79.01,0.0,0.0,str
redis_redis,issues,reactions.+1,1110,100.0,0.0,0.0,int
redis_redis,issues,reactions.-1,1110,100.0,0.0,0.0,int
redis_redis,issues,reactions.confused,1110,100.0,0.0,0.0,int
redis_redis,issues,reactions.eyes,1110,100.0,0.0,0.0,int
redis_redis,issues,reactions.heart,1110,100.0,0.0,0.0,int
redis_redis,issues,reactions.hooray,1110,100.0,0.0,0.0,int
redis_redis,issues,reactions.laugh,1110,100.0,0.0,0.0,int
redis_redis,issues,reactions.rocket,1110,100.0,0.0,0.0,int
redis_redis,issues,reactions.total_count,1110,100.0,0.0,0.0,int
redis_redis,issues,reactions.url,1110,100.0,0.0,0.0,str
redis_redis,issues,repository_url,1110,100.0,0.0,0.0,str
redis_redis,issues,state,1110,100.0,0.0,0.0,str
redis_redis,issues,state_reason,1110,100.0,90.27,0.0,NoneType|str
redis_redis,issues,sub_issues_summary.completed,1110,20.99,0.0,0.0,int
redis_redis,issues,sub_issues_summary.percent_completed,1110,20.99,0.0,0.0,int
redis_redis,issues,sub_issues_summary.total,1110,20.99,0.0,0.0,int
redis_redis,issues,timeline_url,1110,100.0,0.0,0.0,str
redis_redis,issues,title,1110,100.0,0.0,0.0,str
redis_redis,issues,type,1110,99.73,100.0,0.0,NoneType
redis_redis,issues,type.color,1110,0.27,0.0,0.0,str
redis_redis,issues,type.created_at,1110,0.27,0.0,0.0,str
redis_redis,issues,type.description,1110,0.27,0.0,0.0,str
redis_redis,issues,type.id,1110,0.27,0.0,0.0,int
redis_redis,issues,type.is_enabled,1110,0.27,0.0,0.0,bool
redis_redis,issues,type.name,1110,0.27,0.0,0.0,str
redis_redis,issues,type.node_id,1110,0.27,0.0,0.0,str
redis_redis,issues,type.updated_at,1110,0.27,0.0,0.0,str
redis_redis,issues,updated_at,1110,100.0,0.0,0.0,str
redis_redis,issues,url,1110,100.0,0.0,0.0,str
redis_redis,issues,user.avatar_url,1110,100.0,0.0,0.0,str
redis_redis,issues,user.events_url,1110,100.0,0.0,0.0,str
redis_redis,issues,user.followers_url,1110,100.0,0.0,0.0,str
redis_redis,issues,user.following_url,1110,100.0,0.0,0.0,str
redis_redis,issues,user.gists_url,1110,100.0,0.0,0.0,str
redis_redis,issues,user.gravatar_id,1110,100.0,0.0,100.0,str
redis_redis,issues,user.html_url,1110,100.0,0.0,0.0,str
redis_redis,issues,user.id,1110,100.0,0.0,0.0,int
redis_redis,issues,user.login,1110,100.0,0.0,0.0,str
redis_redis,issues,user.node_id,1110,100.0,0.0,0.0,str
redis_redis,issues,user.organizations_url,1110,100.0,0.0,0.0,str
redis_redis,issues,user.received_events_url,1110,100.0,0.0,0.0,str
redis_redis,issues,user.repos_url,1110,100.0,0.0,0.0,str
redis_redis,issues,user.site_admin,1110,100.0,0.0,0.0,bool
redis_redis,issues,user.starred_url,1110,100.0,0.0,0.0,str
redis_redis,issues,user.subscriptions_url,1110,100.0,0.0,0.0,str
redis_redis,issues,user.type,1110,100.0,0.0,0.0,str
redis_redis,issues,user.url,1110,100.0,0.0,0.0,str
redis_redis,issues,user.user_view_type,1110,100.0,0.0,0.0,str
redis_redis,pulls,_links.comments.href,704,100.0,0.0,0.0,str
redis_redis,pulls,_links.commits.href,704,100.0,0.0,0.0,str
redis_redis,pulls,_links.html.href,704,100.0,0.0,0.0,str
redis_redis,pulls,_links.issue.href,704,100.0,0.0,0.0,str
redis_redis,pulls,_links.review_comment.href,704,100.0,0.0,0.0,str
redis_redis,pulls,_links.review_comments.href,704,100.0,0.0,0.0,str
redis_redis,pulls,_links.self.href,704,100.0,0.0,0.0,str
redis_redis,pulls,_links.statuses.href,704,100.0,0.0,0.0,str
redis_redis,pulls,active_lock_reason,704,100.0,100.0,0.0,NoneType
redis_redis,pulls,assignee,704,97.16,100.0,0.0,NoneType
redis_redis,pulls,assignee.avatar_url,704,2.84,0.0,0.0,str
redis_redis,pulls,assignee.events_url,704,2.84,0.0,0.0,str
redis_redis,pulls,assignee.followers_url,704,2.84,0.0,0.0,str
redis_redis,pulls,assignee.following_url,704,2.84,0.0,0.0,str
redis_redis,pulls,assignee.gists_url,704,2.84,0.0,0.0,str
redis_redis,pulls,assignee.gravatar_id,704,2.84,0.0,100.0,str
redis_redis,pulls,assignee.html_url,704,2.84,0.0,0.0,str
redis_redis,pulls,assignee.id,704,2.84,0.0,0.0,int
redis_redis,pulls,assignee.login,704,2.84,0.0,0.0,str
redis_redis,pulls,assignee.node_id,704,2.84,0.0,0.0,str
redis_redis,pulls,assignee.organizations_url,704,2.84,0.0,0.0,str
redis_redis,pulls,assignee.received_events_url,704,2.84,0.0,0.0,str
redis_redis,pulls,assignee.repos_url,704,2.84,0.0,0.0,str
redis_redis,pulls,assignee.site_admin,704,2.84,0.0,0.0,bool
redis_redis,pulls,assignee.starred_url,704,2.84,0.0,0.0,str
redis_redis,pulls,assignee.subscriptions_url,704,2.84,0.0,0.0,str
redis_redis,pulls,assignee.type,704,2.84,0.0,0.0,str
redis_redis,pulls,assignee.url,704,2.84,0.0,0.0,str
redis_redis,pulls,assignee.user_view_type,704,2.84,0.0,0.0,str
redis_redis,pulls,assignees,704,100.0,0.0,0.0,list
redis_redis,pulls,author_association,704,100.0,0.0,0.0,str
redis_redis,pulls,auto_merge,704,100.0,100.0,0.0,NoneType
redis_redis,pulls,base.label,704,100.0,0.0,0.0,str
redis_redis,pulls,base.ref,704,100.0,0.0,0.0,str
redis_redis,pulls,base.repo.allow_forking,704,100.0,0.0,0.0,bool
redis_redis,pulls,base.repo.archive_url,704,100.0,0.0,0.0,str
redis_redis,pulls,base.repo.archived,704,100.0,0.0,0.0,bool
redis_redis,pulls,base.repo.assignees_url,704,100.0,0.0,0.0,str
redis_redis,pulls,base.repo.blobs_url,704,100.0,0.0,0.0,str
redis_redis,pulls,base.repo.branches_url,704,100.0,0.0,0.0,str
redis_redis,pulls,base.repo.clone_url,704,100.0,0.0,0.0,str
redis_redis,pulls,base.repo.collaborators_url,704,100.0,0.0,0.0,str
redis_redis,pulls,base.repo.comments_url,704,100.0,0.0,0.0,str
redis_redis,pulls,base.repo.commits_url,704,100.0,0.0,0.0,str
redis_redis,pulls,base.repo.compare_url,704,100.0,0.0,0.0,str
redis_redis,pulls,base.repo.contents_url,704,100.0,0.0,0.0,str
redis_redis,pulls,base.repo.contributors_url,704,100.0,0.0,0.0,str
redis_redis,pulls,base.repo.created_at,704,100.0,0.0,0.0,str
redis_redis,pulls,base.repo.default_branch,704,100.0,0.0,0.0,str
redis_redis,pulls,base.repo.deployments_url,704,100.0,0.0,0.0,str
redis_redis,pulls,base.repo.description,704,100.0,0.0,0.0,str
redis_redis,pulls,base.repo.disabled,704,100.0,0.0,0.0,bool
redis_redis,pulls,base.repo.downloads_url,704,100.0,0.0,0.0,str
redis_redis,pulls,base.repo.events_url,704,100.0,0.0,0.0,str
redis_redis,pulls,base.repo.fork,704,100.0,0.0,0.0,bool
redis_redis,pulls,base.repo.forks,704,100.0,0.0,0.0,int
redis_redis,pulls,base.repo.forks_count,704,100.0,0.0,0.0,int
redis_redis,pulls,base.repo.forks_url,704,100.0,0.0,0.0,str
redis_redis,pulls,base.repo.full_name,704,100.0,0.0,0.0,str
redis_redis,pulls,base.repo.git_commits_url,704,100.0,0.0,0.0,str
redis_redis,pulls,base.repo.git_refs_url,704,100.0,0.0,0.0,str
redis_redis,pulls,base.repo.git_tags_url,704,100.0,0.0,0.0,str
redis_redis,pulls,base.repo.git_url,704,100.0,0.0,0.0,str
redis_redis,pulls,base.repo.has_discussions,704,100.0,0.0,0.0,bool
redis_redis,pulls,base.repo.has_downloads,704,100.0,0.0,0.0,bool
redis_redis,pulls,base.repo.has_issues,704,100.0,0.0,0.0,bool
redis_redis,pulls,base.repo.has_pages,704,100.0,0.0,0.0,bool
redis_redis,pulls,base.repo.has_projects,704,100.0,0.0,0.0,bool
redis_redis,pulls,base.repo.has_pull_requests,704,100.0,0.0,0.0,bool
redis_redis,pulls,base.repo.has_wiki,704,100.0,0.0,0.0,bool
redis_redis,pulls,base.repo.homepage,704,100.0,0.0,0.0,str
redis_redis,pulls,base.repo.hooks_url,704,100.0,0.0,0.0,str
redis_redis,pulls,base.repo.html_url,704,100.0,0.0,0.0,str
redis_redis,pulls,base.repo.id,704,100.0,0.0,0.0,int
redis_redis,pulls,base.repo.is_template,704,100.0,0.0,0.0,bool
redis_redis,pulls,base.repo.issue_comment_url,704,100.0,0.0,0.0,str
redis_redis,pulls,base.repo.issue_events_url,704,100.0,0.0,0.0,str
redis_redis,pulls,base.repo.issues_url,704,100.0,0.0,0.0,str
redis_redis,pulls,base.repo.keys_url,704,100.0,0.0,0.0,str
redis_redis,pulls,base.repo.labels_url,704,100.0,0.0,0.0,str
redis_redis,pulls,base.repo.language,704,100.0,0.0,0.0,str
redis_redis,pulls,base.repo.languages_url,704,100.0,0.0,0.0,str
redis_redis,pulls,base.repo.license.key,704,100.0,0.0,0.0,str
redis_redis,pulls,base.repo.license.name,704,100.0,0.0,0.0,str
redis_redis,pulls,base.repo.license.node_id,704,100.0,0.0,0.0,str
redis_redis,pulls,base.repo.license.spdx_id,704,100.0,0.0,0.0,str
redis_redis,pulls,base.repo.license.url,704,100.0,100.0,0.0,NoneType
redis_redis,pulls,base.repo.merges_url,704,100.0,0.0,0.0,str
redis_redis,pulls,base.repo.milestones_url,704,100.0,0.0,0.0,str
redis_redis,pulls,base.repo.mirror_url,704,100.0,100.0,0.0,NoneType
redis_redis,pulls,base.repo.name,704,100.0,0.0,0.0,str
redis_redis,pulls,base.repo.node_id,704,100.0,0.0,0.0,str
redis_redis,pulls,base.repo.notifications_url,704,100.0,0.0,0.0,str
redis_redis,pulls,base.repo.open_issues,704,100.0,0.0,0.0,int
redis_redis,pulls,base.repo.open_issues_count,704,100.0,0.0,0.0,int
redis_redis,pulls,base.repo.owner.avatar_url,704,100.0,0.0,0.0,str
redis_redis,pulls,base.repo.owner.events_url,704,100.0,0.0,0.0,str
redis_redis,pulls,base.repo.owner.followers_url,704,100.0,0.0,0.0,str
redis_redis,pulls,base.repo.owner.following_url,704,100.0,0.0,0.0,str
redis_redis,pulls,base.repo.owner.gists_url,704,100.0,0.0,0.0,str
redis_redis,pulls,base.repo.owner.gravatar_id,704,100.0,0.0,100.0,str
redis_redis,pulls,base.repo.owner.html_url,704,100.0,0.0,0.0,str
redis_redis,pulls,base.repo.owner.id,704,100.0,0.0,0.0,int
redis_redis,pulls,base.repo.owner.login,704,100.0,0.0,0.0,str
redis_redis,pulls,base.repo.owner.node_id,704,100.0,0.0,0.0,str
redis_redis,pulls,base.repo.owner.organizations_url,704,100.0,0.0,0.0,str
redis_redis,pulls,base.repo.owner.received_events_url,704,100.0,0.0,0.0,str
redis_redis,pulls,base.repo.owner.repos_url,704,100.0,0.0,0.0,str
redis_redis,pulls,base.repo.owner.site_admin,704,100.0,0.0,0.0,bool
redis_redis,pulls,base.repo.owner.starred_url,704,100.0,0.0,0.0,str
redis_redis,pulls,base.repo.owner.subscriptions_url,704,100.0,0.0,0.0,str
redis_redis,pulls,base.repo.owner.type,704,100.0,0.0,0.0,str
redis_redis,pulls,base.repo.owner.url,704,100.0,0.0,0.0,str
redis_redis,pulls,base.repo.owner.user_view_type,704,100.0,0.0,0.0,str
redis_redis,pulls,base.repo.private,704,100.0,0.0,0.0,bool
redis_redis,pulls,base.repo.pull_request_creation_policy,704,100.0,0.0,0.0,str
redis_redis,pulls,base.repo.pulls_url,704,100.0,0.0,0.0,str
redis_redis,pulls,base.repo.pushed_at,704,100.0,0.0,0.0,str
redis_redis,pulls,base.repo.releases_url,704,100.0,0.0,0.0,str
redis_redis,pulls,base.repo.size,704,100.0,0.0,0.0,int
redis_redis,pulls,base.repo.ssh_url,704,100.0,0.0,0.0,str
redis_redis,pulls,base.repo.stargazers_count,704,100.0,0.0,0.0,int
redis_redis,pulls,base.repo.stargazers_url,704,100.0,0.0,0.0,str
redis_redis,pulls,base.repo.statuses_url,704,100.0,0.0,0.0,str
redis_redis,pulls,base.repo.subscribers_url,704,100.0,0.0,0.0,str
redis_redis,pulls,base.repo.subscription_url,704,100.0,0.0,0.0,str
redis_redis,pulls,base.repo.svn_url,704,100.0,0.0,0.0,str
redis_redis,pulls,base.repo.tags_url,704,100.0,0.0,0.0,str
redis_redis,pulls,base.repo.teams_url,704,100.0,0.0,0.0,str
redis_redis,pulls,base.repo.topics,704,100.0,0.0,0.0,list
redis_redis,pulls,base.repo.trees_url,704,100.0,0.0,0.0,str
redis_redis,pulls,base.repo.updated_at,704,100.0,0.0,0.0,str
redis_redis,pulls,base.repo.url,704,100.0,0.0,0.0,str
redis_redis,pulls,base.repo.visibility,704,100.0,0.0,0.0,str
redis_redis,pulls,base.repo.watchers,704,100.0,0.0,0.0,int
redis_redis,pulls,base.repo.watchers_count,704,100.0,0.0,0.0,int
redis_redis,pulls,base.repo.web_commit_signoff_required,704,100.0,0.0,0.0,bool
redis_redis,pulls,base.sha,704,100.0,0.0,0.0,str
redis_redis,pulls,base.user.avatar_url,704,100.0,0.0,0.0,str
redis_redis,pulls,base.user.events_url,704,100.0,0.0,0.0,str
redis_redis,pulls,base.user.followers_url,704,100.0,0.0,0.0,str
redis_redis,pulls,base.user.following_url,704,100.0,0.0,0.0,str
redis_redis,pulls,base.user.gists_url,704,100.0,0.0,0.0,str
redis_redis,pulls,base.user.gravatar_id,704,100.0,0.0,100.0,str
redis_redis,pulls,base.user.html_url,704,100.0,0.0,0.0,str
redis_redis,pulls,base.user.id,704,100.0,0.0,0.0,int
redis_redis,pulls,base.user.login,704,100.0,0.0,0.0,str
redis_redis,pulls,base.user.node_id,704,100.0,0.0,0.0,str
redis_redis,pulls,base.user.organizations_url,704,100.0,0.0,0.0,str
redis_redis,pulls,base.user.received_events_url,704,100.0,0.0,0.0,str
redis_redis,pulls,base.user.repos_url,704,100.0,0.0,0.0,str
redis_redis,pulls,base.user.site_admin,704,100.0,0.0,0.0,bool
redis_redis,pulls,base.user.starred_url,704,100.0,0.0,0.0,str
redis_redis,pulls,base.user.subscriptions_url,704,100.0,0.0,0.0,str
redis_redis,pulls,base.user.type,704,100.0,0.0,0.0,str
redis_redis,pulls,base.user.url,704,100.0,0.0,0.0,str
redis_redis,pulls,base.user.user_view_type,704,100.0,0.0,0.0,str
redis_redis,pulls,body,704,100.0,0.57,0.0,NoneType|str
redis_redis,pulls,closed_at,704,100.0,30.68,0.0,NoneType|str
redis_redis,pulls,comments_url,704,100.0,0.0,0.0,str
redis_redis,pulls,commits_url,704,100.0,0.0,0.0,str
redis_redis,pulls,created_at,704,100.0,0.0,0.0,str
redis_redis,pulls,diff_url,704,100.0,0.0,0.0,str
redis_redis,pulls,draft,704,100.0,0.0,0.0,bool
redis_redis,pulls,head.label,704,100.0,0.0,0.0,str
redis_redis,pulls,head.ref,704,100.0,0.0,0.0,str
redis_redis,pulls,head.repo,704,2.84,100.0,0.0,NoneType
redis_redis,pulls,head.repo.allow_forking,704,97.16,0.0,0.0,bool
redis_redis,pulls,head.repo.archive_url,704,97.16,0.0,0.0,str
redis_redis,pulls,head.repo.archived,704,97.16,0.0,0.0,bool
redis_redis,pulls,head.repo.assignees_url,704,97.16,0.0,0.0,str
redis_redis,pulls,head.repo.blobs_url,704,97.16,0.0,0.0,str
redis_redis,pulls,head.repo.branches_url,704,97.16,0.0,0.0,str
redis_redis,pulls,head.repo.clone_url,704,97.16,0.0,0.0,str
redis_redis,pulls,head.repo.collaborators_url,704,97.16,0.0,0.0,str
redis_redis,pulls,head.repo.comments_url,704,97.16,0.0,0.0,str
redis_redis,pulls,head.repo.commits_url,704,97.16,0.0,0.0,str
redis_redis,pulls,head.repo.compare_url,704,97.16,0.0,0.0,str
redis_redis,pulls,head.repo.contents_url,704,97.16,0.0,0.0,str
redis_redis,pulls,head.repo.contributors_url,704,97.16,0.0,0.0,str
redis_redis,pulls,head.repo.created_at,704,97.16,0.0,0.0,str
redis_redis,pulls,head.repo.default_branch,704,97.16,0.0,0.0,str
redis_redis,pulls,head.repo.deployments_url,704,97.16,0.0,0.0,str
redis_redis,pulls,head.repo.description,704,97.16,0.0,0.0,str
redis_redis,pulls,head.repo.disabled,704,97.16,0.0,0.0,bool
redis_redis,pulls,head.repo.downloads_url,704,97.16,0.0,0.0,str
redis_redis,pulls,head.repo.events_url,704,97.16,0.0,0.0,str
redis_redis,pulls,head.repo.fork,704,97.16,0.0,0.0,bool
redis_redis,pulls,head.repo.forks,704,97.16,0.0,0.0,int
redis_redis,pulls,head.repo.forks_count,704,97.16,0.0,0.0,int
redis_redis,pulls,head.repo.forks_url,704,97.16,0.0,0.0,str
redis_redis,pulls,head.repo.full_name,704,97.16,0.0,0.0,str
redis_redis,pulls,head.repo.git_commits_url,704,97.16,0.0,0.0,str
redis_redis,pulls,head.repo.git_refs_url,704,97.16,0.0,0.0,str
redis_redis,pulls,head.repo.git_tags_url,704,97.16,0.0,0.0,str
redis_redis,pulls,head.repo.git_url,704,97.16,0.0,0.0,str
redis_redis,pulls,head.repo.has_discussions,704,97.16,0.0,0.0,bool
redis_redis,pulls,head.repo.has_downloads,704,97.16,0.0,0.0,bool
redis_redis,pulls,head.repo.has_issues,704,97.16,0.0,0.0,bool
redis_redis,pulls,head.repo.has_pages,704,97.16,0.0,0.0,bool
redis_redis,pulls,head.repo.has_projects,704,97.16,0.0,0.0,bool
redis_redis,pulls,head.repo.has_pull_requests,704,97.16,0.0,0.0,bool
redis_redis,pulls,head.repo.has_wiki,704,97.16,0.0,0.0,bool
redis_redis,pulls,head.repo.homepage,704,97.16,0.0,0.0,str
redis_redis,pulls,head.repo.hooks_url,704,97.16,0.0,0.0,str
redis_redis,pulls,head.repo.html_url,704,97.16,0.0,0.0,str
redis_redis,pulls,head.repo.id,704,97.16,0.0,0.0,int
redis_redis,pulls,head.repo.is_template,704,97.16,0.0,0.0,bool
redis_redis,pulls,head.repo.issue_comment_url,704,97.16,0.0,0.0,str
redis_redis,pulls,head.repo.issue_events_url,704,97.16,0.0,0.0,str
redis_redis,pulls,head.repo.issues_url,704,97.16,0.0,0.0,str
redis_redis,pulls,head.repo.keys_url,704,97.16,0.0,0.0,str
redis_redis,pulls,head.repo.labels_url,704,97.16,0.0,0.0,str
redis_redis,pulls,head.repo.language,704,97.16,29.97,0.0,NoneType|str
redis_redis,pulls,head.repo.languages_url,704,97.16,0.0,0.0,str
redis_redis,pulls,head.repo.license.key,704,97.16,0.0,0.0,str
redis_redis,pulls,head.repo.license.name,704,97.16,0.0,0.0,str
redis_redis,pulls,head.repo.license.node_id,704,97.16,0.0,0.0,str
redis_redis,pulls,head.repo.license.spdx_id,704,97.16,0.0,0.0,str
redis_redis,pulls,head.repo.license.url,704,97.16,99.12,0.0,NoneType|str
redis_redis,pulls,head.repo.merges_url,704,97.16,0.0,0.0,str
redis_redis,pulls,head.repo.milestones_url,704,97.16,0.0,0.0,str
redis_redis,pulls,head.repo.mirror_url,704,97.16,100.0,0.0,NoneType
redis_redis,pulls,head.repo.name,704,97.16,0.0,0.0,str
redis_redis,pulls,head.repo.node_id,704,97.16,0.0,0.0,str
redis_redis,pulls,head.repo.notifications_url,704,97.16,0.0,0.0,str
redis_redis,pulls,head.repo.open_issues,704,97.16,0.0,0.0,int
redis_redis,pulls,head.repo.open_issues_count,704,97.16,0.0,0.0,int
redis_redis,pulls,head.repo.owner.avatar_url,704,97.16,0.0,0.0,str
redis_redis,pulls,head.repo.owner.events_url,704,97.16,0.0,0.0,str
redis_redis,pulls,head.repo.owner.followers_url,704,97.16,0.0,0.0,str
redis_redis,pulls,head.repo.owner.following_url,704,97.16,0.0,0.0,str
redis_redis,pulls,head.repo.owner.gists_url,704,97.16,0.0,0.0,str
redis_redis,pulls,head.repo.owner.gravatar_id,704,97.16,0.0,100.0,str
redis_redis,pulls,head.repo.owner.html_url,704,97.16,0.0,0.0,str
redis_redis,pulls,head.repo.owner.id,704,97.16,0.0,0.0,int
redis_redis,pulls,head.repo.owner.login,704,97.16,0.0,0.0,str
redis_redis,pulls,head.repo.owner.node_id,704,97.16,0.0,0.0,str
redis_redis,pulls,head.repo.owner.organizations_url,704,97.16,0.0,0.0,str
redis_redis,pulls,head.repo.owner.received_events_url,704,97.16,0.0,0.0,str
redis_redis,pulls,head.repo.owner.repos_url,704,97.16,0.0,0.0,str
redis_redis,pulls,head.repo.owner.site_admin,704,97.16,0.0,0.0,bool
redis_redis,pulls,head.repo.owner.starred_url,704,97.16,0.0,0.0,str
redis_redis,pulls,head.repo.owner.subscriptions_url,704,97.16,0.0,0.0,str
redis_redis,pulls,head.repo.owner.type,704,97.16,0.0,0.0,str
redis_redis,pulls,head.repo.owner.url,704,97.16,0.0,0.0,str
redis_redis,pulls,head.repo.owner.user_view_type,704,97.16,0.0,0.0,str
redis_redis,pulls,head.repo.private,704,97.16,0.0,0.0,bool
redis_redis,pulls,head.repo.pull_request_creation_policy,704,97.16,0.0,0.0,str
redis_redis,pulls,head.repo.pulls_url,704,97.16,0.0,0.0,str
redis_redis,pulls,head.repo.pushed_at,704,97.16,0.0,0.0,str
redis_redis,pulls,head.repo.releases_url,704,97.16,0.0,0.0,str
redis_redis,pulls,head.repo.size,704,97.16,0.0,0.0,int
redis_redis,pulls,head.repo.ssh_url,704,97.16,0.0,0.0,str
redis_redis,pulls,head.repo.stargazers_count,704,97.16,0.0,0.0,int
redis_redis,pulls,head.repo.stargazers_url,704,97.16,0.0,0.0,str
redis_redis,pulls,head.repo.statuses_url,704,97.16,0.0,0.0,str
redis_redis,pulls,head.repo.subscribers_url,704,97.16,0.0,0.0,str
redis_redis,pulls,head.repo.subscription_url,704,97.16,0.0,0.0,str
redis_redis,pulls,head.repo.svn_url,704,97.16,0.0,0.0,str
redis_redis,pulls,head.repo.tags_url,704,97.16,0.0,0.0,str
redis_redis,pulls,head.repo.teams_url,704,97.16,0.0,0.0,str
redis_redis,pulls,head.repo.topics,704,97.16,0.0,0.0,list
redis_redis,pulls,head.repo.trees_url,704,97.16,0.0,0.0,str
redis_redis,pulls,head.repo.updated_at,704,97.16,0.0,0.0,str
redis_redis,pulls,head.repo.url,704,97.16,0.0,0.0,str
redis_redis,pulls,head.repo.visibility,704,97.16,0.0,0.0,str
redis_redis,pulls,head.repo.watchers,704,97.16,0.0,0.0,int
redis_redis,pulls,head.repo.watchers_count,704,97.16,0.0,0.0,int
redis_redis,pulls,head.repo.web_commit_signoff_required,704,97.16,0.0,0.0,bool
redis_redis,pulls,head.sha,704,100.0,0.0,0.0,str
redis_redis,pulls,head.user.avatar_url,704,100.0,0.0,0.0,str
redis_redis,pulls,head.user.events_url,704,100.0,0.0,0.0,str
redis_redis,pulls,head.user.followers_url,704,100.0,0.0,0.0,str
redis_redis,pulls,head.user.following_url,704,100.0,0.0,0.0,str
redis_redis,pulls,head.user.gists_url,704,100.0,0.0,0.0,str
redis_redis,pulls,head.user.gravatar_id,704,100.0,0.0,100.0,str
redis_redis,pulls,head.user.html_url,704,100.0,0.0,0.0,str
redis_redis,pulls,head.user.id,704,100.0,0.0,0.0,int
redis_redis,pulls,head.user.login,704,100.0,0.0,0.0,str
redis_redis,pulls,head.user.node_id,704,100.0,0.0,0.0,str
redis_redis,pulls,head.user.organizations_url,704,100.0,0.0,0.0,str
redis_redis,pulls,head.user.received_events_url,704,100.0,0.0,0.0,str
redis_redis,pulls,head.user.repos_url,704,100.0,0.0,0.0,str
redis_redis,pulls,head.user.site_admin,704,100.0,0.0,0.0,bool
redis_redis,pulls,head.user.starred_url,704,100.0,0.0,0.0,str
redis_redis,pulls,head.user.subscriptions_url,704,100.0,0.0,0.0,str
redis_redis,pulls,head.user.type,704,100.0,0.0,0.0,str
redis_redis,pulls,head.user.url,704,100.0,0.0,0.0,str
redis_redis,pulls,head.user.user_view_type,704,100.0,0.0,0.0,str
redis_redis,pulls,html_url,704,100.0,0.0,0.0,str
redis_redis,pulls,id,704,100.0,0.0,0.0,int
redis_redis,pulls,issue_url,704,100.0,0.0,0.0,str
redis_redis,pulls,labels,704,100.0,0.0,0.0,list
redis_redis,pulls,locked,704,100.0,0.0,0.0,bool
redis_redis,pulls,merge_commit_sha,704,100.0,8.24,0.0,NoneType|str
redis_redis,pulls,merged_at,704,100.0,53.41,0.0,NoneType|str
redis_redis,pulls,milestone,704,100.0,100.0,0.0,NoneType
redis_redis,pulls,node_id,704,100.0,0.0,0.0,str
redis_redis,pulls,number,704,100.0,0.0,0.0,int
redis_redis,pulls,patch_url,704,100.0,0.0,0.0,str
redis_redis,pulls,requested_reviewers,704,100.0,0.0,0.0,list
redis_redis,pulls,requested_teams,704,100.0,0.0,0.0,list
redis_redis,pulls,review_comment_url,704,100.0,0.0,0.0,str
redis_redis,pulls,review_comments_url,704,100.0,0.0,0.0,str
redis_redis,pulls,state,704,100.0,0.0,0.0,str
redis_redis,pulls,statuses_url,704,100.0,0.0,0.0,str
redis_redis,pulls,title,704,100.0,0.0,0.0,str
redis_redis,pulls,updated_at,704,100.0,0.0,0.0,str
redis_redis,pulls,url,704,100.0,0.0,0.0,str
redis_redis,pulls,user.avatar_url,704,100.0,0.0,0.0,str
redis_redis,pulls,user.events_url,704,100.0,0.0,0.0,str
redis_redis,pulls,user.followers_url,704,100.0,0.0,0.0,str
redis_redis,pulls,user.following_url,704,100.0,0.0,0.0,str
redis_redis,pulls,user.gists_url,704,100.0,0.0,0.0,str
redis_redis,pulls,user.gravatar_id,704,100.0,0.0,100.0,str
redis_redis,pulls,user.html_url,704,100.0,0.0,0.0,str
redis_redis,pulls,user.id,704,100.0,0.0,0.0,int
redis_redis,pulls,user.login,704,100.0,0.0,0.0,str
redis_redis,pulls,user.node_id,704,100.0,0.0,0.0,str
redis_redis,pulls,user.organizations_url,704,100.0,0.0,0.0,str
redis_redis,pulls,user.received_events_url,704,100.0,0.0,0.0,str
redis_redis,pulls,user.repos_url,704,100.0,0.0,0.0,str
redis_redis,pulls,user.site_admin,704,100.0,0.0,0.0,bool
redis_redis,pulls,user.starred_url,704,100.0,0.0,0.0,str
redis_redis,pulls,user.subscriptions_url,704,100.0,0.0,0.0,str
redis_redis,pulls,user.type,704,100.0,0.0,0.0,str
redis_redis,pulls,user.url,704,100.0,0.0,0.0,str
redis_redis,pulls,user.user_view_type,704,100.0,0.0,0.0,str
redis_redis,releases,assets,155,100.0,0.0,0.0,list
redis_redis,releases,assets_url,155,100.0,0.0,0.0,str
redis_redis,releases,author.avatar_url,155,100.0,0.0,0.0,str
redis_redis,releases,author.events_url,155,100.0,0.0,0.0,str
redis_redis,releases,author.followers_url,155,100.0,0.0,0.0,str
redis_redis,releases,author.following_url,155,100.0,0.0,0.0,str
redis_redis,releases,author.gists_url,155,100.0,0.0,0.0,str
redis_redis,releases,author.gravatar_id,155,100.0,0.0,100.0,str
redis_redis,releases,author.html_url,155,100.0,0.0,0.0,str
redis_redis,releases,author.id,155,100.0,0.0,0.0,int
redis_redis,releases,author.login,155,100.0,0.0,0.0,str
redis_redis,releases,author.node_id,155,100.0,0.0,0.0,str
redis_redis,releases,author.organizations_url,155,100.0,0.0,0.0,str
redis_redis,releases,author.received_events_url,155,100.0,0.0,0.0,str
redis_redis,releases,author.repos_url,155,100.0,0.0,0.0,str
redis_redis,releases,author.site_admin,155,100.0,0.0,0.0,bool
redis_redis,releases,author.starred_url,155,100.0,0.0,0.0,str
redis_redis,releases,author.subscriptions_url,155,100.0,0.0,0.0,str
redis_redis,releases,author.type,155,100.0,0.0,0.0,str
redis_redis,releases,author.url,155,100.0,0.0,0.0,str
redis_redis,releases,author.user_view_type,155,100.0,0.0,0.0,str
redis_redis,releases,body,155,100.0,0.0,0.0,str
redis_redis,releases,created_at,155,100.0,0.0,0.0,str
redis_redis,releases,draft,155,100.0,0.0,0.0,bool
redis_redis,releases,html_url,155,100.0,0.0,0.0,str
redis_redis,releases,id,155,100.0,0.0,0.0,int
redis_redis,releases,immutable,155,100.0,0.0,0.0,bool
redis_redis,releases,mentions_count,155,1.94,0.0,0.0,int
redis_redis,releases,name,155,100.0,0.0,1.29,str
redis_redis,releases,node_id,155,100.0,0.0,0.0,str
redis_redis,releases,prerelease,155,100.0,0.0,0.0,bool
redis_redis,releases,published_at,155,100.0,0.0,0.0,str
redis_redis,releases,reactions.+1,155,71.61,0.0,0.0,int
redis_redis,releases,reactions.-1,155,71.61,0.0,0.0,int
redis_redis,releases,reactions.confused,155,71.61,0.0,0.0,int
redis_redis,releases,reactions.eyes,155,71.61,0.0,0.0,int
redis_redis,releases,reactions.heart,155,71.61,0.0,0.0,int
redis_redis,releases,reactions.hooray,155,71.61,0.0,0.0,int
redis_redis,releases,reactions.laugh,155,71.61,0.0,0.0,int
redis_redis,releases,reactions.rocket,155,71.61,0.0,0.0,int
redis_redis,releases,reactions.total_count,155,71.61,0.0,0.0,int
redis_redis,releases,reactions.url,155,71.61,0.0,0.0,str
redis_redis,releases,tag_name,155,100.0,0.0,0.0,str
redis_redis,releases,tarball_url,155,100.0,0.0,0.0,str
redis_redis,releases,target_commitish,155,100.0,0.0,0.0,str
redis_redis,releases,updated_at,155,100.0,0.0,0.0,str
redis_redis,releases,upload_url,155,100.0,0.0,0.0,str
redis_redis,releases,url,155,100.0,0.0,0.0,str
redis_redis,releases,zipball_url,155,100.0,0.0,0.0,str
redis_redis,repo_metadata,allow_forking,1,100.0,0.0,0.0,bool
redis_redis,repo_metadata,archive_url,1,100.0,0.0,0.0,str
redis_redis,repo_metadata,archived,1,100.0,0.0,0.0,bool
redis_redis,repo_metadata,assignees_url,1,100.0,0.0,0.0,str
redis_redis,repo_metadata,blobs_url,1,100.0,0.0,0.0,str
redis_redis,repo_metadata,branches_url,1,100.0,0.0,0.0,str
redis_redis,repo_metadata,clone_url,1,100.0,0.0,0.0,str
redis_redis,repo_metadata,collaborators_url,1,100.0,0.0,0.0,str
redis_redis,repo_metadata,comments_url,1,100.0,0.0,0.0,str
redis_redis,repo_metadata,commits_url,1,100.0,0.0,0.0,str
redis_redis,repo_metadata,compare_url,1,100.0,0.0,0.0,str
redis_redis,repo_metadata,contents_url,1,100.0,0.0,0.0,str
redis_redis,repo_metadata,contributors_url,1,100.0,0.0,0.0,str
redis_redis,repo_metadata,created_at,1,100.0,0.0,0.0,str
redis_redis,repo_metadata,default_branch,1,100.0,0.0,0.0,str
redis_redis,repo_metadata,deployments_url,1,100.0,0.0,0.0,str
redis_redis,repo_metadata,description,1,100.0,0.0,0.0,str
redis_redis,repo_metadata,disabled,1,100.0,0.0,0.0,bool
redis_redis,repo_metadata,downloads_url,1,100.0,0.0,0.0,str
redis_redis,repo_metadata,events_url,1,100.0,0.0,0.0,str
redis_redis,repo_metadata,fork,1,100.0,0.0,0.0,bool
redis_redis,repo_metadata,forks,1,100.0,0.0,0.0,int
redis_redis,repo_metadata,forks_count,1,100.0,0.0,0.0,int
redis_redis,repo_metadata,forks_url,1,100.0,0.0,0.0,str
redis_redis,repo_metadata,full_name,1,100.0,0.0,0.0,str
redis_redis,repo_metadata,git_commits_url,1,100.0,0.0,0.0,str
redis_redis,repo_metadata,git_refs_url,1,100.0,0.0,0.0,str
redis_redis,repo_metadata,git_tags_url,1,100.0,0.0,0.0,str
redis_redis,repo_metadata,git_url,1,100.0,0.0,0.0,str
redis_redis,repo_metadata,has_discussions,1,100.0,0.0,0.0,bool
redis_redis,repo_metadata,has_downloads,1,100.0,0.0,0.0,bool
redis_redis,repo_metadata,has_issues,1,100.0,0.0,0.0,bool
redis_redis,repo_metadata,has_pages,1,100.0,0.0,0.0,bool
redis_redis,repo_metadata,has_projects,1,100.0,0.0,0.0,bool
redis_redis,repo_metadata,has_pull_requests,1,100.0,0.0,0.0,bool
redis_redis,repo_metadata,has_wiki,1,100.0,0.0,0.0,bool
redis_redis,repo_metadata,homepage,1,100.0,0.0,0.0,str
redis_redis,repo_metadata,hooks_url,1,100.0,0.0,0.0,str
redis_redis,repo_metadata,html_url,1,100.0,0.0,0.0,str
redis_redis,repo_metadata,id,1,100.0,0.0,0.0,int
redis_redis,repo_metadata,is_template,1,100.0,0.0,0.0,bool
redis_redis,repo_metadata,issue_comment_url,1,100.0,0.0,0.0,str
redis_redis,repo_metadata,issue_events_url,1,100.0,0.0,0.0,str
redis_redis,repo_metadata,issues_url,1,100.0,0.0,0.0,str
redis_redis,repo_metadata,keys_url,1,100.0,0.0,0.0,str
redis_redis,repo_metadata,labels_url,1,100.0,0.0,0.0,str
redis_redis,repo_metadata,language,1,100.0,0.0,0.0,str
redis_redis,repo_metadata,languages_url,1,100.0,0.0,0.0,str
redis_redis,repo_metadata,license.key,1,100.0,0.0,0.0,str
redis_redis,repo_metadata,license.name,1,100.0,0.0,0.0,str
redis_redis,repo_metadata,license.node_id,1,100.0,0.0,0.0,str
redis_redis,repo_metadata,license.spdx_id,1,100.0,0.0,0.0,str
redis_redis,repo_metadata,license.url,1,100.0,100.0,0.0,NoneType
redis_redis,repo_metadata,merges_url,1,100.0,0.0,0.0,str
redis_redis,repo_metadata,milestones_url,1,100.0,0.0,0.0,str
redis_redis,repo_metadata,mirror_url,1,100.0,100.0,0.0,NoneType
redis_redis,repo_metadata,name,1,100.0,0.0,0.0,str
redis_redis,repo_metadata,network_count,1,100.0,0.0,0.0,int
redis_redis,repo_metadata,node_id,1,100.0,0.0,0.0,str
redis_redis,repo_metadata,notifications_url,1,100.0,0.0,0.0,str
redis_redis,repo_metadata,open_issues,1,100.0,0.0,0.0,int
redis_redis,repo_metadata,open_issues_count,1,100.0,0.0,0.0,int
redis_redis,repo_metadata,organization.avatar_url,1,100.0,0.0,0.0,str
redis_redis,repo_metadata,organization.events_url,1,100.0,0.0,0.0,str
redis_redis,repo_metadata,organization.followers_url,1,100.0,0.0,0.0,str
redis_redis,repo_metadata,organization.following_url,1,100.0,0.0,0.0,str
redis_redis,repo_metadata,organization.gists_url,1,100.0,0.0,0.0,str
redis_redis,repo_metadata,organization.gravatar_id,1,100.0,0.0,100.0,str
redis_redis,repo_metadata,organization.html_url,1,100.0,0.0,0.0,str
redis_redis,repo_metadata,organization.id,1,100.0,0.0,0.0,int
redis_redis,repo_metadata,organization.login,1,100.0,0.0,0.0,str
redis_redis,repo_metadata,organization.node_id,1,100.0,0.0,0.0,str
redis_redis,repo_metadata,organization.organizations_url,1,100.0,0.0,0.0,str
redis_redis,repo_metadata,organization.received_events_url,1,100.0,0.0,0.0,str
redis_redis,repo_metadata,organization.repos_url,1,100.0,0.0,0.0,str
redis_redis,repo_metadata,organization.site_admin,1,100.0,0.0,0.0,bool
redis_redis,repo_metadata,organization.starred_url,1,100.0,0.0,0.0,str
redis_redis,repo_metadata,organization.subscriptions_url,1,100.0,0.0,0.0,str
redis_redis,repo_metadata,organization.type,1,100.0,0.0,0.0,str
redis_redis,repo_metadata,organization.url,1,100.0,0.0,0.0,str
redis_redis,repo_metadata,organization.user_view_type,1,100.0,0.0,0.0,str
redis_redis,repo_metadata,owner.avatar_url,1,100.0,0.0,0.0,str
redis_redis,repo_metadata,owner.events_url,1,100.0,0.0,0.0,str
redis_redis,repo_metadata,owner.followers_url,1,100.0,0.0,0.0,str
redis_redis,repo_metadata,owner.following_url,1,100.0,0.0,0.0,str
redis_redis,repo_metadata,owner.gists_url,1,100.0,0.0,0.0,str
redis_redis,repo_metadata,owner.gravatar_id,1,100.0,0.0,100.0,str
redis_redis,repo_metadata,owner.html_url,1,100.0,0.0,0.0,str
redis_redis,repo_metadata,owner.id,1,100.0,0.0,0.0,int
redis_redis,repo_metadata,owner.login,1,100.0,0.0,0.0,str
redis_redis,repo_metadata,owner.node_id,1,100.0,0.0,0.0,str
redis_redis,repo_metadata,owner.organizations_url,1,100.0,0.0,0.0,str
redis_redis,repo_metadata,owner.received_events_url,1,100.0,0.0,0.0,str
redis_redis,repo_metadata,owner.repos_url,1,100.0,0.0,0.0,str
redis_redis,repo_metadata,owner.site_admin,1,100.0,0.0,0.0,bool
redis_redis,repo_metadata,owner.starred_url,1,100.0,0.0,0.0,str
redis_redis,repo_metadata,owner.subscriptions_url,1,100.0,0.0,0.0,str
redis_redis,repo_metadata,owner.type,1,100.0,0.0,0.0,str
redis_redis,repo_metadata,owner.url,1,100.0,0.0,0.0,str
redis_redis,repo_metadata,owner.user_view_type,1,100.0,0.0,0.0,str
redis_redis,repo_metadata,permissions.admin,1,100.0,0.0,0.0,bool
redis_redis,repo_metadata,permissions.maintain,1,100.0,0.0,0.0,bool
redis_redis,repo_metadata,permissions.pull,1,100.0,0.0,0.0,bool
redis_redis,repo_metadata,permissions.push,1,100.0,0.0,0.0,bool
redis_redis,repo_metadata,permissions.triage,1,100.0,0.0,0.0,bool
redis_redis,repo_metadata,private,1,100.0,0.0,0.0,bool
redis_redis,repo_metadata,pull_request_creation_policy,1,100.0,0.0,0.0,str
redis_redis,repo_metadata,pulls_url,1,100.0,0.0,0.0,str
redis_redis,repo_metadata,pushed_at,1,100.0,0.0,0.0,str
redis_redis,repo_metadata,releases_url,1,100.0,0.0,0.0,str
redis_redis,repo_metadata,size,1,100.0,0.0,0.0,int
redis_redis,repo_metadata,ssh_url,1,100.0,0.0,0.0,str
redis_redis,repo_metadata,stargazers_count,1,100.0,0.0,0.0,int
redis_redis,repo_metadata,stargazers_url,1,100.0,0.0,0.0,str
redis_redis,repo_metadata,statuses_url,1,100.0,0.0,0.0,str
redis_redis,repo_metadata,subscribers_count,1,100.0,0.0,0.0,int
redis_redis,repo_metadata,subscribers_url,1,100.0,0.0,0.0,str
redis_redis,repo_metadata,subscription_url,1,100.0,0.0,0.0,str
redis_redis,repo_metadata,svn_url,1,100.0,0.0,0.0,str
redis_redis,repo_metadata,tags_url,1,100.0,0.0,0.0,str
redis_redis,repo_metadata,teams_url,1,100.0,0.0,0.0,str
redis_redis,repo_metadata,temp_clone_token,1,100.0,0.0,100.0,str
redis_redis,repo_metadata,topics,1,100.0,0.0,0.0,list
redis_redis,repo_metadata,trees_url,1,100.0,0.0,0.0,str
redis_redis,repo_metadata,updated_at,1,100.0,0.0,0.0,str
redis_redis,repo_metadata,url,1,100.0,0.0,0.0,str
redis_redis,repo_metadata,visibility,1,100.0,0.0,0.0,str
redis_redis,repo_metadata,watchers,1,100.0,0.0,0.0,int
redis_redis,repo_metadata,watchers_count,1,100.0,0.0,0.0,int
redis_redis,repo_metadata,web_commit_signoff_required,1,100.0,0.0,0.0,bool
surrealdb_surrealdb,commits,author.avatar_url,414,100.0,0.0,0.0,str
surrealdb_surrealdb,commits,author.events_url,414,100.0,0.0,0.0,str
surrealdb_surrealdb,commits,author.followers_url,414,100.0,0.0,0.0,str
surrealdb_surrealdb,commits,author.following_url,414,100.0,0.0,0.0,str
surrealdb_surrealdb,commits,author.gists_url,414,100.0,0.0,0.0,str
surrealdb_surrealdb,commits,author.gravatar_id,414,100.0,0.0,100.0,str
surrealdb_surrealdb,commits,author.html_url,414,100.0,0.0,0.0,str
surrealdb_surrealdb,commits,author.id,414,100.0,0.0,0.0,int
surrealdb_surrealdb,commits,author.login,414,100.0,0.0,0.0,str
surrealdb_surrealdb,commits,author.node_id,414,100.0,0.0,0.0,str
surrealdb_surrealdb,commits,author.organizations_url,414,100.0,0.0,0.0,str
surrealdb_surrealdb,commits,author.received_events_url,414,100.0,0.0,0.0,str
surrealdb_surrealdb,commits,author.repos_url,414,100.0,0.0,0.0,str
surrealdb_surrealdb,commits,author.site_admin,414,100.0,0.0,0.0,bool
surrealdb_surrealdb,commits,author.starred_url,414,100.0,0.0,0.0,str
surrealdb_surrealdb,commits,author.subscriptions_url,414,100.0,0.0,0.0,str
surrealdb_surrealdb,commits,author.type,414,100.0,0.0,0.0,str
surrealdb_surrealdb,commits,author.url,414,100.0,0.0,0.0,str
surrealdb_surrealdb,commits,author.user_view_type,414,100.0,0.0,0.0,str
surrealdb_surrealdb,commits,comments_url,414,100.0,0.0,0.0,str
surrealdb_surrealdb,commits,commit.author.date,414,100.0,0.0,0.0,str
surrealdb_surrealdb,commits,commit.author.email,414,100.0,0.0,0.0,str
surrealdb_surrealdb,commits,commit.author.name,414,100.0,0.0,0.0,str
surrealdb_surrealdb,commits,commit.comment_count,414,100.0,0.0,0.0,int
surrealdb_surrealdb,commits,commit.committer.date,414,100.0,0.0,0.0,str
surrealdb_surrealdb,commits,commit.committer.email,414,100.0,0.0,0.0,str
surrealdb_surrealdb,commits,commit.committer.name,414,100.0,0.0,0.0,str
surrealdb_surrealdb,commits,commit.message,414,100.0,0.0,0.0,str
surrealdb_surrealdb,commits,commit.tree.sha,414,100.0,0.0,0.0,str
surrealdb_surrealdb,commits,commit.tree.url,414,100.0,0.0,0.0,str
surrealdb_surrealdb,commits,commit.url,414,100.0,0.0,0.0,str
surrealdb_surrealdb,commits,commit.verification.payload,414,100.0,3.38,0.0,NoneType|str
surrealdb_surrealdb,commits,commit.verification.reason,414,100.0,0.0,0.0,str
surrealdb_surrealdb,commits,commit.verification.signature,414,100.0,3.38,0.0,NoneType|str
surrealdb_surrealdb,commits,commit.verification.verified,414,100.0,0.0,0.0,bool
surrealdb_surrealdb,commits,commit.verification.verified_at,414,100.0,3.38,0.0,NoneType|str
surrealdb_surrealdb,commits,committer.avatar_url,414,100.0,0.0,0.0,str
surrealdb_surrealdb,commits,committer.events_url,414,100.0,0.0,0.0,str
surrealdb_surrealdb,commits,committer.followers_url,414,100.0,0.0,0.0,str
surrealdb_surrealdb,commits,committer.following_url,414,100.0,0.0,0.0,str
surrealdb_surrealdb,commits,committer.gists_url,414,100.0,0.0,0.0,str
surrealdb_surrealdb,commits,committer.gravatar_id,414,100.0,0.0,100.0,str
surrealdb_surrealdb,commits,committer.html_url,414,100.0,0.0,0.0,str
surrealdb_surrealdb,commits,committer.id,414,100.0,0.0,0.0,int
surrealdb_surrealdb,commits,committer.login,414,100.0,0.0,0.0,str
surrealdb_surrealdb,commits,committer.node_id,414,100.0,0.0,0.0,str
surrealdb_surrealdb,commits,committer.organizations_url,414,100.0,0.0,0.0,str
surrealdb_surrealdb,commits,committer.received_events_url,414,100.0,0.0,0.0,str
surrealdb_surrealdb,commits,committer.repos_url,414,100.0,0.0,0.0,str
surrealdb_surrealdb,commits,committer.site_admin,414,100.0,0.0,0.0,bool
surrealdb_surrealdb,commits,committer.starred_url,414,100.0,0.0,0.0,str
surrealdb_surrealdb,commits,committer.subscriptions_url,414,100.0,0.0,0.0,str
surrealdb_surrealdb,commits,committer.type,414,100.0,0.0,0.0,str
surrealdb_surrealdb,commits,committer.url,414,100.0,0.0,0.0,str
surrealdb_surrealdb,commits,committer.user_view_type,414,100.0,0.0,0.0,str
surrealdb_surrealdb,commits,html_url,414,100.0,0.0,0.0,str
surrealdb_surrealdb,commits,node_id,414,100.0,0.0,0.0,str
surrealdb_surrealdb,commits,parents,414,100.0,0.0,0.0,list
surrealdb_surrealdb,commits,sha,414,100.0,0.0,0.0,str
surrealdb_surrealdb,commits,url,414,100.0,0.0,0.0,str
surrealdb_surrealdb,issues,active_lock_reason,891,100.0,100.0,0.0,NoneType
surrealdb_surrealdb,issues,assignee,891,89.56,100.0,0.0,NoneType
surrealdb_surrealdb,issues,assignee.avatar_url,891,10.44,0.0,0.0,str
surrealdb_surrealdb,issues,assignee.events_url,891,10.44,0.0,0.0,str
surrealdb_surrealdb,issues,assignee.followers_url,891,10.44,0.0,0.0,str
surrealdb_surrealdb,issues,assignee.following_url,891,10.44,0.0,0.0,str
surrealdb_surrealdb,issues,assignee.gists_url,891,10.44,0.0,0.0,str
surrealdb_surrealdb,issues,assignee.gravatar_id,891,10.44,0.0,100.0,str
surrealdb_surrealdb,issues,assignee.html_url,891,10.44,0.0,0.0,str
surrealdb_surrealdb,issues,assignee.id,891,10.44,0.0,0.0,int
surrealdb_surrealdb,issues,assignee.login,891,10.44,0.0,0.0,str
surrealdb_surrealdb,issues,assignee.node_id,891,10.44,0.0,0.0,str
surrealdb_surrealdb,issues,assignee.organizations_url,891,10.44,0.0,0.0,str
surrealdb_surrealdb,issues,assignee.received_events_url,891,10.44,0.0,0.0,str
surrealdb_surrealdb,issues,assignee.repos_url,891,10.44,0.0,0.0,str
surrealdb_surrealdb,issues,assignee.site_admin,891,10.44,0.0,0.0,bool
surrealdb_surrealdb,issues,assignee.starred_url,891,10.44,0.0,0.0,str
surrealdb_surrealdb,issues,assignee.subscriptions_url,891,10.44,0.0,0.0,str
surrealdb_surrealdb,issues,assignee.type,891,10.44,0.0,0.0,str
surrealdb_surrealdb,issues,assignee.url,891,10.44,0.0,0.0,str
surrealdb_surrealdb,issues,assignee.user_view_type,891,10.44,0.0,0.0,str
surrealdb_surrealdb,issues,assignees,891,100.0,0.0,0.0,list
surrealdb_surrealdb,issues,author_association,891,100.0,0.0,0.0,str
surrealdb_surrealdb,issues,body,891,100.0,0.0,0.0,str
surrealdb_surrealdb,issues,closed_at,891,100.0,59.6,0.0,NoneType|str
surrealdb_surrealdb,issues,closed_by,891,59.6,100.0,0.0,NoneType
surrealdb_surrealdb,issues,closed_by.avatar_url,891,40.4,0.0,0.0,str
surrealdb_surrealdb,issues,closed_by.events_url,891,40.4,0.0,0.0,str
surrealdb_surrealdb,issues,closed_by.followers_url,891,40.4,0.0,0.0,str
surrealdb_surrealdb,issues,closed_by.following_url,891,40.4,0.0,0.0,str
surrealdb_surrealdb,issues,closed_by.gists_url,891,40.4,0.0,0.0,str
surrealdb_surrealdb,issues,closed_by.gravatar_id,891,40.4,0.0,100.0,str
surrealdb_surrealdb,issues,closed_by.html_url,891,40.4,0.0,0.0,str
surrealdb_surrealdb,issues,closed_by.id,891,40.4,0.0,0.0,int
surrealdb_surrealdb,issues,closed_by.login,891,40.4,0.0,0.0,str
surrealdb_surrealdb,issues,closed_by.node_id,891,40.4,0.0,0.0,str
surrealdb_surrealdb,issues,closed_by.organizations_url,891,40.4,0.0,0.0,str
surrealdb_surrealdb,issues,closed_by.received_events_url,891,40.4,0.0,0.0,str
surrealdb_surrealdb,issues,closed_by.repos_url,891,40.4,0.0,0.0,str
surrealdb_surrealdb,issues,closed_by.site_admin,891,40.4,0.0,0.0,bool
surrealdb_surrealdb,issues,closed_by.starred_url,891,40.4,0.0,0.0,str
surrealdb_surrealdb,issues,closed_by.subscriptions_url,891,40.4,0.0,0.0,str
surrealdb_surrealdb,issues,closed_by.type,891,40.4,0.0,0.0,str
surrealdb_surrealdb,issues,closed_by.url,891,40.4,0.0,0.0,str
surrealdb_surrealdb,issues,closed_by.user_view_type,891,40.4,0.0,0.0,str
surrealdb_surrealdb,issues,comments,891,100.0,0.0,0.0,int
surrealdb_surrealdb,issues,comments_url,891,100.0,0.0,0.0,str
surrealdb_surrealdb,issues,created_at,891,100.0,0.0,0.0,str
surrealdb_surrealdb,issues,draft,891,22.56,0.0,0.0,bool
surrealdb_surrealdb,issues,events_url,891,100.0,0.0,0.0,str
surrealdb_surrealdb,issues,html_url,891,100.0,0.0,0.0,str
surrealdb_surrealdb,issues,id,891,100.0,0.0,0.0,int
surrealdb_surrealdb,issues,issue_dependencies_summary.blocked_by,891,77.44,0.0,0.0,int
surrealdb_surrealdb,issues,issue_dependencies_summary.blocking,891,77.44,0.0,0.0,int
surrealdb_surrealdb,issues,issue_dependencies_summary.total_blocked_by,891,77.44,0.0,0.0,int
surrealdb_surrealdb,issues,issue_dependencies_summary.total_blocking,891,77.44,0.0,0.0,int
surrealdb_surrealdb,issues,issue_field_values,891,100.0,0.0,0.0,list
surrealdb_surrealdb,issues,labels,891,100.0,0.0,0.0,list
surrealdb_surrealdb,issues,labels_url,891,100.0,0.0,0.0,str
surrealdb_surrealdb,issues,locked,891,100.0,0.0,0.0,bool
surrealdb_surrealdb,issues,milestone,891,97.42,100.0,0.0,NoneType
surrealdb_surrealdb,issues,milestone.closed_at,891,2.58,100.0,0.0,NoneType
surrealdb_surrealdb,issues,milestone.closed_issues,891,2.58,0.0,0.0,int
surrealdb_surrealdb,issues,milestone.created_at,891,2.58,0.0,0.0,str
surrealdb_surrealdb,issues,milestone.creator.avatar_url,891,2.58,0.0,0.0,str
surrealdb_surrealdb,issues,milestone.creator.events_url,891,2.58,0.0,0.0,str
surrealdb_surrealdb,issues,milestone.creator.followers_url,891,2.58,0.0,0.0,str
surrealdb_surrealdb,issues,milestone.creator.following_url,891,2.58,0.0,0.0,str
surrealdb_surrealdb,issues,milestone.creator.gists_url,891,2.58,0.0,0.0,str
surrealdb_surrealdb,issues,milestone.creator.gravatar_id,891,2.58,0.0,100.0,str
surrealdb_surrealdb,issues,milestone.creator.html_url,891,2.58,0.0,0.0,str
surrealdb_surrealdb,issues,milestone.creator.id,891,2.58,0.0,0.0,int
surrealdb_surrealdb,issues,milestone.creator.login,891,2.58,0.0,0.0,str
surrealdb_surrealdb,issues,milestone.creator.node_id,891,2.58,0.0,0.0,str
surrealdb_surrealdb,issues,milestone.creator.organizations_url,891,2.58,0.0,0.0,str
surrealdb_surrealdb,issues,milestone.creator.received_events_url,891,2.58,0.0,0.0,str
surrealdb_surrealdb,issues,milestone.creator.repos_url,891,2.58,0.0,0.0,str
surrealdb_surrealdb,issues,milestone.creator.site_admin,891,2.58,0.0,0.0,bool
surrealdb_surrealdb,issues,milestone.creator.starred_url,891,2.58,0.0,0.0,str
surrealdb_surrealdb,issues,milestone.creator.subscriptions_url,891,2.58,0.0,0.0,str
surrealdb_surrealdb,issues,milestone.creator.type,891,2.58,0.0,0.0,str
surrealdb_surrealdb,issues,milestone.creator.url,891,2.58,0.0,0.0,str
surrealdb_surrealdb,issues,milestone.creator.user_view_type,891,2.58,0.0,0.0,str
surrealdb_surrealdb,issues,milestone.description,891,2.58,65.22,34.78,NoneType|str
surrealdb_surrealdb,issues,milestone.due_on,891,2.58,78.26,0.0,NoneType|str
surrealdb_surrealdb,issues,milestone.html_url,891,2.58,0.0,0.0,str
surrealdb_surrealdb,issues,milestone.id,891,2.58,0.0,0.0,int
surrealdb_surrealdb,issues,milestone.labels_url,891,2.58,0.0,0.0,str
surrealdb_surrealdb,issues,milestone.node_id,891,2.58,0.0,0.0,str
surrealdb_surrealdb,issues,milestone.number,891,2.58,0.0,0.0,int
surrealdb_surrealdb,issues,milestone.open_issues,891,2.58,0.0,0.0,int
surrealdb_surrealdb,issues,milestone.state,891,2.58,0.0,0.0,str
surrealdb_surrealdb,issues,milestone.title,891,2.58,0.0,0.0,str
surrealdb_surrealdb,issues,milestone.updated_at,891,2.58,0.0,0.0,str
surrealdb_surrealdb,issues,milestone.url,891,2.58,0.0,0.0,str
surrealdb_surrealdb,issues,node_id,891,100.0,0.0,0.0,str
surrealdb_surrealdb,issues,number,891,100.0,0.0,0.0,int
surrealdb_surrealdb,issues,performed_via_github_app,891,99.55,100.0,0.0,NoneType
surrealdb_surrealdb,issues,performed_via_github_app.client_id,891,0.45,0.0,0.0,str
surrealdb_surrealdb,issues,performed_via_github_app.created_at,891,0.45,0.0,0.0,str
surrealdb_surrealdb,issues,performed_via_github_app.description,891,0.45,0.0,0.0,str
surrealdb_surrealdb,issues,performed_via_github_app.events,891,0.45,0.0,0.0,list
surrealdb_surrealdb,issues,performed_via_github_app.external_url,891,0.45,0.0,0.0,str
surrealdb_surrealdb,issues,performed_via_github_app.html_url,891,0.45,0.0,0.0,str
surrealdb_surrealdb,issues,performed_via_github_app.id,891,0.45,0.0,0.0,int
surrealdb_surrealdb,issues,performed_via_github_app.name,891,0.45,0.0,0.0,str
surrealdb_surrealdb,issues,performed_via_github_app.node_id,891,0.45,0.0,0.0,str
surrealdb_surrealdb,issues,performed_via_github_app.owner.avatar_url,891,0.45,0.0,0.0,str
surrealdb_surrealdb,issues,performed_via_github_app.owner.events_url,891,0.45,0.0,0.0,str
surrealdb_surrealdb,issues,performed_via_github_app.owner.followers_url,891,0.45,0.0,0.0,str
surrealdb_surrealdb,issues,performed_via_github_app.owner.following_url,891,0.45,0.0,0.0,str
surrealdb_surrealdb,issues,performed_via_github_app.owner.gists_url,891,0.45,0.0,0.0,str
surrealdb_surrealdb,issues,performed_via_github_app.owner.gravatar_id,891,0.45,0.0,100.0,str
surrealdb_surrealdb,issues,performed_via_github_app.owner.html_url,891,0.45,0.0,0.0,str
surrealdb_surrealdb,issues,performed_via_github_app.owner.id,891,0.45,0.0,0.0,int
surrealdb_surrealdb,issues,performed_via_github_app.owner.login,891,0.45,0.0,0.0,str
surrealdb_surrealdb,issues,performed_via_github_app.owner.node_id,891,0.45,0.0,0.0,str
surrealdb_surrealdb,issues,performed_via_github_app.owner.organizations_url,891,0.45,0.0,0.0,str
surrealdb_surrealdb,issues,performed_via_github_app.owner.received_events_url,891,0.45,0.0,0.0,str
surrealdb_surrealdb,issues,performed_via_github_app.owner.repos_url,891,0.45,0.0,0.0,str
surrealdb_surrealdb,issues,performed_via_github_app.owner.site_admin,891,0.45,0.0,0.0,bool
surrealdb_surrealdb,issues,performed_via_github_app.owner.starred_url,891,0.45,0.0,0.0,str
surrealdb_surrealdb,issues,performed_via_github_app.owner.subscriptions_url,891,0.45,0.0,0.0,str
surrealdb_surrealdb,issues,performed_via_github_app.owner.type,891,0.45,0.0,0.0,str
surrealdb_surrealdb,issues,performed_via_github_app.owner.url,891,0.45,0.0,0.0,str
surrealdb_surrealdb,issues,performed_via_github_app.owner.user_view_type,891,0.45,0.0,0.0,str
surrealdb_surrealdb,issues,performed_via_github_app.permissions.actions,891,0.45,0.0,0.0,str
surrealdb_surrealdb,issues,performed_via_github_app.permissions.checks,891,0.45,0.0,0.0,str
surrealdb_surrealdb,issues,performed_via_github_app.permissions.contents,891,0.45,0.0,0.0,str
surrealdb_surrealdb,issues,performed_via_github_app.permissions.emails,891,0.45,0.0,0.0,str
surrealdb_surrealdb,issues,performed_via_github_app.permissions.issues,891,0.45,0.0,0.0,str
surrealdb_surrealdb,issues,performed_via_github_app.permissions.metadata,891,0.45,0.0,0.0,str
surrealdb_surrealdb,issues,performed_via_github_app.permissions.pull_requests,891,0.45,0.0,0.0,str
surrealdb_surrealdb,issues,performed_via_github_app.permissions.statuses,891,0.45,0.0,0.0,str
surrealdb_surrealdb,issues,performed_via_github_app.permissions.workflows,891,0.45,0.0,0.0,str
surrealdb_surrealdb,issues,performed_via_github_app.slug,891,0.45,0.0,0.0,str
surrealdb_surrealdb,issues,performed_via_github_app.updated_at,891,0.45,0.0,0.0,str
surrealdb_surrealdb,issues,pinned_comment,891,77.44,100.0,0.0,NoneType
surrealdb_surrealdb,issues,pull_request.diff_url,891,22.56,0.0,0.0,str
surrealdb_surrealdb,issues,pull_request.html_url,891,22.56,0.0,0.0,str
surrealdb_surrealdb,issues,pull_request.merged_at,891,22.56,69.15,0.0,NoneType|str
surrealdb_surrealdb,issues,pull_request.patch_url,891,22.56,0.0,0.0,str
surrealdb_surrealdb,issues,pull_request.url,891,22.56,0.0,0.0,str
surrealdb_surrealdb,issues,reactions.+1,891,100.0,0.0,0.0,int
surrealdb_surrealdb,issues,reactions.-1,891,100.0,0.0,0.0,int
surrealdb_surrealdb,issues,reactions.confused,891,100.0,0.0,0.0,int
surrealdb_surrealdb,issues,reactions.eyes,891,100.0,0.0,0.0,int
surrealdb_surrealdb,issues,reactions.heart,891,100.0,0.0,0.0,int
surrealdb_surrealdb,issues,reactions.hooray,891,100.0,0.0,0.0,int
surrealdb_surrealdb,issues,reactions.laugh,891,100.0,0.0,0.0,int
surrealdb_surrealdb,issues,reactions.rocket,891,100.0,0.0,0.0,int
surrealdb_surrealdb,issues,reactions.total_count,891,100.0,0.0,0.0,int
surrealdb_surrealdb,issues,reactions.url,891,100.0,0.0,0.0,str
surrealdb_surrealdb,issues,repository_url,891,100.0,0.0,0.0,str
surrealdb_surrealdb,issues,state,891,100.0,0.0,0.0,str
surrealdb_surrealdb,issues,state_reason,891,100.0,73.96,0.0,NoneType|str
surrealdb_surrealdb,issues,sub_issues_summary.completed,891,77.44,0.0,0.0,int
surrealdb_surrealdb,issues,sub_issues_summary.percent_completed,891,77.44,0.0,0.0,int
surrealdb_surrealdb,issues,sub_issues_summary.total,891,77.44,0.0,0.0,int
surrealdb_surrealdb,issues,timeline_url,891,100.0,0.0,0.0,str
surrealdb_surrealdb,issues,title,891,100.0,0.0,0.0,str
surrealdb_surrealdb,issues,type,891,27.61,100.0,0.0,NoneType
surrealdb_surrealdb,issues,type.color,891,72.39,0.0,0.0,str
surrealdb_surrealdb,issues,type.created_at,891,72.39,0.0,0.0,str
surrealdb_surrealdb,issues,type.description,891,72.39,0.0,0.0,str
surrealdb_surrealdb,issues,type.id,891,72.39,0.0,0.0,int
surrealdb_surrealdb,issues,type.is_enabled,891,72.39,0.0,0.0,bool
surrealdb_surrealdb,issues,type.name,891,72.39,0.0,0.0,str
surrealdb_surrealdb,issues,type.node_id,891,72.39,0.0,0.0,str
surrealdb_surrealdb,issues,type.updated_at,891,72.39,0.0,0.0,str
surrealdb_surrealdb,issues,updated_at,891,100.0,0.0,0.0,str
surrealdb_surrealdb,issues,url,891,100.0,0.0,0.0,str
surrealdb_surrealdb,issues,user.avatar_url,891,100.0,0.0,0.0,str
surrealdb_surrealdb,issues,user.events_url,891,100.0,0.0,0.0,str
surrealdb_surrealdb,issues,user.followers_url,891,100.0,0.0,0.0,str
surrealdb_surrealdb,issues,user.following_url,891,100.0,0.0,0.0,str
surrealdb_surrealdb,issues,user.gists_url,891,100.0,0.0,0.0,str
surrealdb_surrealdb,issues,user.gravatar_id,891,100.0,0.0,100.0,str
surrealdb_surrealdb,issues,user.html_url,891,100.0,0.0,0.0,str
surrealdb_surrealdb,issues,user.id,891,100.0,0.0,0.0,int
surrealdb_surrealdb,issues,user.login,891,100.0,0.0,0.0,str
surrealdb_surrealdb,issues,user.node_id,891,100.0,0.0,0.0,str
surrealdb_surrealdb,issues,user.organizations_url,891,100.0,0.0,0.0,str
surrealdb_surrealdb,issues,user.received_events_url,891,100.0,0.0,0.0,str
surrealdb_surrealdb,issues,user.repos_url,891,100.0,0.0,0.0,str
surrealdb_surrealdb,issues,user.site_admin,891,100.0,0.0,0.0,bool
surrealdb_surrealdb,issues,user.starred_url,891,100.0,0.0,0.0,str
surrealdb_surrealdb,issues,user.subscriptions_url,891,100.0,0.0,0.0,str
surrealdb_surrealdb,issues,user.type,891,100.0,0.0,0.0,str
surrealdb_surrealdb,issues,user.url,891,100.0,0.0,0.0,str
surrealdb_surrealdb,issues,user.user_view_type,891,100.0,0.0,0.0,str
surrealdb_surrealdb,pulls,_links.comments.href,123,100.0,0.0,0.0,str
surrealdb_surrealdb,pulls,_links.commits.href,123,100.0,0.0,0.0,str
surrealdb_surrealdb,pulls,_links.html.href,123,100.0,0.0,0.0,str
surrealdb_surrealdb,pulls,_links.issue.href,123,100.0,0.0,0.0,str
surrealdb_surrealdb,pulls,_links.review_comment.href,123,100.0,0.0,0.0,str
surrealdb_surrealdb,pulls,_links.review_comments.href,123,100.0,0.0,0.0,str
surrealdb_surrealdb,pulls,_links.self.href,123,100.0,0.0,0.0,str
surrealdb_surrealdb,pulls,_links.statuses.href,123,100.0,0.0,0.0,str
surrealdb_surrealdb,pulls,active_lock_reason,123,100.0,100.0,0.0,NoneType
surrealdb_surrealdb,pulls,assignee,123,91.06,100.0,0.0,NoneType
surrealdb_surrealdb,pulls,assignee.avatar_url,123,8.94,0.0,0.0,str
surrealdb_surrealdb,pulls,assignee.events_url,123,8.94,0.0,0.0,str
surrealdb_surrealdb,pulls,assignee.followers_url,123,8.94,0.0,0.0,str
surrealdb_surrealdb,pulls,assignee.following_url,123,8.94,0.0,0.0,str
surrealdb_surrealdb,pulls,assignee.gists_url,123,8.94,0.0,0.0,str
surrealdb_surrealdb,pulls,assignee.gravatar_id,123,8.94,0.0,100.0,str
surrealdb_surrealdb,pulls,assignee.html_url,123,8.94,0.0,0.0,str
surrealdb_surrealdb,pulls,assignee.id,123,8.94,0.0,0.0,int
surrealdb_surrealdb,pulls,assignee.login,123,8.94,0.0,0.0,str
surrealdb_surrealdb,pulls,assignee.node_id,123,8.94,0.0,0.0,str
surrealdb_surrealdb,pulls,assignee.organizations_url,123,8.94,0.0,0.0,str
surrealdb_surrealdb,pulls,assignee.received_events_url,123,8.94,0.0,0.0,str
surrealdb_surrealdb,pulls,assignee.repos_url,123,8.94,0.0,0.0,str
surrealdb_surrealdb,pulls,assignee.site_admin,123,8.94,0.0,0.0,bool
surrealdb_surrealdb,pulls,assignee.starred_url,123,8.94,0.0,0.0,str
surrealdb_surrealdb,pulls,assignee.subscriptions_url,123,8.94,0.0,0.0,str
surrealdb_surrealdb,pulls,assignee.type,123,8.94,0.0,0.0,str
surrealdb_surrealdb,pulls,assignee.url,123,8.94,0.0,0.0,str
surrealdb_surrealdb,pulls,assignee.user_view_type,123,8.94,0.0,0.0,str
surrealdb_surrealdb,pulls,assignees,123,100.0,0.0,0.0,list
surrealdb_surrealdb,pulls,author_association,123,100.0,0.0,0.0,str
surrealdb_surrealdb,pulls,auto_merge,123,99.19,100.0,0.0,NoneType
surrealdb_surrealdb,pulls,auto_merge.commit_message,123,0.81,100.0,0.0,NoneType
surrealdb_surrealdb,pulls,auto_merge.commit_title,123,0.81,100.0,0.0,NoneType
surrealdb_surrealdb,pulls,auto_merge.enabled_by.avatar_url,123,0.81,0.0,0.0,str
surrealdb_surrealdb,pulls,auto_merge.enabled_by.events_url,123,0.81,0.0,0.0,str
surrealdb_surrealdb,pulls,auto_merge.enabled_by.followers_url,123,0.81,0.0,0.0,str
surrealdb_surrealdb,pulls,auto_merge.enabled_by.following_url,123,0.81,0.0,0.0,str
surrealdb_surrealdb,pulls,auto_merge.enabled_by.gists_url,123,0.81,0.0,0.0,str
surrealdb_surrealdb,pulls,auto_merge.enabled_by.gravatar_id,123,0.81,0.0,100.0,str
surrealdb_surrealdb,pulls,auto_merge.enabled_by.html_url,123,0.81,0.0,0.0,str
surrealdb_surrealdb,pulls,auto_merge.enabled_by.id,123,0.81,0.0,0.0,int
surrealdb_surrealdb,pulls,auto_merge.enabled_by.login,123,0.81,0.0,0.0,str
surrealdb_surrealdb,pulls,auto_merge.enabled_by.node_id,123,0.81,0.0,0.0,str
surrealdb_surrealdb,pulls,auto_merge.enabled_by.organizations_url,123,0.81,0.0,0.0,str
surrealdb_surrealdb,pulls,auto_merge.enabled_by.received_events_url,123,0.81,0.0,0.0,str
surrealdb_surrealdb,pulls,auto_merge.enabled_by.repos_url,123,0.81,0.0,0.0,str
surrealdb_surrealdb,pulls,auto_merge.enabled_by.site_admin,123,0.81,0.0,0.0,bool
surrealdb_surrealdb,pulls,auto_merge.enabled_by.starred_url,123,0.81,0.0,0.0,str
surrealdb_surrealdb,pulls,auto_merge.enabled_by.subscriptions_url,123,0.81,0.0,0.0,str
surrealdb_surrealdb,pulls,auto_merge.enabled_by.type,123,0.81,0.0,0.0,str
surrealdb_surrealdb,pulls,auto_merge.enabled_by.url,123,0.81,0.0,0.0,str
surrealdb_surrealdb,pulls,auto_merge.enabled_by.user_view_type,123,0.81,0.0,0.0,str
surrealdb_surrealdb,pulls,auto_merge.merge_method,123,0.81,0.0,0.0,str
surrealdb_surrealdb,pulls,base.label,123,100.0,0.0,0.0,str
surrealdb_surrealdb,pulls,base.ref,123,100.0,0.0,0.0,str
surrealdb_surrealdb,pulls,base.repo.allow_forking,123,100.0,0.0,0.0,bool
surrealdb_surrealdb,pulls,base.repo.archive_url,123,100.0,0.0,0.0,str
surrealdb_surrealdb,pulls,base.repo.archived,123,100.0,0.0,0.0,bool
surrealdb_surrealdb,pulls,base.repo.assignees_url,123,100.0,0.0,0.0,str
surrealdb_surrealdb,pulls,base.repo.blobs_url,123,100.0,0.0,0.0,str
surrealdb_surrealdb,pulls,base.repo.branches_url,123,100.0,0.0,0.0,str
surrealdb_surrealdb,pulls,base.repo.clone_url,123,100.0,0.0,0.0,str
surrealdb_surrealdb,pulls,base.repo.collaborators_url,123,100.0,0.0,0.0,str
surrealdb_surrealdb,pulls,base.repo.comments_url,123,100.0,0.0,0.0,str
surrealdb_surrealdb,pulls,base.repo.commits_url,123,100.0,0.0,0.0,str
surrealdb_surrealdb,pulls,base.repo.compare_url,123,100.0,0.0,0.0,str
surrealdb_surrealdb,pulls,base.repo.contents_url,123,100.0,0.0,0.0,str
surrealdb_surrealdb,pulls,base.repo.contributors_url,123,100.0,0.0,0.0,str
surrealdb_surrealdb,pulls,base.repo.created_at,123,100.0,0.0,0.0,str
surrealdb_surrealdb,pulls,base.repo.default_branch,123,100.0,0.0,0.0,str
surrealdb_surrealdb,pulls,base.repo.deployments_url,123,100.0,0.0,0.0,str
surrealdb_surrealdb,pulls,base.repo.description,123,100.0,0.0,0.0,str
surrealdb_surrealdb,pulls,base.repo.disabled,123,100.0,0.0,0.0,bool
surrealdb_surrealdb,pulls,base.repo.downloads_url,123,100.0,0.0,0.0,str
surrealdb_surrealdb,pulls,base.repo.events_url,123,100.0,0.0,0.0,str
surrealdb_surrealdb,pulls,base.repo.fork,123,100.0,0.0,0.0,bool
surrealdb_surrealdb,pulls,base.repo.forks,123,100.0,0.0,0.0,int
surrealdb_surrealdb,pulls,base.repo.forks_count,123,100.0,0.0,0.0,int
surrealdb_surrealdb,pulls,base.repo.forks_url,123,100.0,0.0,0.0,str
surrealdb_surrealdb,pulls,base.repo.full_name,123,100.0,0.0,0.0,str
surrealdb_surrealdb,pulls,base.repo.git_commits_url,123,100.0,0.0,0.0,str
surrealdb_surrealdb,pulls,base.repo.git_refs_url,123,100.0,0.0,0.0,str
surrealdb_surrealdb,pulls,base.repo.git_tags_url,123,100.0,0.0,0.0,str
surrealdb_surrealdb,pulls,base.repo.git_url,123,100.0,0.0,0.0,str
surrealdb_surrealdb,pulls,base.repo.has_discussions,123,100.0,0.0,0.0,bool
surrealdb_surrealdb,pulls,base.repo.has_downloads,123,100.0,0.0,0.0,bool
surrealdb_surrealdb,pulls,base.repo.has_issues,123,100.0,0.0,0.0,bool
surrealdb_surrealdb,pulls,base.repo.has_pages,123,100.0,0.0,0.0,bool
surrealdb_surrealdb,pulls,base.repo.has_projects,123,100.0,0.0,0.0,bool
surrealdb_surrealdb,pulls,base.repo.has_pull_requests,123,100.0,0.0,0.0,bool
surrealdb_surrealdb,pulls,base.repo.has_wiki,123,100.0,0.0,0.0,bool
surrealdb_surrealdb,pulls,base.repo.homepage,123,100.0,0.0,0.0,str
surrealdb_surrealdb,pulls,base.repo.hooks_url,123,100.0,0.0,0.0,str
surrealdb_surrealdb,pulls,base.repo.html_url,123,100.0,0.0,0.0,str
surrealdb_surrealdb,pulls,base.repo.id,123,100.0,0.0,0.0,int
surrealdb_surrealdb,pulls,base.repo.is_template,123,100.0,0.0,0.0,bool
surrealdb_surrealdb,pulls,base.repo.issue_comment_url,123,100.0,0.0,0.0,str
surrealdb_surrealdb,pulls,base.repo.issue_events_url,123,100.0,0.0,0.0,str
surrealdb_surrealdb,pulls,base.repo.issues_url,123,100.0,0.0,0.0,str
surrealdb_surrealdb,pulls,base.repo.keys_url,123,100.0,0.0,0.0,str
surrealdb_surrealdb,pulls,base.repo.labels_url,123,100.0,0.0,0.0,str
surrealdb_surrealdb,pulls,base.repo.language,123,100.0,0.0,0.0,str
surrealdb_surrealdb,pulls,base.repo.languages_url,123,100.0,0.0,0.0,str
surrealdb_surrealdb,pulls,base.repo.license.key,123,100.0,0.0,0.0,str
surrealdb_surrealdb,pulls,base.repo.license.name,123,100.0,0.0,0.0,str
surrealdb_surrealdb,pulls,base.repo.license.node_id,123,100.0,0.0,0.0,str
surrealdb_surrealdb,pulls,base.repo.license.spdx_id,123,100.0,0.0,0.0,str
surrealdb_surrealdb,pulls,base.repo.license.url,123,100.0,100.0,0.0,NoneType
surrealdb_surrealdb,pulls,base.repo.merges_url,123,100.0,0.0,0.0,str
surrealdb_surrealdb,pulls,base.repo.milestones_url,123,100.0,0.0,0.0,str
surrealdb_surrealdb,pulls,base.repo.mirror_url,123,100.0,100.0,0.0,NoneType
surrealdb_surrealdb,pulls,base.repo.name,123,100.0,0.0,0.0,str
surrealdb_surrealdb,pulls,base.repo.node_id,123,100.0,0.0,0.0,str
surrealdb_surrealdb,pulls,base.repo.notifications_url,123,100.0,0.0,0.0,str
surrealdb_surrealdb,pulls,base.repo.open_issues,123,100.0,0.0,0.0,int
surrealdb_surrealdb,pulls,base.repo.open_issues_count,123,100.0,0.0,0.0,int
surrealdb_surrealdb,pulls,base.repo.owner.avatar_url,123,100.0,0.0,0.0,str
surrealdb_surrealdb,pulls,base.repo.owner.events_url,123,100.0,0.0,0.0,str
surrealdb_surrealdb,pulls,base.repo.owner.followers_url,123,100.0,0.0,0.0,str
surrealdb_surrealdb,pulls,base.repo.owner.following_url,123,100.0,0.0,0.0,str
surrealdb_surrealdb,pulls,base.repo.owner.gists_url,123,100.0,0.0,0.0,str
surrealdb_surrealdb,pulls,base.repo.owner.gravatar_id,123,100.0,0.0,100.0,str
surrealdb_surrealdb,pulls,base.repo.owner.html_url,123,100.0,0.0,0.0,str
surrealdb_surrealdb,pulls,base.repo.owner.id,123,100.0,0.0,0.0,int
surrealdb_surrealdb,pulls,base.repo.owner.login,123,100.0,0.0,0.0,str
surrealdb_surrealdb,pulls,base.repo.owner.node_id,123,100.0,0.0,0.0,str
surrealdb_surrealdb,pulls,base.repo.owner.organizations_url,123,100.0,0.0,0.0,str
surrealdb_surrealdb,pulls,base.repo.owner.received_events_url,123,100.0,0.0,0.0,str
surrealdb_surrealdb,pulls,base.repo.owner.repos_url,123,100.0,0.0,0.0,str
surrealdb_surrealdb,pulls,base.repo.owner.site_admin,123,100.0,0.0,0.0,bool
surrealdb_surrealdb,pulls,base.repo.owner.starred_url,123,100.0,0.0,0.0,str
surrealdb_surrealdb,pulls,base.repo.owner.subscriptions_url,123,100.0,0.0,0.0,str
surrealdb_surrealdb,pulls,base.repo.owner.type,123,100.0,0.0,0.0,str
surrealdb_surrealdb,pulls,base.repo.owner.url,123,100.0,0.0,0.0,str
surrealdb_surrealdb,pulls,base.repo.owner.user_view_type,123,100.0,0.0,0.0,str
surrealdb_surrealdb,pulls,base.repo.private,123,100.0,0.0,0.0,bool
surrealdb_surrealdb,pulls,base.repo.pull_request_creation_policy,123,100.0,0.0,0.0,str
surrealdb_surrealdb,pulls,base.repo.pulls_url,123,100.0,0.0,0.0,str
surrealdb_surrealdb,pulls,base.repo.pushed_at,123,100.0,0.0,0.0,str
surrealdb_surrealdb,pulls,base.repo.releases_url,123,100.0,0.0,0.0,str
surrealdb_surrealdb,pulls,base.repo.size,123,100.0,0.0,0.0,int
surrealdb_surrealdb,pulls,base.repo.ssh_url,123,100.0,0.0,0.0,str
surrealdb_surrealdb,pulls,base.repo.stargazers_count,123,100.0,0.0,0.0,int
surrealdb_surrealdb,pulls,base.repo.stargazers_url,123,100.0,0.0,0.0,str
surrealdb_surrealdb,pulls,base.repo.statuses_url,123,100.0,0.0,0.0,str
surrealdb_surrealdb,pulls,base.repo.subscribers_url,123,100.0,0.0,0.0,str
surrealdb_surrealdb,pulls,base.repo.subscription_url,123,100.0,0.0,0.0,str
surrealdb_surrealdb,pulls,base.repo.svn_url,123,100.0,0.0,0.0,str
surrealdb_surrealdb,pulls,base.repo.tags_url,123,100.0,0.0,0.0,str
surrealdb_surrealdb,pulls,base.repo.teams_url,123,100.0,0.0,0.0,str
surrealdb_surrealdb,pulls,base.repo.topics,123,100.0,0.0,0.0,list
surrealdb_surrealdb,pulls,base.repo.trees_url,123,100.0,0.0,0.0,str
surrealdb_surrealdb,pulls,base.repo.updated_at,123,100.0,0.0,0.0,str
surrealdb_surrealdb,pulls,base.repo.url,123,100.0,0.0,0.0,str
surrealdb_surrealdb,pulls,base.repo.visibility,123,100.0,0.0,0.0,str
surrealdb_surrealdb,pulls,base.repo.watchers,123,100.0,0.0,0.0,int
surrealdb_surrealdb,pulls,base.repo.watchers_count,123,100.0,0.0,0.0,int
surrealdb_surrealdb,pulls,base.repo.web_commit_signoff_required,123,100.0,0.0,0.0,bool
surrealdb_surrealdb,pulls,base.sha,123,100.0,0.0,0.0,str
surrealdb_surrealdb,pulls,base.user.avatar_url,123,100.0,0.0,0.0,str
surrealdb_surrealdb,pulls,base.user.events_url,123,100.0,0.0,0.0,str
surrealdb_surrealdb,pulls,base.user.followers_url,123,100.0,0.0,0.0,str
surrealdb_surrealdb,pulls,base.user.following_url,123,100.0,0.0,0.0,str
surrealdb_surrealdb,pulls,base.user.gists_url,123,100.0,0.0,0.0,str
surrealdb_surrealdb,pulls,base.user.gravatar_id,123,100.0,0.0,100.0,str
surrealdb_surrealdb,pulls,base.user.html_url,123,100.0,0.0,0.0,str
surrealdb_surrealdb,pulls,base.user.id,123,100.0,0.0,0.0,int
surrealdb_surrealdb,pulls,base.user.login,123,100.0,0.0,0.0,str
surrealdb_surrealdb,pulls,base.user.node_id,123,100.0,0.0,0.0,str
surrealdb_surrealdb,pulls,base.user.organizations_url,123,100.0,0.0,0.0,str
surrealdb_surrealdb,pulls,base.user.received_events_url,123,100.0,0.0,0.0,str
surrealdb_surrealdb,pulls,base.user.repos_url,123,100.0,0.0,0.0,str
surrealdb_surrealdb,pulls,base.user.site_admin,123,100.0,0.0,0.0,bool
surrealdb_surrealdb,pulls,base.user.starred_url,123,100.0,0.0,0.0,str
surrealdb_surrealdb,pulls,base.user.subscriptions_url,123,100.0,0.0,0.0,str
surrealdb_surrealdb,pulls,base.user.type,123,100.0,0.0,0.0,str
surrealdb_surrealdb,pulls,base.user.url,123,100.0,0.0,0.0,str
surrealdb_surrealdb,pulls,base.user.user_view_type,123,100.0,0.0,0.0,str
surrealdb_surrealdb,pulls,body,123,100.0,0.0,0.0,str
surrealdb_surrealdb,pulls,closed_at,123,100.0,46.34,0.0,NoneType|str
surrealdb_surrealdb,pulls,comments_url,123,100.0,0.0,0.0,str
surrealdb_surrealdb,pulls,commits_url,123,100.0,0.0,0.0,str
surrealdb_surrealdb,pulls,created_at,123,100.0,0.0,0.0,str
surrealdb_surrealdb,pulls,diff_url,123,100.0,0.0,0.0,str
surrealdb_surrealdb,pulls,draft,123,100.0,0.0,0.0,bool
surrealdb_surrealdb,pulls,head.label,123,100.0,0.0,0.0,str
surrealdb_surrealdb,pulls,head.ref,123,100.0,0.0,0.0,str
surrealdb_surrealdb,pulls,head.repo,123,0.81,100.0,0.0,NoneType
surrealdb_surrealdb,pulls,head.repo.allow_forking,123,99.19,0.0,0.0,bool
surrealdb_surrealdb,pulls,head.repo.archive_url,123,99.19,0.0,0.0,str
surrealdb_surrealdb,pulls,head.repo.archived,123,99.19,0.0,0.0,bool
surrealdb_surrealdb,pulls,head.repo.assignees_url,123,99.19,0.0,0.0,str
surrealdb_surrealdb,pulls,head.repo.blobs_url,123,99.19,0.0,0.0,str
surrealdb_surrealdb,pulls,head.repo.branches_url,123,99.19,0.0,0.0,str
surrealdb_surrealdb,pulls,head.repo.clone_url,123,99.19,0.0,0.0,str
surrealdb_surrealdb,pulls,head.repo.collaborators_url,123,99.19,0.0,0.0,str
surrealdb_surrealdb,pulls,head.repo.comments_url,123,99.19,0.0,0.0,str
surrealdb_surrealdb,pulls,head.repo.commits_url,123,99.19,0.0,0.0,str
surrealdb_surrealdb,pulls,head.repo.compare_url,123,99.19,0.0,0.0,str
surrealdb_surrealdb,pulls,head.repo.contents_url,123,99.19,0.0,0.0,str
surrealdb_surrealdb,pulls,head.repo.contributors_url,123,99.19,0.0,0.0,str
surrealdb_surrealdb,pulls,head.repo.created_at,123,99.19,0.0,0.0,str
surrealdb_surrealdb,pulls,head.repo.default_branch,123,99.19,0.0,0.0,str
surrealdb_surrealdb,pulls,head.repo.deployments_url,123,99.19,0.0,0.0,str
surrealdb_surrealdb,pulls,head.repo.description,123,99.19,0.0,0.0,str
surrealdb_surrealdb,pulls,head.repo.disabled,123,99.19,0.0,0.0,bool
surrealdb_surrealdb,pulls,head.repo.downloads_url,123,99.19,0.0,0.0,str
surrealdb_surrealdb,pulls,head.repo.events_url,123,99.19,0.0,0.0,str
surrealdb_surrealdb,pulls,head.repo.fork,123,99.19,0.0,0.0,bool
surrealdb_surrealdb,pulls,head.repo.forks,123,99.19,0.0,0.0,int
surrealdb_surrealdb,pulls,head.repo.forks_count,123,99.19,0.0,0.0,int
surrealdb_surrealdb,pulls,head.repo.forks_url,123,99.19,0.0,0.0,str
surrealdb_surrealdb,pulls,head.repo.full_name,123,99.19,0.0,0.0,str
surrealdb_surrealdb,pulls,head.repo.git_commits_url,123,99.19,0.0,0.0,str
surrealdb_surrealdb,pulls,head.repo.git_refs_url,123,99.19,0.0,0.0,str
surrealdb_surrealdb,pulls,head.repo.git_tags_url,123,99.19,0.0,0.0,str
surrealdb_surrealdb,pulls,head.repo.git_url,123,99.19,0.0,0.0,str
surrealdb_surrealdb,pulls,head.repo.has_discussions,123,99.19,0.0,0.0,bool
surrealdb_surrealdb,pulls,head.repo.has_downloads,123,99.19,0.0,0.0,bool
surrealdb_surrealdb,pulls,head.repo.has_issues,123,99.19,0.0,0.0,bool
surrealdb_surrealdb,pulls,head.repo.has_pages,123,99.19,0.0,0.0,bool
surrealdb_surrealdb,pulls,head.repo.has_projects,123,99.19,0.0,0.0,bool
surrealdb_surrealdb,pulls,head.repo.has_pull_requests,123,99.19,0.0,0.0,bool
surrealdb_surrealdb,pulls,head.repo.has_wiki,123,99.19,0.0,0.0,bool
surrealdb_surrealdb,pulls,head.repo.homepage,123,99.19,0.0,0.0,str
surrealdb_surrealdb,pulls,head.repo.hooks_url,123,99.19,0.0,0.0,str
surrealdb_surrealdb,pulls,head.repo.html_url,123,99.19,0.0,0.0,str
surrealdb_surrealdb,pulls,head.repo.id,123,99.19,0.0,0.0,int
surrealdb_surrealdb,pulls,head.repo.is_template,123,99.19,0.0,0.0,bool
surrealdb_surrealdb,pulls,head.repo.issue_comment_url,123,99.19,0.0,0.0,str
surrealdb_surrealdb,pulls,head.repo.issue_events_url,123,99.19,0.0,0.0,str
surrealdb_surrealdb,pulls,head.repo.issues_url,123,99.19,0.0,0.0,str
surrealdb_surrealdb,pulls,head.repo.keys_url,123,99.19,0.0,0.0,str
surrealdb_surrealdb,pulls,head.repo.labels_url,123,99.19,0.0,0.0,str
surrealdb_surrealdb,pulls,head.repo.language,123,99.19,40.16,0.0,NoneType|str
surrealdb_surrealdb,pulls,head.repo.languages_url,123,99.19,0.0,0.0,str
surrealdb_surrealdb,pulls,head.repo.license.key,123,99.19,0.0,0.0,str
surrealdb_surrealdb,pulls,head.repo.license.name,123,99.19,0.0,0.0,str
surrealdb_surrealdb,pulls,head.repo.license.node_id,123,99.19,0.0,0.0,str
surrealdb_surrealdb,pulls,head.repo.license.spdx_id,123,99.19,0.0,0.0,str
surrealdb_surrealdb,pulls,head.repo.license.url,123,99.19,100.0,0.0,NoneType
surrealdb_surrealdb,pulls,head.repo.merges_url,123,99.19,0.0,0.0,str
surrealdb_surrealdb,pulls,head.repo.milestones_url,123,99.19,0.0,0.0,str
surrealdb_surrealdb,pulls,head.repo.mirror_url,123,99.19,100.0,0.0,NoneType
surrealdb_surrealdb,pulls,head.repo.name,123,99.19,0.0,0.0,str
surrealdb_surrealdb,pulls,head.repo.node_id,123,99.19,0.0,0.0,str
surrealdb_surrealdb,pulls,head.repo.notifications_url,123,99.19,0.0,0.0,str
surrealdb_surrealdb,pulls,head.repo.open_issues,123,99.19,0.0,0.0,int
surrealdb_surrealdb,pulls,head.repo.open_issues_count,123,99.19,0.0,0.0,int
surrealdb_surrealdb,pulls,head.repo.owner.avatar_url,123,99.19,0.0,0.0,str
surrealdb_surrealdb,pulls,head.repo.owner.events_url,123,99.19,0.0,0.0,str
surrealdb_surrealdb,pulls,head.repo.owner.followers_url,123,99.19,0.0,0.0,str
surrealdb_surrealdb,pulls,head.repo.owner.following_url,123,99.19,0.0,0.0,str
surrealdb_surrealdb,pulls,head.repo.owner.gists_url,123,99.19,0.0,0.0,str
surrealdb_surrealdb,pulls,head.repo.owner.gravatar_id,123,99.19,0.0,100.0,str
surrealdb_surrealdb,pulls,head.repo.owner.html_url,123,99.19,0.0,0.0,str
surrealdb_surrealdb,pulls,head.repo.owner.id,123,99.19,0.0,0.0,int
surrealdb_surrealdb,pulls,head.repo.owner.login,123,99.19,0.0,0.0,str
surrealdb_surrealdb,pulls,head.repo.owner.node_id,123,99.19,0.0,0.0,str
surrealdb_surrealdb,pulls,head.repo.owner.organizations_url,123,99.19,0.0,0.0,str
surrealdb_surrealdb,pulls,head.repo.owner.received_events_url,123,99.19,0.0,0.0,str
surrealdb_surrealdb,pulls,head.repo.owner.repos_url,123,99.19,0.0,0.0,str
surrealdb_surrealdb,pulls,head.repo.owner.site_admin,123,99.19,0.0,0.0,bool
surrealdb_surrealdb,pulls,head.repo.owner.starred_url,123,99.19,0.0,0.0,str
surrealdb_surrealdb,pulls,head.repo.owner.subscriptions_url,123,99.19,0.0,0.0,str
surrealdb_surrealdb,pulls,head.repo.owner.type,123,99.19,0.0,0.0,str
surrealdb_surrealdb,pulls,head.repo.owner.url,123,99.19,0.0,0.0,str
surrealdb_surrealdb,pulls,head.repo.owner.user_view_type,123,99.19,0.0,0.0,str
surrealdb_surrealdb,pulls,head.repo.private,123,99.19,0.0,0.0,bool
surrealdb_surrealdb,pulls,head.repo.pull_request_creation_policy,123,99.19,0.0,0.0,str
surrealdb_surrealdb,pulls,head.repo.pulls_url,123,99.19,0.0,0.0,str
surrealdb_surrealdb,pulls,head.repo.pushed_at,123,99.19,0.0,0.0,str
surrealdb_surrealdb,pulls,head.repo.releases_url,123,99.19,0.0,0.0,str
surrealdb_surrealdb,pulls,head.repo.size,123,99.19,0.0,0.0,int
surrealdb_surrealdb,pulls,head.repo.ssh_url,123,99.19,0.0,0.0,str
surrealdb_surrealdb,pulls,head.repo.stargazers_count,123,99.19,0.0,0.0,int
surrealdb_surrealdb,pulls,head.repo.stargazers_url,123,99.19,0.0,0.0,str
surrealdb_surrealdb,pulls,head.repo.statuses_url,123,99.19,0.0,0.0,str
surrealdb_surrealdb,pulls,head.repo.subscribers_url,123,99.19,0.0,0.0,str
surrealdb_surrealdb,pulls,head.repo.subscription_url,123,99.19,0.0,0.0,str
surrealdb_surrealdb,pulls,head.repo.svn_url,123,99.19,0.0,0.0,str
surrealdb_surrealdb,pulls,head.repo.tags_url,123,99.19,0.0,0.0,str
surrealdb_surrealdb,pulls,head.repo.teams_url,123,99.19,0.0,0.0,str
surrealdb_surrealdb,pulls,head.repo.topics,123,99.19,0.0,0.0,list
surrealdb_surrealdb,pulls,head.repo.trees_url,123,99.19,0.0,0.0,str
surrealdb_surrealdb,pulls,head.repo.updated_at,123,99.19,0.0,0.0,str
surrealdb_surrealdb,pulls,head.repo.url,123,99.19,0.0,0.0,str
surrealdb_surrealdb,pulls,head.repo.visibility,123,99.19,0.0,0.0,str
surrealdb_surrealdb,pulls,head.repo.watchers,123,99.19,0.0,0.0,int
surrealdb_surrealdb,pulls,head.repo.watchers_count,123,99.19,0.0,0.0,int
surrealdb_surrealdb,pulls,head.repo.web_commit_signoff_required,123,99.19,0.0,0.0,bool
surrealdb_surrealdb,pulls,head.sha,123,100.0,0.0,0.0,str
surrealdb_surrealdb,pulls,head.user.avatar_url,123,100.0,0.0,0.0,str
surrealdb_surrealdb,pulls,head.user.events_url,123,100.0,0.0,0.0,str
surrealdb_surrealdb,pulls,head.user.followers_url,123,100.0,0.0,0.0,str
surrealdb_surrealdb,pulls,head.user.following_url,123,100.0,0.0,0.0,str
surrealdb_surrealdb,pulls,head.user.gists_url,123,100.0,0.0,0.0,str
surrealdb_surrealdb,pulls,head.user.gravatar_id,123,100.0,0.0,100.0,str
surrealdb_surrealdb,pulls,head.user.html_url,123,100.0,0.0,0.0,str
surrealdb_surrealdb,pulls,head.user.id,123,100.0,0.0,0.0,int
surrealdb_surrealdb,pulls,head.user.login,123,100.0,0.0,0.0,str
surrealdb_surrealdb,pulls,head.user.node_id,123,100.0,0.0,0.0,str
surrealdb_surrealdb,pulls,head.user.organizations_url,123,100.0,0.0,0.0,str
surrealdb_surrealdb,pulls,head.user.received_events_url,123,100.0,0.0,0.0,str
surrealdb_surrealdb,pulls,head.user.repos_url,123,100.0,0.0,0.0,str
surrealdb_surrealdb,pulls,head.user.site_admin,123,100.0,0.0,0.0,bool
surrealdb_surrealdb,pulls,head.user.starred_url,123,100.0,0.0,0.0,str
surrealdb_surrealdb,pulls,head.user.subscriptions_url,123,100.0,0.0,0.0,str
surrealdb_surrealdb,pulls,head.user.type,123,100.0,0.0,0.0,str
surrealdb_surrealdb,pulls,head.user.url,123,100.0,0.0,0.0,str
surrealdb_surrealdb,pulls,head.user.user_view_type,123,100.0,0.0,0.0,str
surrealdb_surrealdb,pulls,html_url,123,100.0,0.0,0.0,str
surrealdb_surrealdb,pulls,id,123,100.0,0.0,0.0,int
surrealdb_surrealdb,pulls,issue_url,123,100.0,0.0,0.0,str
surrealdb_surrealdb,pulls,labels,123,100.0,0.0,0.0,list
surrealdb_surrealdb,pulls,locked,123,100.0,0.0,0.0,bool
surrealdb_surrealdb,pulls,merge_commit_sha,123,100.0,11.38,0.0,NoneType|str
surrealdb_surrealdb,pulls,merged_at,123,100.0,64.23,0.0,NoneType|str
surrealdb_surrealdb,pulls,milestone,123,97.56,100.0,0.0,NoneType
surrealdb_surrealdb,pulls,milestone.closed_at,123,2.44,100.0,0.0,NoneType
surrealdb_surrealdb,pulls,milestone.closed_issues,123,2.44,0.0,0.0,int
surrealdb_surrealdb,pulls,milestone.created_at,123,2.44,0.0,0.0,str
surrealdb_surrealdb,pulls,milestone.creator.avatar_url,123,2.44,0.0,0.0,str
surrealdb_surrealdb,pulls,milestone.creator.events_url,123,2.44,0.0,0.0,str
surrealdb_surrealdb,pulls,milestone.creator.followers_url,123,2.44,0.0,0.0,str
surrealdb_surrealdb,pulls,milestone.creator.following_url,123,2.44,0.0,0.0,str
surrealdb_surrealdb,pulls,milestone.creator.gists_url,123,2.44,0.0,0.0,str
surrealdb_surrealdb,pulls,milestone.creator.gravatar_id,123,2.44,0.0,100.0,str
surrealdb_surrealdb,pulls,milestone.creator.html_url,123,2.44,0.0,0.0,str
surrealdb_surrealdb,pulls,milestone.creator.id,123,2.44,0.0,0.0,int
surrealdb_surrealdb,pulls,milestone.creator.login,123,2.44,0.0,0.0,str
surrealdb_surrealdb,pulls,milestone.creator.node_id,123,2.44,0.0,0.0,str
surrealdb_surrealdb,pulls,milestone.creator.organizations_url,123,2.44,0.0,0.0,str
surrealdb_surrealdb,pulls,milestone.creator.received_events_url,123,2.44,0.0,0.0,str
surrealdb_surrealdb,pulls,milestone.creator.repos_url,123,2.44,0.0,0.0,str
surrealdb_surrealdb,pulls,milestone.creator.site_admin,123,2.44,0.0,0.0,bool
surrealdb_surrealdb,pulls,milestone.creator.starred_url,123,2.44,0.0,0.0,str
surrealdb_surrealdb,pulls,milestone.creator.subscriptions_url,123,2.44,0.0,0.0,str
surrealdb_surrealdb,pulls,milestone.creator.type,123,2.44,0.0,0.0,str
surrealdb_surrealdb,pulls,milestone.creator.url,123,2.44,0.0,0.0,str
surrealdb_surrealdb,pulls,milestone.creator.user_view_type,123,2.44,0.0,0.0,str
surrealdb_surrealdb,pulls,milestone.description,123,2.44,0.0,100.0,str
surrealdb_surrealdb,pulls,milestone.due_on,123,2.44,0.0,0.0,str
surrealdb_surrealdb,pulls,milestone.html_url,123,2.44,0.0,0.0,str
surrealdb_surrealdb,pulls,milestone.id,123,2.44,0.0,0.0,int
surrealdb_surrealdb,pulls,milestone.labels_url,123,2.44,0.0,0.0,str
surrealdb_surrealdb,pulls,milestone.node_id,123,2.44,0.0,0.0,str
surrealdb_surrealdb,pulls,milestone.number,123,2.44,0.0,0.0,int
surrealdb_surrealdb,pulls,milestone.open_issues,123,2.44,0.0,0.0,int
surrealdb_surrealdb,pulls,milestone.state,123,2.44,0.0,0.0,str
surrealdb_surrealdb,pulls,milestone.title,123,2.44,0.0,0.0,str
surrealdb_surrealdb,pulls,milestone.updated_at,123,2.44,0.0,0.0,str
surrealdb_surrealdb,pulls,milestone.url,123,2.44,0.0,0.0,str
surrealdb_surrealdb,pulls,node_id,123,100.0,0.0,0.0,str
surrealdb_surrealdb,pulls,number,123,100.0,0.0,0.0,int
surrealdb_surrealdb,pulls,patch_url,123,100.0,0.0,0.0,str
surrealdb_surrealdb,pulls,requested_reviewers,123,100.0,0.0,0.0,list
surrealdb_surrealdb,pulls,requested_teams,123,100.0,0.0,0.0,list
surrealdb_surrealdb,pulls,review_comment_url,123,100.0,0.0,0.0,str
surrealdb_surrealdb,pulls,review_comments_url,123,100.0,0.0,0.0,str
surrealdb_surrealdb,pulls,state,123,100.0,0.0,0.0,str
surrealdb_surrealdb,pulls,statuses_url,123,100.0,0.0,0.0,str
surrealdb_surrealdb,pulls,title,123,100.0,0.0,0.0,str
surrealdb_surrealdb,pulls,updated_at,123,100.0,0.0,0.0,str
surrealdb_surrealdb,pulls,url,123,100.0,0.0,0.0,str
surrealdb_surrealdb,pulls,user.avatar_url,123,100.0,0.0,0.0,str
surrealdb_surrealdb,pulls,user.events_url,123,100.0,0.0,0.0,str
surrealdb_surrealdb,pulls,user.followers_url,123,100.0,0.0,0.0,str
surrealdb_surrealdb,pulls,user.following_url,123,100.0,0.0,0.0,str
surrealdb_surrealdb,pulls,user.gists_url,123,100.0,0.0,0.0,str
surrealdb_surrealdb,pulls,user.gravatar_id,123,100.0,0.0,100.0,str
surrealdb_surrealdb,pulls,user.html_url,123,100.0,0.0,0.0,str
surrealdb_surrealdb,pulls,user.id,123,100.0,0.0,0.0,int
surrealdb_surrealdb,pulls,user.login,123,100.0,0.0,0.0,str
surrealdb_surrealdb,pulls,user.node_id,123,100.0,0.0,0.0,str
surrealdb_surrealdb,pulls,user.organizations_url,123,100.0,0.0,0.0,str
surrealdb_surrealdb,pulls,user.received_events_url,123,100.0,0.0,0.0,str
surrealdb_surrealdb,pulls,user.repos_url,123,100.0,0.0,0.0,str
surrealdb_surrealdb,pulls,user.site_admin,123,100.0,0.0,0.0,bool
surrealdb_surrealdb,pulls,user.starred_url,123,100.0,0.0,0.0,str
surrealdb_surrealdb,pulls,user.subscriptions_url,123,100.0,0.0,0.0,str
surrealdb_surrealdb,pulls,user.type,123,100.0,0.0,0.0,str
surrealdb_surrealdb,pulls,user.url,123,100.0,0.0,0.0,str
surrealdb_surrealdb,pulls,user.user_view_type,123,100.0,0.0,0.0,str
surrealdb_surrealdb,releases,assets,150,100.0,0.0,0.0,list
surrealdb_surrealdb,releases,assets_url,150,100.0,0.0,0.0,str
surrealdb_surrealdb,releases,author.avatar_url,150,100.0,0.0,0.0,str
surrealdb_surrealdb,releases,author.events_url,150,100.0,0.0,0.0,str
surrealdb_surrealdb,releases,author.followers_url,150,100.0,0.0,0.0,str
surrealdb_surrealdb,releases,author.following_url,150,100.0,0.0,0.0,str
surrealdb_surrealdb,releases,author.gists_url,150,100.0,0.0,0.0,str
surrealdb_surrealdb,releases,author.gravatar_id,150,100.0,0.0,100.0,str
surrealdb_surrealdb,releases,author.html_url,150,100.0,0.0,0.0,str
surrealdb_surrealdb,releases,author.id,150,100.0,0.0,0.0,int
surrealdb_surrealdb,releases,author.login,150,100.0,0.0,0.0,str
surrealdb_surrealdb,releases,author.node_id,150,100.0,0.0,0.0,str
surrealdb_surrealdb,releases,author.organizations_url,150,100.0,0.0,0.0,str
surrealdb_surrealdb,releases,author.received_events_url,150,100.0,0.0,0.0,str
surrealdb_surrealdb,releases,author.repos_url,150,100.0,0.0,0.0,str
surrealdb_surrealdb,releases,author.site_admin,150,100.0,0.0,0.0,bool
surrealdb_surrealdb,releases,author.starred_url,150,100.0,0.0,0.0,str
surrealdb_surrealdb,releases,author.subscriptions_url,150,100.0,0.0,0.0,str
surrealdb_surrealdb,releases,author.type,150,100.0,0.0,0.0,str
surrealdb_surrealdb,releases,author.url,150,100.0,0.0,0.0,str
surrealdb_surrealdb,releases,author.user_view_type,150,100.0,0.0,0.0,str
surrealdb_surrealdb,releases,body,150,100.0,0.0,38.0,str
surrealdb_surrealdb,releases,created_at,150,100.0,0.0,0.0,str
surrealdb_surrealdb,releases,draft,150,100.0,0.0,0.0,bool
surrealdb_surrealdb,releases,html_url,150,100.0,0.0,0.0,str
surrealdb_surrealdb,releases,id,150,100.0,0.0,0.0,int
surrealdb_surrealdb,releases,immutable,150,100.0,0.0,0.0,bool
surrealdb_surrealdb,releases,name,150,100.0,0.0,0.0,str
surrealdb_surrealdb,releases,node_id,150,100.0,0.0,0.0,str
surrealdb_surrealdb,releases,prerelease,150,100.0,0.0,0.0,bool
surrealdb_surrealdb,releases,published_at,150,100.0,0.0,0.0,str
surrealdb_surrealdb,releases,reactions.+1,150,90.0,0.0,0.0,int
surrealdb_surrealdb,releases,reactions.-1,150,90.0,0.0,0.0,int
surrealdb_surrealdb,releases,reactions.confused,150,90.0,0.0,0.0,int
surrealdb_surrealdb,releases,reactions.eyes,150,90.0,0.0,0.0,int
surrealdb_surrealdb,releases,reactions.heart,150,90.0,0.0,0.0,int
surrealdb_surrealdb,releases,reactions.hooray,150,90.0,0.0,0.0,int
surrealdb_surrealdb,releases,reactions.laugh,150,90.0,0.0,0.0,int
surrealdb_surrealdb,releases,reactions.rocket,150,90.0,0.0,0.0,int
surrealdb_surrealdb,releases,reactions.total_count,150,90.0,0.0,0.0,int
surrealdb_surrealdb,releases,reactions.url,150,90.0,0.0,0.0,str
surrealdb_surrealdb,releases,tag_name,150,100.0,0.0,0.0,str
surrealdb_surrealdb,releases,tarball_url,150,100.0,0.0,0.0,str
surrealdb_surrealdb,releases,target_commitish,150,100.0,0.0,0.0,str
surrealdb_surrealdb,releases,updated_at,150,100.0,0.0,0.0,str
surrealdb_surrealdb,releases,upload_url,150,100.0,0.0,0.0,str
surrealdb_surrealdb,releases,url,150,100.0,0.0,0.0,str
surrealdb_surrealdb,releases,zipball_url,150,100.0,0.0,0.0,str
surrealdb_surrealdb,repo_metadata,allow_forking,1,100.0,0.0,0.0,bool
surrealdb_surrealdb,repo_metadata,archive_url,1,100.0,0.0,0.0,str
surrealdb_surrealdb,repo_metadata,archived,1,100.0,0.0,0.0,bool
surrealdb_surrealdb,repo_metadata,assignees_url,1,100.0,0.0,0.0,str
surrealdb_surrealdb,repo_metadata,blobs_url,1,100.0,0.0,0.0,str
surrealdb_surrealdb,repo_metadata,branches_url,1,100.0,0.0,0.0,str
surrealdb_surrealdb,repo_metadata,clone_url,1,100.0,0.0,0.0,str
surrealdb_surrealdb,repo_metadata,collaborators_url,1,100.0,0.0,0.0,str
surrealdb_surrealdb,repo_metadata,comments_url,1,100.0,0.0,0.0,str
surrealdb_surrealdb,repo_metadata,commits_url,1,100.0,0.0,0.0,str
surrealdb_surrealdb,repo_metadata,compare_url,1,100.0,0.0,0.0,str
surrealdb_surrealdb,repo_metadata,contents_url,1,100.0,0.0,0.0,str
surrealdb_surrealdb,repo_metadata,contributors_url,1,100.0,0.0,0.0,str
surrealdb_surrealdb,repo_metadata,created_at,1,100.0,0.0,0.0,str
surrealdb_surrealdb,repo_metadata,default_branch,1,100.0,0.0,0.0,str
surrealdb_surrealdb,repo_metadata,deployments_url,1,100.0,0.0,0.0,str
surrealdb_surrealdb,repo_metadata,description,1,100.0,0.0,0.0,str
surrealdb_surrealdb,repo_metadata,disabled,1,100.0,0.0,0.0,bool
surrealdb_surrealdb,repo_metadata,downloads_url,1,100.0,0.0,0.0,str
surrealdb_surrealdb,repo_metadata,events_url,1,100.0,0.0,0.0,str
surrealdb_surrealdb,repo_metadata,fork,1,100.0,0.0,0.0,bool
surrealdb_surrealdb,repo_metadata,forks,1,100.0,0.0,0.0,int
surrealdb_surrealdb,repo_metadata,forks_count,1,100.0,0.0,0.0,int
surrealdb_surrealdb,repo_metadata,forks_url,1,100.0,0.0,0.0,str
surrealdb_surrealdb,repo_metadata,full_name,1,100.0,0.0,0.0,str
surrealdb_surrealdb,repo_metadata,git_commits_url,1,100.0,0.0,0.0,str
surrealdb_surrealdb,repo_metadata,git_refs_url,1,100.0,0.0,0.0,str
surrealdb_surrealdb,repo_metadata,git_tags_url,1,100.0,0.0,0.0,str
surrealdb_surrealdb,repo_metadata,git_url,1,100.0,0.0,0.0,str
surrealdb_surrealdb,repo_metadata,has_discussions,1,100.0,0.0,0.0,bool
surrealdb_surrealdb,repo_metadata,has_downloads,1,100.0,0.0,0.0,bool
surrealdb_surrealdb,repo_metadata,has_issues,1,100.0,0.0,0.0,bool
surrealdb_surrealdb,repo_metadata,has_pages,1,100.0,0.0,0.0,bool
surrealdb_surrealdb,repo_metadata,has_projects,1,100.0,0.0,0.0,bool
surrealdb_surrealdb,repo_metadata,has_pull_requests,1,100.0,0.0,0.0,bool
surrealdb_surrealdb,repo_metadata,has_wiki,1,100.0,0.0,0.0,bool
surrealdb_surrealdb,repo_metadata,homepage,1,100.0,0.0,0.0,str
surrealdb_surrealdb,repo_metadata,hooks_url,1,100.0,0.0,0.0,str
surrealdb_surrealdb,repo_metadata,html_url,1,100.0,0.0,0.0,str
surrealdb_surrealdb,repo_metadata,id,1,100.0,0.0,0.0,int
surrealdb_surrealdb,repo_metadata,is_template,1,100.0,0.0,0.0,bool
surrealdb_surrealdb,repo_metadata,issue_comment_url,1,100.0,0.0,0.0,str
surrealdb_surrealdb,repo_metadata,issue_events_url,1,100.0,0.0,0.0,str
surrealdb_surrealdb,repo_metadata,issues_url,1,100.0,0.0,0.0,str
surrealdb_surrealdb,repo_metadata,keys_url,1,100.0,0.0,0.0,str
surrealdb_surrealdb,repo_metadata,labels_url,1,100.0,0.0,0.0,str
surrealdb_surrealdb,repo_metadata,language,1,100.0,0.0,0.0,str
surrealdb_surrealdb,repo_metadata,languages_url,1,100.0,0.0,0.0,str
surrealdb_surrealdb,repo_metadata,license.key,1,100.0,0.0,0.0,str
surrealdb_surrealdb,repo_metadata,license.name,1,100.0,0.0,0.0,str
surrealdb_surrealdb,repo_metadata,license.node_id,1,100.0,0.0,0.0,str
surrealdb_surrealdb,repo_metadata,license.spdx_id,1,100.0,0.0,0.0,str
surrealdb_surrealdb,repo_metadata,license.url,1,100.0,100.0,0.0,NoneType
surrealdb_surrealdb,repo_metadata,merges_url,1,100.0,0.0,0.0,str
surrealdb_surrealdb,repo_metadata,milestones_url,1,100.0,0.0,0.0,str
surrealdb_surrealdb,repo_metadata,mirror_url,1,100.0,100.0,0.0,NoneType
surrealdb_surrealdb,repo_metadata,name,1,100.0,0.0,0.0,str
surrealdb_surrealdb,repo_metadata,network_count,1,100.0,0.0,0.0,int
surrealdb_surrealdb,repo_metadata,node_id,1,100.0,0.0,0.0,str
surrealdb_surrealdb,repo_metadata,notifications_url,1,100.0,0.0,0.0,str
surrealdb_surrealdb,repo_metadata,open_issues,1,100.0,0.0,0.0,int
surrealdb_surrealdb,repo_metadata,open_issues_count,1,100.0,0.0,0.0,int
surrealdb_surrealdb,repo_metadata,organization.avatar_url,1,100.0,0.0,0.0,str
surrealdb_surrealdb,repo_metadata,organization.events_url,1,100.0,0.0,0.0,str
surrealdb_surrealdb,repo_metadata,organization.followers_url,1,100.0,0.0,0.0,str
surrealdb_surrealdb,repo_metadata,organization.following_url,1,100.0,0.0,0.0,str
surrealdb_surrealdb,repo_metadata,organization.gists_url,1,100.0,0.0,0.0,str
surrealdb_surrealdb,repo_metadata,organization.gravatar_id,1,100.0,0.0,100.0,str
surrealdb_surrealdb,repo_metadata,organization.html_url,1,100.0,0.0,0.0,str
surrealdb_surrealdb,repo_metadata,organization.id,1,100.0,0.0,0.0,int
surrealdb_surrealdb,repo_metadata,organization.login,1,100.0,0.0,0.0,str
surrealdb_surrealdb,repo_metadata,organization.node_id,1,100.0,0.0,0.0,str
surrealdb_surrealdb,repo_metadata,organization.organizations_url,1,100.0,0.0,0.0,str
surrealdb_surrealdb,repo_metadata,organization.received_events_url,1,100.0,0.0,0.0,str
surrealdb_surrealdb,repo_metadata,organization.repos_url,1,100.0,0.0,0.0,str
surrealdb_surrealdb,repo_metadata,organization.site_admin,1,100.0,0.0,0.0,bool
surrealdb_surrealdb,repo_metadata,organization.starred_url,1,100.0,0.0,0.0,str
surrealdb_surrealdb,repo_metadata,organization.subscriptions_url,1,100.0,0.0,0.0,str
surrealdb_surrealdb,repo_metadata,organization.type,1,100.0,0.0,0.0,str
surrealdb_surrealdb,repo_metadata,organization.url,1,100.0,0.0,0.0,str
surrealdb_surrealdb,repo_metadata,organization.user_view_type,1,100.0,0.0,0.0,str
surrealdb_surrealdb,repo_metadata,owner.avatar_url,1,100.0,0.0,0.0,str
surrealdb_surrealdb,repo_metadata,owner.events_url,1,100.0,0.0,0.0,str
surrealdb_surrealdb,repo_metadata,owner.followers_url,1,100.0,0.0,0.0,str
surrealdb_surrealdb,repo_metadata,owner.following_url,1,100.0,0.0,0.0,str
surrealdb_surrealdb,repo_metadata,owner.gists_url,1,100.0,0.0,0.0,str
surrealdb_surrealdb,repo_metadata,owner.gravatar_id,1,100.0,0.0,100.0,str
surrealdb_surrealdb,repo_metadata,owner.html_url,1,100.0,0.0,0.0,str
surrealdb_surrealdb,repo_metadata,owner.id,1,100.0,0.0,0.0,int
surrealdb_surrealdb,repo_metadata,owner.login,1,100.0,0.0,0.0,str
surrealdb_surrealdb,repo_metadata,owner.node_id,1,100.0,0.0,0.0,str
surrealdb_surrealdb,repo_metadata,owner.organizations_url,1,100.0,0.0,0.0,str
surrealdb_surrealdb,repo_metadata,owner.received_events_url,1,100.0,0.0,0.0,str
surrealdb_surrealdb,repo_metadata,owner.repos_url,1,100.0,0.0,0.0,str
surrealdb_surrealdb,repo_metadata,owner.site_admin,1,100.0,0.0,0.0,bool
surrealdb_surrealdb,repo_metadata,owner.starred_url,1,100.0,0.0,0.0,str
surrealdb_surrealdb,repo_metadata,owner.subscriptions_url,1,100.0,0.0,0.0,str
surrealdb_surrealdb,repo_metadata,owner.type,1,100.0,0.0,0.0,str
surrealdb_surrealdb,repo_metadata,owner.url,1,100.0,0.0,0.0,str
surrealdb_surrealdb,repo_metadata,owner.user_view_type,1,100.0,0.0,0.0,str
surrealdb_surrealdb,repo_metadata,permissions.admin,1,100.0,0.0,0.0,bool
surrealdb_surrealdb,repo_metadata,permissions.maintain,1,100.0,0.0,0.0,bool
surrealdb_surrealdb,repo_metadata,permissions.pull,1,100.0,0.0,0.0,bool
surrealdb_surrealdb,repo_metadata,permissions.push,1,100.0,0.0,0.0,bool
surrealdb_surrealdb,repo_metadata,permissions.triage,1,100.0,0.0,0.0,bool
surrealdb_surrealdb,repo_metadata,private,1,100.0,0.0,0.0,bool
surrealdb_surrealdb,repo_metadata,pull_request_creation_policy,1,100.0,0.0,0.0,str
surrealdb_surrealdb,repo_metadata,pulls_url,1,100.0,0.0,0.0,str
surrealdb_surrealdb,repo_metadata,pushed_at,1,100.0,0.0,0.0,str
surrealdb_surrealdb,repo_metadata,releases_url,1,100.0,0.0,0.0,str
surrealdb_surrealdb,repo_metadata,size,1,100.0,0.0,0.0,int
surrealdb_surrealdb,repo_metadata,ssh_url,1,100.0,0.0,0.0,str
surrealdb_surrealdb,repo_metadata,stargazers_count,1,100.0,0.0,0.0,int
surrealdb_surrealdb,repo_metadata,stargazers_url,1,100.0,0.0,0.0,str
surrealdb_surrealdb,repo_metadata,statuses_url,1,100.0,0.0,0.0,str
surrealdb_surrealdb,repo_metadata,subscribers_count,1,100.0,0.0,0.0,int
surrealdb_surrealdb,repo_metadata,subscribers_url,1,100.0,0.0,0.0,str
surrealdb_surrealdb,repo_metadata,subscription_url,1,100.0,0.0,0.0,str
surrealdb_surrealdb,repo_metadata,svn_url,1,100.0,0.0,0.0,str
surrealdb_surrealdb,repo_metadata,tags_url,1,100.0,0.0,0.0,str
surrealdb_surrealdb,repo_metadata,teams_url,1,100.0,0.0,0.0,str
surrealdb_surrealdb,repo_metadata,temp_clone_token,1,100.0,0.0,100.0,str
surrealdb_surrealdb,repo_metadata,topics,1,100.0,0.0,0.0,list
surrealdb_surrealdb,repo_metadata,trees_url,1,100.0,0.0,0.0,str
surrealdb_surrealdb,repo_metadata,updated_at,1,100.0,0.0,0.0,str
surrealdb_surrealdb,repo_metadata,url,1,100.0,0.0,0.0,str
surrealdb_surrealdb,repo_metadata,visibility,1,100.0,0.0,0.0,str
surrealdb_surrealdb,repo_metadata,watchers,1,100.0,0.0,0.0,int
surrealdb_surrealdb,repo_metadata,watchers_count,1,100.0,0.0,0.0,int
surrealdb_surrealdb,repo_metadata,web_commit_signoff_required,1,100.0,0.0,0.0,bool
